source_id,name,price,regular_price,isStock,image_url,brand,unit,subcategory,promotion_label,category,source_url
20000028390007,Soğan Kuru (Yeni Mahsul) Kg,19.9,19.9,True,https://images.migrosone.com/sanalmarket/product/28390007/28390007_1-d75a50-105x105.jpg,Reyondan,GRAM,"Patates, Soğan, Sarımsak",İyi Fiyat,meyve-sebze,https://www.migros.com.tr/rest/search/screens/meyve-sebze-c-2?reid=1778320782858000001&sayfa=1
20000028293387,Patates Yeni Mahsul Kg,41.95,41.95,True,https://images.migrosone.com/sanalmarket/product/28293387/28293387_1-2e2447-105x105.jpg,Reyondan,GRAM,"Patates, Soğan, Sarımsak",,meyve-sebze,https://www.migros.com.tr/rest/search/screens/meyve-sebze-c-2?reid=1778320782858000001&sayfa=1
20000027270000,Muz Yerli Kg,102.95,102.95,True,https://images.migrosone.com/sanalmarket/product/27270000/muz-yerli-kg-9d3d01-105x105.jpg,Reyondan,GRAM,Egzotik Meyveler,,meyve-sebze,https://www.migros.com.tr/rest/search/screens/meyve-sebze-c-2?reid=1778320782858000001&sayfa=1
20000028130000,Hıyar Kg,41.5,41.5,True,https://images.migrosone.com/sanalmarket/product/28130000/28130000_1-97c4cf-105x105.jpg,Reyondan,GRAM,Mevsim Sebzeleri,,meyve-sebze,https://www.migros.com.tr/rest/search/screens/meyve-sebze-c-2?reid=1778320782858000001&sayfa=1
20000027260002,Limon Kg,136.5,136.5,True,https://images.migrosone.com/sanalmarket/product/27260002/limon-kg-fbc52a-105x105.jpg,Reyondan,GRAM,Narenciye,,meyve-sebze,https://www.migros.com.tr/rest/search/screens/meyve-sebze-c-2?reid=1778320782858000001&sayfa=1
20000028091000,Domates Kokteyl Kg,89.95,89.95,True,https://images.migrosone.com/sanalmarket/product/28091000/28091000_1-936444-105x105.jpg,Reyondan,GRAM,Mevsim Sebzeleri,İyi Fiyat,meyve-sebze,https://www.migros.com.tr/rest/search/screens/meyve-sebze-c-2?reid=1778320782858000001&sayfa=1
20000028260009,Maydanoz Adet,31.5,31.5,True,https://images.migrosone.com/sanalmarket/product/28260009/maydanoz-adet-659b84-105x105.jpg,Reyondan,PIECE,"Otlar, Yeşillikler",,meyve-sebze,https://www.migros.com.tr/rest/search/screens/meyve-sebze-c-2?reid=1778320782858000001&sayfa=1
20000028130013,Hıyar Badem Paket Kg,83.95,83.95,True,https://images.migrosone.com/sanalmarket/product/28130013/28130013_1-7377ec-105x105.jpg,Reyondan,GRAM,Mevsim Sebzeleri,,meyve-sebze,https://www.migros.com.tr/rest/search/screens/meyve-sebze-c-2?reid=1778320782858000001&sayfa=1
20000028340009,Roka Demet,29.5,29.5,True,https://images.migrosone.com/sanalmarket/product/28340009/roka-demet-efff5f-105x105.jpg,Reyondan,PIECE,"Otlar, Yeşillikler",,meyve-sebze,https://www.migros.com.tr/rest/search/screens/meyve-sebze-c-2?reid=1778320782858000001&sayfa=1
20000027081000,Çilek Kg,180.5,180.5,True,https://images.migrosone.com/sanalmarket/product/27081000/27081000-7e292e-105x105.jpg,Reyondan,GRAM,Yumuşak Meyveler,,meyve-sebze,https://www.migros.com.tr/rest/search/screens/meyve-sebze-c-2?reid=1778320782858000001&sayfa=1
20000028129017,Havuç Beypazarı Paket Kg,78.95,78.95,True,https://images.migrosone.com/sanalmarket/product/28129017/28129017_1-c3a2f6-105x105.jpg,Reyondan,GRAM,Mevsim Sebzeleri,,meyve-sebze,https://www.migros.com.tr/rest/search/screens/meyve-sebze-c-2?reid=1778320782858000001&sayfa=1
20000028080000,Domates Kg,102.95,102.95,True,https://images.migrosone.com/sanalmarket/product/28080000/28080000_1-c12d3b-105x105.jpg,Reyondan,GRAM,Mevsim Sebzeleri,,meyve-sebze,https://www.migros.com.tr/rest/search/screens/meyve-sebze-c-2?reid=1778320782858000001&sayfa=1
20000028160000,Kabak Sakız Kg,49.95,49.95,True,https://images.migrosone.com/sanalmarket/product/28160000/28160000_1-9a2b7c-105x105.jpg,Reyondan,GRAM,Mevsim Sebzeleri,İyi Fiyat,meyve-sebze,https://www.migros.com.tr/rest/search/screens/meyve-sebze-c-2?reid=1778320782858000001&sayfa=1
20000027210000,Kayısı Kg,89.95,89.95,True,https://images.migrosone.com/sanalmarket/product/27210000/kayisi-kg-d2e1e6-105x105.jpg,Reyondan,GRAM,Yumuşak Meyveler,,meyve-sebze,https://www.migros.com.tr/rest/search/screens/meyve-sebze-c-2?reid=1778320782858000001&sayfa=1
20000027271000,Muz İthal Kg,144.5,144.5,True,https://images.migrosone.com/sanalmarket/product/27271000/27271000_1-25552e-105x105.jpg,Reyondan,GRAM,Egzotik Meyveler,,meyve-sebze,https://www.migros.com.tr/rest/search/screens/meyve-sebze-c-2?reid=1778320782858000001&sayfa=1
20000028360089,Salata Kıvırcık Adet,59.95,59.95,True,https://images.migrosone.com/sanalmarket/product/28360089/salata-kivircik-adet-da42ae-105x105.jpg,Reyondan,PIECE,"Otlar, Yeşillikler",İyi Fiyat,meyve-sebze,https://www.migros.com.tr/rest/search/screens/meyve-sebze-c-2?reid=1778320782858000001&sayfa=1
20000028089034,Domates Pembe Kg,175.5,175.5,True,https://images.migrosone.com/sanalmarket/product/28089034/28089034_1-83d71a-105x105.jpg,Reyondan,GRAM,Mevsim Sebzeleri,,meyve-sebze,https://www.migros.com.tr/rest/search/screens/meyve-sebze-c-2?reid=1778320782858000001&sayfa=1
20000028051000,Biber Çarliston Kg,49.95,49.95,True,https://images.migrosone.com/sanalmarket/product/28051000/28051000_1-0cb43c-105x105.jpg,Reyondan,GRAM,Mevsim Sebzeleri,,meyve-sebze,https://www.migros.com.tr/rest/search/screens/meyve-sebze-c-2?reid=1778320782858000001&sayfa=1
20000027585012,Yaban Mersini 125 G Paket,89.95,89.95,True,https://images.migrosone.com/sanalmarket/product/27585012/27585012_1-d6ffb0-105x105.jpg,Excelente,PIECE,Egzotik Meyveler,İyi Fiyat,meyve-sebze,https://www.migros.com.tr/rest/search/screens/meyve-sebze-c-2?reid=1778320782858000001&sayfa=1
20000028303000,Patlıcan Kemer Kg,39.95,39.95,True,https://images.migrosone.com/sanalmarket/product/28303000/patlican-kemer-kg-2ac52c-105x105.jpg,Reyondan,GRAM,Mevsim Sebzeleri,İyi Fiyat,meyve-sebze,https://www.migros.com.tr/rest/search/screens/meyve-sebze-c-2?reid=1778320782858000001&sayfa=1
20000028113001,Fasulye Çalı Paket Kg,136.5,136.5,True,https://images.migrosone.com/sanalmarket/product/28113001/fasulye-cali-paket-kg-34885d-105x105.jpg,Reyondan,GRAM,Mevsim Sebzeleri,,meyve-sebze,https://www.migros.com.tr/rest/search/screens/meyve-sebze-c-2?reid=1778320782858000001&sayfa=1
20000028010004,Avokado Adet,34.95,34.95,True,https://images.migrosone.com/sanalmarket/product/28010004/28010004-10a053-105x105.jpg,Reyondan,PIECE,Egzotik Meyveler,İyi Fiyat,meyve-sebze,https://www.migros.com.tr/rest/search/screens/meyve-sebze-c-2?reid=1778320782858000001&sayfa=1
20000027117000,Erik Papaz Kg,179.9,179.9,True,https://images.migrosone.com/sanalmarket/product/27117000/erik-papaz-kg-1fadbe-105x105.jpg,Reyondan,GRAM,Yumuşak Meyveler,İyi Fiyat,meyve-sebze,https://www.migros.com.tr/rest/search/screens/meyve-sebze-c-2?reid=1778320782858000001&sayfa=1
20000028087000,Domates Salkım Kg,99.95,99.95,True,https://images.migrosone.com/sanalmarket/product/28087000/28087000_1-8119e5-105x105.jpg,Reyondan,GRAM,Mevsim Sebzeleri,İyi Fiyat,meyve-sebze,https://www.migros.com.tr/rest/search/screens/meyve-sebze-c-2?reid=1778320782858000001&sayfa=1
20000028380106,Semizotu Adet,57.95,57.95,True,https://images.migrosone.com/sanalmarket/product/28380106/semizotu-adet-f0339b-105x105.jpg,Reyondan,PIECE,"Otlar, Yeşillikler",,meyve-sebze,https://www.migros.com.tr/rest/search/screens/meyve-sebze-c-2?reid=1778320782858000001&sayfa=1
20000028060009,Dereotu Adet,36.95,36.95,True,https://images.migrosone.com/sanalmarket/product/28060009/dereotu-adet-a47d2c-105x105.jpg,Reyondan,PIECE,"Otlar, Yeşillikler",,meyve-sebze,https://www.migros.com.tr/rest/search/screens/meyve-sebze-c-2?reid=1778320782858000001&sayfa=1
20000028370016,Atom Salata Adet,73.5,73.5,True,https://images.migrosone.com/sanalmarket/product/28370016/28370016_1-bb0048-105x105.jpg,Reyondan,PIECE,"Doğranmış, Ayıklanmış Sebzeler",,meyve-sebze,https://www.migros.com.tr/rest/search/screens/meyve-sebze-c-2?reid=1778320782858000001&sayfa=1
20000027135000,Elma Starking Kg,94.5,94.5,True,https://images.migrosone.com/sanalmarket/product/27135000/27135000_1-afad5c-105x105.jpg,Reyondan,GRAM,Sert Meyveler,,meyve-sebze,https://www.migros.com.tr/rest/search/screens/meyve-sebze-c-2?reid=1778320782858000001&sayfa=1
20000028395002,Soğan Taze Demet,78.95,78.95,True,https://images.migrosone.com/sanalmarket/product/28395002/sogan-taze-demet-1c62ec-105x105.jpg,Reyondan,PIECE,"Otlar, Yeşillikler",,meyve-sebze,https://www.migros.com.tr/rest/search/screens/meyve-sebze-c-2?reid=1778320782858000001&sayfa=1
20000028052000,Biber Dolmalık Kg,73.5,73.5,True,https://images.migrosone.com/sanalmarket/product/28052000/28052000_1-b4fa20-105x105.jpg,Reyondan,GRAM,Mevsim Sebzeleri,,meyve-sebze,https://www.migros.com.tr/rest/search/screens/meyve-sebze-c-2?reid=1778320782858000001&sayfa=1
20000027320000,Şeftali Nektarin Kg,89.9,89.9,True,https://images.migrosone.com/sanalmarket/product/27320000/seftali-nektarin-kg-a1c233-105x105.jpg,Reyondan,GRAM,Yumuşak Meyveler,İyi Fiyat,meyve-sebze,https://www.migros.com.tr/rest/search/screens/meyve-sebze-c-2?reid=1778320782858000001&sayfa=2
20000028053000,Biber Kırmızı Kg,272.95,272.95,True,https://images.migrosone.com/sanalmarket/product/28053000/biber-kirmizi-kg-4ad206-105x105.jpg,Reyondan,GRAM,Mevsim Sebzeleri,,meyve-sebze,https://www.migros.com.tr/rest/search/screens/meyve-sebze-c-2?reid=1778320782858000001&sayfa=2
20000028240403,Kültür Mantarı 400 G Paket,92.95,92.95,True,https://images.migrosone.com/sanalmarket/product/28240403/28240403-1c982b-105x105.png,Müpa,PIECE,Egzotik Sebzeler,,meyve-sebze,https://www.migros.com.tr/rest/search/screens/meyve-sebze-c-2?reid=1778320782858000001&sayfa=2
20000028054000,Biber Sivri Kg,49.95,49.95,True,https://images.migrosone.com/sanalmarket/product/28054000/28054000_1-e26f7f-105x105.jpg,Reyondan,GRAM,Mevsim Sebzeleri,İyi Fiyat,meyve-sebze,https://www.migros.com.tr/rest/search/screens/meyve-sebze-c-2?reid=1778320782858000001&sayfa=2
20000027060000,Ceviz Kabuklu Kg,189.95,189.95,True,https://images.migrosone.com/sanalmarket/product/27060000/27060000-62c1c2-105x105.jpg,Reyondan,GRAM,Kabuklu Kuruyemiş,İyi Fiyat,meyve-sebze,https://www.migros.com.tr/rest/search/screens/meyve-sebze-c-2?reid=1778320782858000001&sayfa=2
20000028280009,Nane Adet,29.5,29.5,True,https://images.migrosone.com/sanalmarket/product/28280009/28280009-5c4e11-105x105.jpg,Reyondan,PIECE,"Otlar, Yeşillikler",,meyve-sebze,https://www.migros.com.tr/rest/search/screens/meyve-sebze-c-2?reid=1778320782858000001&sayfa=2
20000027304007,Portakal Kg,60.95,60.95,True,https://images.migrosone.com/sanalmarket/product/27304007/27304007_1-a72689-105x105.jpg,Reyondan,GRAM,Narenciye,,meyve-sebze,https://www.migros.com.tr/rest/search/screens/meyve-sebze-c-2?reid=1778320782858000001&sayfa=2
20000027133000,Elma Granny Smith Kg,146.95,146.95,True,https://images.migrosone.com/sanalmarket/product/27133000/27133000_1-fe30f9-105x105.jpg,Reyondan,GRAM,Sert Meyveler,,meyve-sebze,https://www.migros.com.tr/rest/search/screens/meyve-sebze-c-2?reid=1778320782858000001&sayfa=2
20000028054104,Köy Biberi  Kg,73.5,73.5,True,https://images.migrosone.com/sanalmarket/product/28054104/28054104_1-462c19-105x105.jpg,Reyondan,GRAM,Mevsim Sebzeleri,,meyve-sebze,https://www.migros.com.tr/rest/search/screens/meyve-sebze-c-2?reid=1778320782858000001&sayfa=2
20000028089140,Tatlı Domates 250 G Paket Adet,49.95,49.95,True,https://images.migrosone.com/sanalmarket/product/28089140/28089140-f58bce-105x105.jpg,Reyondan,PIECE,Mevsim Sebzeleri,İyi Fiyat,meyve-sebze,https://www.migros.com.tr/rest/search/screens/meyve-sebze-c-2?reid=1778320782858000001&sayfa=2
20000028200029,Yerli Kuşkonmaz Paket 300 G,89.95,89.95,True,https://images.migrosone.com/sanalmarket/product/28200029/28200029_1-8a0110-105x105.jpg,Nomad,PIECE,Egzotik Sebzeler,İyi Fiyat,meyve-sebze,https://www.migros.com.tr/rest/search/screens/meyve-sebze-c-2?reid=1778320782858000001&sayfa=2
20000027025000,Armut Deveci Kg,123.95,123.95,True,https://images.migrosone.com/sanalmarket/product/27025000/27025000_1-d9ee1c-105x105.jpg,Reyondan,GRAM,Sert Meyveler,,meyve-sebze,https://www.migros.com.tr/rest/search/screens/meyve-sebze-c-2?reid=1778320782858000001&sayfa=2
20000028020000,Bakla Sakız Kg,99.95,99.95,True,https://images.migrosone.com/sanalmarket/product/28020000/bakla-sakiz-kg-9d0cdf-105x105.jpg,Reyondan,GRAM,Mevsim Sebzeleri,İyi Fiyat,meyve-sebze,https://www.migros.com.tr/rest/search/screens/meyve-sebze-c-2?reid=1778320782858000001&sayfa=2
20000028380099,Pancar Kg,99.95,99.95,True,https://images.migrosone.com/sanalmarket/product/28380099/pancar-kg-ff8ae5-105x105.jpg,Reyondan,GRAM,Mevsim Sebzeleri,,meyve-sebze,https://www.migros.com.tr/rest/search/screens/meyve-sebze-c-2?reid=1778320782858000001&sayfa=2
20000028054017,Biber Sivri Kıl Kg,104.95,104.95,True,https://images.migrosone.com/sanalmarket/product/28054017/28054017_1-659fbf-105x105.jpg,Reyondan,GRAM,Mevsim Sebzeleri,,meyve-sebze,https://www.migros.com.tr/rest/search/screens/meyve-sebze-c-2?reid=1778320782858000001&sayfa=2
20000027501003,Ananas Adet,167.95,167.95,True,https://images.migrosone.com/sanalmarket/product/27501003/27501003_1-86bf6d-105x105.jpg,Reyondan,PIECE,Egzotik Meyveler,,meyve-sebze,https://www.migros.com.tr/rest/search/screens/meyve-sebze-c-2?reid=1778320782858000001&sayfa=2
20000027245001,Kiraz 250 G Paket Adet,104.95,104.95,True,https://images.migrosone.com/sanalmarket/product/27245001/27245001-25b203-105x105.jpg,Reyondan,PIECE,Yumuşak Meyveler,,meyve-sebze,https://www.migros.com.tr/rest/search/screens/meyve-sebze-c-2?reid=1778320782858000001&sayfa=2
20000028180000,Brokoli Kg,167.95,167.95,True,https://images.migrosone.com/sanalmarket/product/28180000/brokoli-kg-3731a0-105x105.jpg,Reyondan,GRAM,Mevsim Sebzeleri,,meyve-sebze,https://www.migros.com.tr/rest/search/screens/meyve-sebze-c-2?reid=1778320782858000001&sayfa=2
20000028120036,Havuç Çıtır 250 G Paket Adet,31.5,31.5,True,https://images.migrosone.com/sanalmarket/product/28120036/28120036-a19bd0-105x105.jpg,Reyondan,PIECE,Mevsim Sebzeleri,,meyve-sebze,https://www.migros.com.tr/rest/search/screens/meyve-sebze-c-2?reid=1778320782858000001&sayfa=2
20000027310000,Şeftali Kg,102.95,102.95,True,https://images.migrosone.com/sanalmarket/product/27310000/seftali-kg-6780b4-105x105.jpg,Reyondan,GRAM,Yumuşak Meyveler,,meyve-sebze,https://www.migros.com.tr/rest/search/screens/meyve-sebze-c-2?reid=1778320782858000001&sayfa=2
20000028041000,Bezelye Araka Kg,99.95,99.95,True,https://images.migrosone.com/sanalmarket/product/28041000/bezelye-araka-kg-4eee43-105x105.jpg,Reyondan,GRAM,Mevsim Sebzeleri,İyi Fiyat,meyve-sebze,https://www.migros.com.tr/rest/search/screens/meyve-sebze-c-2?reid=1778320782858000001&sayfa=2
20000027300001,Portakal Sıkma File Kg,45.5,45.5,True,https://images.migrosone.com/sanalmarket/product/27300001/portakal-sikma-file-kg-ort-3-kg-1717ca-105x105.jpg,Reyondan,GRAM,Narenciye,,meyve-sebze,https://www.migros.com.tr/rest/search/screens/meyve-sebze-c-2?reid=1778320782858000001&sayfa=2
20000027136000,Elma Gala Kg,104.95,104.95,True,https://images.migrosone.com/sanalmarket/product/27136000/27136000_1-2d0030-105x105.jpg,Reyondan,GRAM,Sert Meyveler,,meyve-sebze,https://www.migros.com.tr/rest/search/screens/meyve-sebze-c-2?reid=1778320782858000001&sayfa=2
20000027250000,Kivi Kg,154.5,154.5,True,https://images.migrosone.com/sanalmarket/product/27250000/kivi-kg-29d482-105x105.jpg,Reyondan,GRAM,Egzotik Meyveler,,meyve-sebze,https://www.migros.com.tr/rest/search/screens/meyve-sebze-c-2?reid=1778320782858000001&sayfa=2
20000028170000,Karnabahar Kg,83.95,83.95,True,https://images.migrosone.com/sanalmarket/product/28170000/karnabahar-kg-def0a7-105x105.jpg,Reyondan,GRAM,Mevsim Sebzeleri,,meyve-sebze,https://www.migros.com.tr/rest/search/screens/meyve-sebze-c-2?reid=1778320782858000001&sayfa=2
20000028200015,Kuzu Kulağı Demet,47.5,47.5,True,https://images.migrosone.com/sanalmarket/product/28200015/28200015_1-1a6bba-105x105.jpg,Reyondan,PIECE,"Otlar, Yeşillikler",,meyve-sebze,https://www.migros.com.tr/rest/search/screens/meyve-sebze-c-2?reid=1778320782858000001&sayfa=2
20000027134512,Elma Fuji Kg,89.95,89.95,True,https://images.migrosone.com/sanalmarket/product/27134512/elma-fuji-kg-b3ad2d-105x105.jpg,Reyondan,GRAM,Sert Meyveler,İyi Fiyat,meyve-sebze,https://www.migros.com.tr/rest/search/screens/meyve-sebze-c-2?reid=1778320782858000001&sayfa=2
20000028140099,Ispanak Kg,104.95,104.95,True,https://images.migrosone.com/sanalmarket/product/28140099/ispanak-kg-f2b464-105x105.jpg,Reyondan,GRAM,"Otlar, Yeşillikler",,meyve-sebze,https://www.migros.com.tr/rest/search/screens/meyve-sebze-c-2?reid=1778320782858000001&sayfa=2
20000028292000,Patates Taze Mini Kg,94.5,94.5,True,https://images.migrosone.com/sanalmarket/product/28292000/28292000-5a834c-105x105.jpg,Reyondan,GRAM,"Patates, Soğan, Sarımsak",,meyve-sebze,https://www.migros.com.tr/rest/search/screens/meyve-sebze-c-2?reid=1778320782858000001&sayfa=2
20000028247203,Mantar İstridye 200 G,83.95,83.95,True,https://images.migrosone.com/sanalmarket/product/28247203/28247203_1-027f84-105x105.jpg,Reyondan,PIECE,Egzotik Sebzeler,,meyve-sebze,https://www.migros.com.tr/rest/search/screens/meyve-sebze-c-2?reid=1778320782858000001&sayfa=2
20000027028000,Armut Santa Maria Kg,136.5,136.5,True,https://images.migrosone.com/sanalmarket/product/27028000/27028000_1-16d0e3-105x105.jpg,Reyondan,GRAM,Sert Meyveler,,meyve-sebze,https://www.migros.com.tr/rest/search/screens/meyve-sebze-c-2?reid=1778320782858000001&sayfa=3
20000028470010,Turp Kırmızı Demet,45.5,45.5,True,https://images.migrosone.com/sanalmarket/product/28470010/turp-kirmizi-demet-72ffb0-105x105.jpg,Reyondan,PIECE,"Otlar, Yeşillikler",,meyve-sebze,https://www.migros.com.tr/rest/search/screens/meyve-sebze-c-2?reid=1778320782858000001&sayfa=3
20000028320005,Pazı Demet,41.95,41.95,True,https://images.migrosone.com/sanalmarket/product/28320005/pazi-demet-0225c8-105x105.jpg,Reyondan,PIECE,"Otlar, Yeşillikler",,meyve-sebze,https://www.migros.com.tr/rest/search/screens/meyve-sebze-c-2?reid=1778320782858000001&sayfa=3
20000027134000,Elma Golden Kg,125.95,125.95,True,https://images.migrosone.com/sanalmarket/product/27134000/27134000_1-9f87a2-105x105.jpg,Reyondan,GRAM,Sert Meyveler,,meyve-sebze,https://www.migros.com.tr/rest/search/screens/meyve-sebze-c-2?reid=1778320782858000001&sayfa=3
20000028293023,Patates Tatlı İthal Kg,157.5,157.5,True,https://images.migrosone.com/sanalmarket/product/28293023/28293023-bb5ecc-105x105.jpg,Reyondan,GRAM,Egzotik Sebzeler,,meyve-sebze,https://www.migros.com.tr/rest/search/screens/meyve-sebze-c-2?reid=1778320782858000001&sayfa=3
20000027272000,Muz Organik Kg,149.95,149.95,True,https://images.migrosone.com/sanalmarket/product/27272000/27272000-8186c2-105x105.jpg,Reyondan,GRAM,Egzotik Meyveler,,meyve-sebze,https://www.migros.com.tr/rest/search/screens/meyve-sebze-c-2?reid=1778320782858000001&sayfa=3
20000028250540,Migros Yemeye Hazır Karışık Kap Salata 200 G,59.9,59.9,True,https://images.migrosone.com/sanalmarket/product/28250540/28250540_1-2ef71a-105x105.jpg,Migros,PIECE,"Otlar, Yeşillikler",İyi Fiyat | MİGROSKOP,meyve-sebze,https://www.migros.com.tr/rest/search/screens/meyve-sebze-c-2?reid=1778320782858000001&sayfa=3
20000027203000,Kavun Sera Kg,74.95,74.95,True,https://images.migrosone.com/sanalmarket/product/27203000/kavun-sera-kg-81329f-105x105.jpg,Reyondan,GRAM,Kavun ve Karpuz,İyi Fiyat,meyve-sebze,https://www.migros.com.tr/rest/search/screens/meyve-sebze-c-2?reid=1778320782858000001&sayfa=3
20000028270004,Mısır Taze Adet,49.95,49.95,True,https://images.migrosone.com/sanalmarket/product/28270004/misir-adet-d61636-105x105.jpg,Reyondan,PIECE,Mevsim Sebzeleri,İyi Fiyat,meyve-sebze,https://www.migros.com.tr/rest/search/screens/meyve-sebze-c-2?reid=1778320782858000001&sayfa=3
20000028100004,Enginar Adet,68.5,68.5,True,https://images.migrosone.com/sanalmarket/product/28100004/enginar-adet-4bfdc2-105x105.jpg,Reyondan,PIECE,"Otlar, Yeşillikler",,meyve-sebze,https://www.migros.com.tr/rest/search/screens/meyve-sebze-c-2?reid=1778320782858000001&sayfa=3
20000028250009,Marul Adet,99.95,99.95,True,https://images.migrosone.com/sanalmarket/product/28250009/marul-adet-8ff30a-105x105.jpg,Reyondan,PIECE,"Otlar, Yeşillikler",,meyve-sebze,https://www.migros.com.tr/rest/search/screens/meyve-sebze-c-2?reid=1778320782858000001&sayfa=3
20000028253039,Eurofresh Yıkanmış Kıvırcık Marul 150 G,78.95,78.95,True,https://images.migrosone.com/sanalmarket/product/28253039/28253039-24bf72-105x105.jpg,Eurofresh,PIECE,"Doğranmış, Ayıklanmış Sebzeler",,meyve-sebze,https://www.migros.com.tr/rest/search/screens/meyve-sebze-c-2?reid=1778320782858000001&sayfa=3
20000028379700,Eurofresh Yıkanmış Hazır Ispanak 700 G,141.95,141.95,True,https://images.migrosone.com/sanalmarket/product/28379700/28379700-b6cfc3-105x105.jpg,Eurofresh,PIECE,"Otlar, Yeşillikler",,meyve-sebze,https://www.migros.com.tr/rest/search/screens/meyve-sebze-c-2?reid=1778320782858000001&sayfa=3
20000028253040,Eurofresh Yıkanmış Marul Mix Salata 170 G,94.5,94.5,True,https://images.migrosone.com/sanalmarket/product/28253040/28253040-cebc1c-105x105.jpg,Eurofresh,PIECE,"Doğranmış, Ayıklanmış Sebzeler",,meyve-sebze,https://www.migros.com.tr/rest/search/screens/meyve-sebze-c-2?reid=1778320782858000001&sayfa=3
20000027590000,Lime Paket 4'lü 250 G,83.95,83.95,True,https://images.migrosone.com/sanalmarket/product/27590000/27590000-ca9e92-105x105.jpg,Excelente,PIECE,Egzotik Meyveler,,meyve-sebze,https://www.migros.com.tr/rest/search/screens/meyve-sebze-c-2?reid=1778320782858000001&sayfa=3
20000028089026,Domates Yerli Kg,154.5,154.5,True,https://images.migrosone.com/sanalmarket/product/28089026/28089026-0b8474-105x105.jpg,Reyondan,GRAM,Mevsim Sebzeleri,,meyve-sebze,https://www.migros.com.tr/rest/search/screens/meyve-sebze-c-2?reid=1778320782858000001&sayfa=3
20000028301000,Patlıcan Bostan Kg,52.5,52.5,True,https://images.migrosone.com/sanalmarket/product/28301000/patlican-bostan-kg-5c5df2-105x105.jpg,Reyondan,GRAM,Mevsim Sebzeleri,,meyve-sebze,https://www.migros.com.tr/rest/search/screens/meyve-sebze-c-2?reid=1778320782858000001&sayfa=3
20000028345003,Reyhan Demet,57.95,57.95,True,https://images.migrosone.com/sanalmarket/product/28345003/reyhan-demet-d4af22-105x105.jpg,Reyondan,PIECE,"Otlar, Yeşillikler",,meyve-sebze,https://www.migros.com.tr/rest/search/screens/meyve-sebze-c-2?reid=1778320782858000001&sayfa=3
20000028089127,Erüst Mini Mini Domates 250 G,63.95,63.95,True,https://images.migrosone.com/sanalmarket/product/28089127/28089127-b4a832-105x105.jpg,Erüst,PIECE,Mevsim Sebzeleri,,meyve-sebze,https://www.migros.com.tr/rest/search/screens/meyve-sebze-c-2?reid=1778320782858000001&sayfa=3
20000027338086,Üzüm Beyaz İthal 500 G Paket Adet,205.95,205.95,True,https://images.migrosone.com/sanalmarket/product/27338086/27338086-b2153c-105x105.jpg,Reyondan,PIECE,Yumuşak Meyveler,,meyve-sebze,https://www.migros.com.tr/rest/search/screens/meyve-sebze-c-2?reid=1778320782858000001&sayfa=3
20000028119903,Fesleğen Demet,62.95,62.95,True,https://images.migrosone.com/sanalmarket/product/28119903/feslegen-demet-50fba7-105x105.jpg,Reyondan,PIECE,"Otlar, Yeşillikler",,meyve-sebze,https://www.migros.com.tr/rest/search/screens/meyve-sebze-c-2?reid=1778320782858000001&sayfa=3
20000027084045,Erüst Çilek 200 Gr Paket Adet,83.95,83.95,True,https://images.migrosone.com/sanalmarket/product/27084045/27084045-b1f931-105x105.jpg,Erüst,PIECE,Yumuşak Meyveler,,meyve-sebze,https://www.migros.com.tr/rest/search/screens/meyve-sebze-c-2?reid=1778320782858000001&sayfa=3
20000027120000,Erik Malta Kg,205.95,205.95,True,https://images.migrosone.com/sanalmarket/product/27120000/27120000-09755f-105x105.jpg,Reyondan,GRAM,Yumuşak Meyveler,,meyve-sebze,https://www.migros.com.tr/rest/search/screens/meyve-sebze-c-2?reid=1778320782858000001&sayfa=3
20000028059081,Biber Acı Şili Kırmızı Kg,209.95,209.95,True,https://images.migrosone.com/sanalmarket/product/28059081/biber-aci-sili-kirmizi-kg-df14a3-105x105.jpg,Reyondan,GRAM,Mevsim Sebzeleri,,meyve-sebze,https://www.migros.com.tr/rest/search/screens/meyve-sebze-c-2?reid=1778320782858000001&sayfa=3
20000028600001,Zencefil Kg,241.5,241.5,True,https://images.migrosone.com/sanalmarket/product/28600001/zencefil-kg-fd82e8-105x105.jpg,Reyondan,GRAM,Egzotik Sebzeler,,meyve-sebze,https://www.migros.com.tr/rest/search/screens/meyve-sebze-c-2?reid=1778320782858000001&sayfa=3
20000028379696,Eurofresh Doğranmş Karışık Akdeniz Salata 150 G,120.95,120.95,True,https://images.migrosone.com/sanalmarket/product/28379696/28379696-a7b43a-105x105.jpg,Eurofresh,PIECE,"Doğranmış, Ayıklanmış Sebzeler",,meyve-sebze,https://www.migros.com.tr/rest/search/screens/meyve-sebze-c-2?reid=1778320782858000001&sayfa=3
20000027191000,Karpuz Kg,49.9,49.9,True,https://images.migrosone.com/sanalmarket/product/27191000/karpuz-kg-ort-8-kg-9f33c7-105x105.jpg,Reyondan,GRAM,Kavun ve Karpuz,İyi Fiyat,meyve-sebze,https://www.migros.com.tr/rest/search/screens/meyve-sebze-c-2?reid=1778320782858000001&sayfa=3
20000028230000,Lahana Kırmızı Kg,157.5,157.5,True,https://images.migrosone.com/sanalmarket/product/28230000/lahana-kirmizi-kg-ort-900-g-2b1b4c-105x105.jpg,Reyondan,GRAM,Mevsim Sebzeleri,,meyve-sebze,https://www.migros.com.tr/rest/search/screens/meyve-sebze-c-2?reid=1778320782858000001&sayfa=3
20000028052010,Biber Dolma Amerikan Kg,157.5,157.5,True,https://images.migrosone.com/sanalmarket/product/28052010/biber-dolma-amerikan-kg-84d8e7-105x105.jpg,Reyondan,GRAM,Mevsim Sebzeleri,,meyve-sebze,https://www.migros.com.tr/rest/search/screens/meyve-sebze-c-2?reid=1778320782858000001&sayfa=3
20000027585017,Verita Dr. Blue Blueberry 125 G Paket,257.5,257.5,True,https://images.migrosone.com/sanalmarket/product/27585017/27585017-939c61-105x105.jpg,Verita,PIECE,Egzotik Meyveler,,meyve-sebze,https://www.migros.com.tr/rest/search/screens/meyve-sebze-c-2?reid=1778320782858000001&sayfa=4
20000027060004,M Life Organik Ceviz Kg,299.95,299.95,True,https://images.migrosone.com/sanalmarket/product/27060004/m-life-organik-ceviz-kg-7ea036-105x105.jpg,M Life,GRAM,Kabuklu Kuruyemiş,,meyve-sebze,https://www.migros.com.tr/rest/search/screens/meyve-sebze-c-2?reid=1778320782858000001&sayfa=4
20000027860026,Üzüm Çekirdeksiz Kırmızı İthal 500 G Paket Adet,205.95,205.95,True,https://images.migrosone.com/sanalmarket/product/27860026/27860026_1-92de70-105x105.jpg,Reyondan,PIECE,Yumuşak Meyveler,,meyve-sebze,https://www.migros.com.tr/rest/search/screens/meyve-sebze-c-2?reid=1778320782858000001&sayfa=4
20000028100018,Enginar 3'lü Kova,199.5,199.5,True,https://images.migrosone.com/sanalmarket/product/28100018/28100018-4bfdc2-105x105.jpg,Reyondan,PIECE,"Otlar, Yeşillikler",,meyve-sebze,https://www.migros.com.tr/rest/search/screens/meyve-sebze-c-2?reid=1778320782858000001&sayfa=4
20000028310003,Freshes Haşlanmış Kırmızı Küp Pancar 200 G,104.95,104.95,True,https://images.migrosone.com/sanalmarket/product/28310003/28310003-6eaaf6-105x105.jpg,Freshes,PIECE,"Doğranmış, Ayıklanmış Sebzeler",,meyve-sebze,https://www.migros.com.tr/rest/search/screens/meyve-sebze-c-2?reid=1778320782858000001&sayfa=4
20000028400000,Soğan Arpacık Kg,167.95,167.95,True,https://images.migrosone.com/sanalmarket/product/28400000/sogan-arpacik-kg-efc5de-105x105.jpg,Reyondan,GRAM,"Patates, Soğan, Sarımsak",,meyve-sebze,https://www.migros.com.tr/rest/search/screens/meyve-sebze-c-2?reid=1778320782858000001&sayfa=4
20000027585018,Verita Yemeye Hazır Mango Adet,185.5,185.5,True,https://images.migrosone.com/sanalmarket/product/27585018/verita-yemeye-hazir-mango-adet-e0b19c-105x105.jpg,Verita,PIECE,Egzotik Meyveler,,meyve-sebze,https://www.migros.com.tr/rest/search/screens/meyve-sebze-c-2?reid=1778320782858000001&sayfa=4
20000028130018,Dikenli Hıyar,104.95,104.95,True,https://images.migrosone.com/sanalmarket/product/28130018/28130018-0ae913-105x105.jpg,Reyondan,GRAM,Mevsim Sebzeleri,,meyve-sebze,https://www.migros.com.tr/rest/search/screens/meyve-sebze-c-2?reid=1778320782858000001&sayfa=4
20000028341016,Lolorosso Adet,83.95,83.95,True,https://images.migrosone.com/sanalmarket/product/28341016/lolorosso-adet-51f775-105x105.jpg,Reyondan,PIECE,"Otlar, Yeşillikler",,meyve-sebze,https://www.migros.com.tr/rest/search/screens/meyve-sebze-c-2?reid=1778320782858000001&sayfa=4
20000028091020,Domates Kokteyl 500 G Erüst,102.95,102.95,True,https://images.migrosone.com/sanalmarket/product/28091020/domates-kokteyl-500-gr-erust-28a3c0-105x105.jpg,Erüst,PIECE,Mevsim Sebzeleri,,meyve-sebze,https://www.migros.com.tr/rest/search/screens/meyve-sebze-c-2?reid=1778320782858000001&sayfa=4
20000027520003,Hindistan Cevizi Adet,73.5,73.5,True,https://images.migrosone.com/sanalmarket/product/27520003/27520003-56b83d-105x105.jpg,Reyondan,PIECE,Egzotik Meyveler,,meyve-sebze,https://www.migros.com.tr/rest/search/screens/meyve-sebze-c-2?reid=1778320782858000001&sayfa=4
20000028379698,Eurofresh Doğranmış Göbek Salata (Parça) 200 G,120.95,120.95,True,https://images.migrosone.com/sanalmarket/product/28379698/28379698-1c031d-105x105.jpg,Eurofresh,PIECE,"Doğranmış, Ayıklanmış Sebzeler",,meyve-sebze,https://www.migros.com.tr/rest/search/screens/meyve-sebze-c-2?reid=1778320782858000001&sayfa=4
20000028149086,Ispanak Erüst 350 G Paket Adet,71.5,71.5,True,https://images.migrosone.com/sanalmarket/product/28149086/28149086-44df7a-105x105.jpg,Erüst,PIECE,"Doğranmış, Ayıklanmış Sebzeler",,meyve-sebze,https://www.migros.com.tr/rest/search/screens/meyve-sebze-c-2?reid=1778320782858000001&sayfa=4
20000028180910,Erüst Kekik 25 G,173.5,173.5,True,https://images.migrosone.com/sanalmarket/product/28180910/28180910-3dca16-105x105.jpg,Erüst,PIECE,"Doğranmış, Ayıklanmış Sebzeler",,meyve-sebze,https://www.migros.com.tr/rest/search/screens/meyve-sebze-c-2?reid=1778320782858000001&sayfa=4
20000027260003,M Life Organik Limon Kg,199.95,199.95,True,https://images.migrosone.com/sanalmarket/product/27260003/27260003-b59891-105x105.jpg,M Life,GRAM,Narenciye,,meyve-sebze,https://www.migros.com.tr/rest/search/screens/meyve-sebze-c-2?reid=1778320782858000001&sayfa=4
20000028990030,Eurofresh Fresh Mix 200 G,110.5,110.5,True,https://images.migrosone.com/sanalmarket/product/28990030/28990030_1-67adf9-105x105.jpg,Eurofresh,PIECE,"Doğranmış, Ayıklanmış Sebzeler",,meyve-sebze,https://www.migros.com.tr/rest/search/screens/meyve-sebze-c-2?reid=1778320782858000001&sayfa=4
20000028190009,Kereviz Sap Adet Erüst,120.95,120.95,True,https://images.migrosone.com/sanalmarket/product/28190009/28190009-c8c301-105x105.jpg,Erüst,PIECE,"Doğranmış, Ayıklanmış Sebzeler",,meyve-sebze,https://www.migros.com.tr/rest/search/screens/meyve-sebze-c-2?reid=1778320782858000001&sayfa=4
20000028089121,Atıştırmalık Siyah Domates 250 G Paket,63.95,63.95,True,https://images.migrosone.com/sanalmarket/product/28089121/28089121-b26f8b-105x105.jpg,Reyondan,PIECE,Mevsim Sebzeleri,,meyve-sebze,https://www.migros.com.tr/rest/search/screens/meyve-sebze-c-2?reid=1778320782858000001&sayfa=4
20000027540040,Altın Çilek Adet 100 G,49.95,49.95,True,https://images.migrosone.com/sanalmarket/product/27540040/27540040-62463e-105x105.jpg,Excelente,PIECE,Egzotik Meyveler,İyi Fiyat,meyve-sebze,https://www.migros.com.tr/rest/search/screens/meyve-sebze-c-2?reid=1778320782858000001&sayfa=4
20000028169003,Kabak Taze Siyah Kg,62.95,62.95,True,https://images.migrosone.com/sanalmarket/product/28169003/28169003-f672fe-105x105.jpg,Reyondan,GRAM,Mevsim Sebzeleri,,meyve-sebze,https://www.migros.com.tr/rest/search/screens/meyve-sebze-c-2?reid=1778320782858000001&sayfa=4
20000028250541,Migros Yemeye Hazır Doğranmış Atom Salata 200 G,72.5,72.5,True,https://images.migrosone.com/sanalmarket/product/28250541/28250541_1-ec60a6-105x105.jpg,Migros,PIECE,"Doğranmış, Ayıklanmış Sebzeler",,meyve-sebze,https://www.migros.com.tr/rest/search/screens/meyve-sebze-c-2?reid=1778320782858000001&sayfa=4
20000028059038,Acı Şili Yeşil Biber Kg,115.5,115.5,True,https://images.migrosone.com/sanalmarket/product/28059038/28059038_1-0c5964-105x105.jpg,Reyondan,GRAM,Mevsim Sebzeleri,,meyve-sebze,https://www.migros.com.tr/rest/search/screens/meyve-sebze-c-2?reid=1778320782858000001&sayfa=4
20000028350384,Aressa Sarımsak Püresi Paket Adet 100 G,125.95,125.95,True,https://images.migrosone.com/sanalmarket/product/28350384/28350384_1-fa37aa-105x105.png,Aressa,PIECE,"Patates, Soğan, Sarımsak",,meyve-sebze,https://www.migros.com.tr/rest/search/screens/meyve-sebze-c-2?reid=1778320782858000001&sayfa=4
20000028232018,Eurofresh Doğranmış Kırmızı Lahana 300 Gr,73.5,73.5,True,https://images.migrosone.com/sanalmarket/product/28232018/28232018-c2ccf0-105x105.JPG,Eurofresh,PIECE,"Doğranmış, Ayıklanmış Sebzeler",,meyve-sebze,https://www.migros.com.tr/rest/search/screens/meyve-sebze-c-2?reid=1778320782858000001&sayfa=4
20000028344753,Migros Yemeye Hazır Roka Kap Salata 200 G,102.95,102.95,True,https://images.migrosone.com/sanalmarket/product/28344753/28344753_1-2b3f6b-105x105.jpg,Migros,PIECE,"Otlar, Yeşillikler",,meyve-sebze,https://www.migros.com.tr/rest/search/screens/meyve-sebze-c-2?reid=1778320782858000001&sayfa=4
20000028160003,Kabak Dolmalık Kg,115.5,115.5,True,https://images.migrosone.com/sanalmarket/product/28160003/kabak-dolmalik-kg-04e9b9-105x105.jpg,Reyondan,GRAM,Mevsim Sebzeleri,,meyve-sebze,https://www.migros.com.tr/rest/search/screens/meyve-sebze-c-2?reid=1778320782858000001&sayfa=4
20000028340036,Roka Mini 125 G Erüst,209.95,209.95,True,https://images.migrosone.com/sanalmarket/product/28340036/28340036-d0c98d-105x105.JPG,Erüst,PIECE,"Doğranmış, Ayıklanmış Sebzeler",,meyve-sebze,https://www.migros.com.tr/rest/search/screens/meyve-sebze-c-2?reid=1778320782858000001&sayfa=4
20000028245100,Mantar Kestane Paket 350 G,104.95,104.95,True,https://images.migrosone.com/sanalmarket/product/28245100/28245100-65f234-105x105.png,Reyondan,PIECE,Egzotik Sebzeler,,meyve-sebze,https://www.migros.com.tr/rest/search/screens/meyve-sebze-c-2?reid=1778320782858000001&sayfa=4
20000028120492,Migros Yemeye Hazır Lahana Havuç Kap Salata 200 G,72.5,72.5,True,https://images.migrosone.com/sanalmarket/product/28120492/28120492_1-ee2cd7-105x105.jpg,Migros,PIECE,Mevsim Sebzeleri,,meyve-sebze,https://www.migros.com.tr/rest/search/screens/meyve-sebze-c-2?reid=1778320782858000001&sayfa=4
20000028130015,Acur Dökme Kg,94.5,94.5,True,https://images.migrosone.com/sanalmarket/product/28130015/28130015_1-cd785b-105x105.jpg,Reyondan,GRAM,Mevsim Sebzeleri,,meyve-sebze,https://www.migros.com.tr/rest/search/screens/meyve-sebze-c-2?reid=1778320782858000001&sayfa=5
20000028432005,Erüst Soya Filizi 125 G Paket,183.95,183.95,True,https://images.migrosone.com/sanalmarket/product/28432005/erust-soya-filizi-125-gr-paket-223571-105x105.jpg,Erüst,PIECE,"Doğranmış, Ayıklanmış Sebzeler",,meyve-sebze,https://www.migros.com.tr/rest/search/screens/meyve-sebze-c-2?reid=1778320782858000001&sayfa=5
20000027268040,Verita Limes 3'lü Paket 200 G,83.95,83.95,True,https://images.migrosone.com/sanalmarket/product/27268040/27268040-88f07f-105x105.jpg,Verita,PIECE,Egzotik Meyveler,,meyve-sebze,https://www.migros.com.tr/rest/search/screens/meyve-sebze-c-2?reid=1778320782858000001&sayfa=5
20000028129056,Eurofresh Havuç - Turp Karışımı 300 Gr,73.5,73.5,True,https://images.migrosone.com/sanalmarket/product/28129056/28129056-02b826-105x105.JPG,Eurofresh,PIECE,"Doğranmış, Ayıklanmış Sebzeler",,meyve-sebze,https://www.migros.com.tr/rest/search/screens/meyve-sebze-c-2?reid=1778320782858000001&sayfa=5
20000028379695,Eurofresh Yıkanmış Yaprak Marul 250 G,110.5,110.5,True,https://images.migrosone.com/sanalmarket/product/28379695/28379695-0df104-105x105.jpg,Eurofresh,PIECE,"Doğranmış, Ayıklanmış Sebzeler",,meyve-sebze,https://www.migros.com.tr/rest/search/screens/meyve-sebze-c-2?reid=1778320782858000001&sayfa=5
20000027287002,M Life Organik Greyfurt Kg,149.95,149.95,True,https://images.migrosone.com/sanalmarket/product/27287002/27287002-b7d8e7-105x105.jpg,M Life,GRAM,Narenciye,,meyve-sebze,https://www.migros.com.tr/rest/search/screens/meyve-sebze-c-2?reid=1778320782858000001&sayfa=5
20000028210031,Eurofresh Yıkanmış Beyaz Lahana 400 Gr,73.5,73.5,True,https://images.migrosone.com/sanalmarket/product/28210031/28210031-621369-105x105.jpg,Eurofresh,PIECE,"Doğranmış, Ayıklanmış Sebzeler",,meyve-sebze,https://www.migros.com.tr/rest/search/screens/meyve-sebze-c-2?reid=1778320782858000001&sayfa=5
20000028059187,Dünya Hayat Kurutulmuş Acı Biber 25'li 35 G,94.5,94.5,True,https://images.migrosone.com/sanalmarket/product/28059187/28059187_1-42a2b1-105x105.jpg,Dünya Hayat,PIECE,Kuru Sebzeler,,meyve-sebze,https://www.migros.com.tr/rest/search/screens/meyve-sebze-c-2?reid=1778320782858000001&sayfa=5
20000028999239,Eurofresh Yıkanmış Kış Bahçesi 400 Gr,141.95,141.95,True,https://images.migrosone.com/sanalmarket/product/28999239/28999239-40e057-105x105.jpg,Eurofresh,PIECE,"Doğranmış, Ayıklanmış Sebzeler",,meyve-sebze,https://www.migros.com.tr/rest/search/screens/meyve-sebze-c-2?reid=1778320782858000001&sayfa=5
20000027540051,Verita Yer Kirazı (Altın Çilek) 100 G,178.5,178.5,True,https://images.migrosone.com/sanalmarket/product/27540051/27540051_1-42b3fb-105x105.jpg,Verita,PIECE,Egzotik Meyveler,,meyve-sebze,https://www.migros.com.tr/rest/search/screens/meyve-sebze-c-2?reid=1778320782858000001&sayfa=5
20000027550004,Verita Demirhindi 225 G,251.95,251.95,True,https://images.migrosone.com/sanalmarket/product/27550004/27550004-1a932f-105x105.jpg,Verita,PIECE,Egzotik Meyveler,,meyve-sebze,https://www.migros.com.tr/rest/search/screens/meyve-sebze-c-2?reid=1778320782858000001&sayfa=5
20000027151000,Yer Fıstığı Kg,209.95,209.95,True,https://images.migrosone.com/sanalmarket/product/27151000/fistik-yer-fistigi-arasit-kg-967e4f-105x105.jpg,Reyondan,GRAM,Kabuklu Kuruyemiş,,meyve-sebze,https://www.migros.com.tr/rest/search/screens/meyve-sebze-c-2?reid=1778320782858000001&sayfa=5
20000028379699,Eurofresh Yıkanmış Hazır Kök Ispanak 500 G,99.95,99.95,True,https://images.migrosone.com/sanalmarket/product/28379699/28379699-9aa238-105x105.jpg,Eurofresh,PIECE,"Otlar, Yeşillikler",,meyve-sebze,https://www.migros.com.tr/rest/search/screens/meyve-sebze-c-2?reid=1778320782858000001&sayfa=5
20000028050023,Erüst Padron Biber 200 G Paket,262.5,262.5,True,https://images.migrosone.com/sanalmarket/product/28050023/28050023-074313-105x105.jpg,Erüst,PIECE,Mevsim Sebzeleri,,meyve-sebze,https://www.migros.com.tr/rest/search/screens/meyve-sebze-c-2?reid=1778320782858000001&sayfa=5
20000028990038,Erüst Salkım Çeri Domates 250 G,113.5,113.5,True,https://images.migrosone.com/sanalmarket/product/28990038/28990038_1-8a8801-105x105.jpg,Erüst,PIECE,Mevsim Sebzeleri,,meyve-sebze,https://www.migros.com.tr/rest/search/screens/meyve-sebze-c-2?reid=1778320782858000001&sayfa=5
20000028052012,M Life Organik Soğan Kuru Kg,74.95,74.95,True,https://images.migrosone.com/sanalmarket/product/28052012/28052012-08fb8b-105x105.jpg,M Life,GRAM,"Patates, Soğan, Sarımsak",,meyve-sebze,https://www.migros.com.tr/rest/search/screens/meyve-sebze-c-2?reid=1778320782858000001&sayfa=5
20000028210000,Lahana Beyaz Kg,41.95,41.95,True,https://images.migrosone.com/sanalmarket/product/28210000/28210000_1-ab4641-105x105.jpg,Reyondan,GRAM,Mevsim Sebzeleri,,meyve-sebze,https://www.migros.com.tr/rest/search/screens/meyve-sebze-c-2?reid=1778320782858000001&sayfa=5
20000027338023,Üzüm Red Globe İthal Kg,339.95,339.95,True,https://images.migrosone.com/sanalmarket/product/27338023/uzum-red-globe-ithal-kg-cbd1a9-105x105.jpg,Reyondan,GRAM,Yumuşak Meyveler,,meyve-sebze,https://www.migros.com.tr/rest/search/screens/meyve-sebze-c-2?reid=1778320782858000001&sayfa=5
20000028490009,Alatat Gurme Asma Yaprağı 880 G,367.5,367.5,True,https://images.migrosone.com/sanalmarket/product/28490009/28490009_1-d8071c-105x105.jpg,Gurme,PIECE,"Otlar, Yeşillikler",,meyve-sebze,https://www.migros.com.tr/rest/search/screens/meyve-sebze-c-2?reid=1778320782858000001&sayfa=5
20000028055010,Biber Jalapeno Kg,146.95,146.95,True,https://images.migrosone.com/sanalmarket/product/28055010/28055010_1-99b442-105x105.jpg,Reyondan,GRAM,Mevsim Sebzeleri,,meyve-sebze,https://www.migros.com.tr/rest/search/screens/meyve-sebze-c-2?reid=1778320782858000001&sayfa=5
20000028490059,Yurtalan Salamura Asma Yaprağı Pwc Pet 800 G,247.46,329.95,True,https://images.migrosone.com/sanalmarket/product/28490059/28490059-18d2f9-105x105.jpg,Yurtalan,PIECE,"Otlar, Yeşillikler","329,95 TL | MİGROSKOP",meyve-sebze,https://www.migros.com.tr/rest/search/screens/meyve-sebze-c-2?reid=1778320782858000001&sayfa=5
20000028377520,Erüst Ege Salata 125 G,209.95,209.95,True,https://images.migrosone.com/sanalmarket/product/28377520/28377520_1-1be119-105x105.jpg,Erüst,PIECE,"Doğranmış, Ayıklanmış Sebzeler",,meyve-sebze,https://www.migros.com.tr/rest/search/screens/meyve-sebze-c-2?reid=1778320782858000001&sayfa=5
20000028510121,Si&Ha Kurutulmuş Dolmalık Patlıcan 25'li Paket Adet,209.95,209.95,True,https://images.migrosone.com/sanalmarket/product/28510121/28510121-7a8539-105x105.jpg,Si&Ha,PIECE,Kuru Sebzeler,,meyve-sebze,https://www.migros.com.tr/rest/search/screens/meyve-sebze-c-2?reid=1778320782858000001&sayfa=5
20000028510203,Verita Zerdeçal 100 G Paket,104.95,104.95,True,https://images.migrosone.com/sanalmarket/product/28510203/28510203-e34ab8-105x105.jpg,Verita,PIECE,Egzotik Sebzeler,,meyve-sebze,https://www.migros.com.tr/rest/search/screens/meyve-sebze-c-2?reid=1778320782858000001&sayfa=5
20000028990025,Güleçköy Kurutulmuş Domates 200 G Paket Adet,178.5,178.5,True,https://images.migrosone.com/sanalmarket/product/28990025/28990025_1-904121-105x105.jpeg,Reyondan,PIECE,Kuru Sebzeler,,meyve-sebze,https://www.migros.com.tr/rest/search/screens/meyve-sebze-c-2?reid=1778320782858000001&sayfa=5
20000028379117,Erüst Salata Karışık 150 G Adet,162.95,162.95,True,https://images.migrosone.com/sanalmarket/product/28379117/28379117-712a17-105x105.jpg,Erüst,PIECE,"Doğranmış, Ayıklanmış Sebzeler",,meyve-sebze,https://www.migros.com.tr/rest/search/screens/meyve-sebze-c-2?reid=1778320782858000001&sayfa=5
20000027338085,Üzüm Mix 500 G Paket Adet,205.95,205.95,True,https://images.migrosone.com/sanalmarket/product/27338085/27338085-8016f1-105x105.jpg,Reyondan,PIECE,Yumuşak Meyveler,,meyve-sebze,https://www.migros.com.tr/rest/search/screens/meyve-sebze-c-2?reid=1778320782858000001&sayfa=5
20000001010248,"Migros Baldo Pirinç 2,5 Kg",185.0,185.0,True,https://images.migrosone.com/sanalmarket/product/01010248/1010248_1-10a750-105x105.jpg,Migros,PIECE,Baldo Pirinç,İyi Fiyat,temel-gida,https://www.migros.com.tr/rest/search/screens/temel-gida-c-5?reid=1778839566511000001&sayfa=1
20000004110419,Yudum Ayçiçek Yağı 4 L Pet,499.95,499.95,True,https://images.migrosone.com/sanalmarket/product/04110419/04110419_1-fb0175-105x105.jpg,Yudum,PIECE,Ayçicek Yağı,"50 TL Sepette 399,95 TL",temel-gida,https://www.migros.com.tr/rest/search/screens/temel-gida-c-5?reid=1778839566511000001&sayfa=1
20000004112441,Migros Ayçiçek Yağı 5 L,399.0,399.0,True,https://images.migrosone.com/sanalmarket/product/04112441/04112441_1-0f0ee3-105x105.jpg,Migros,PIECE,Ayçicek Yağı,İyi Fiyat,temel-gida,https://www.migros.com.tr/rest/search/screens/temel-gida-c-5?reid=1778839566511000001&sayfa=1
20000004133425,Komili Lezzetlik Yumuşak Natürel Sızma Zeytinyağı 1 L,489.95,489.95,True,https://images.migrosone.com/sanalmarket/product/04133425/04133425_1-d9b4b1-105x105.jpg,Komili,PIECE,Sızma Zeytinyağı,"50 TL Sepette 299,95 TL",temel-gida,https://www.migros.com.tr/rest/search/screens/temel-gida-c-5?reid=1778839566511000001&sayfa=1
20000009011332,Migros Domates Salçası 830 G,49.0,49.0,True,https://images.migrosone.com/sanalmarket/product/09011332/09011332_1-c630d9-105x105.jpg,Migros,PIECE,Domates Salçası,İyi Fiyat,temel-gida,https://www.migros.com.tr/rest/search/screens/temel-gida-c-5?reid=1778839566511000001&sayfa=1
20000004110062,Komili Ayçiçek Yağı 5 L,459.95,519.95,True,https://images.migrosone.com/sanalmarket/product/04110062/4110062_1-5f2b02-105x105.jpg,Komili,PIECE,Ayçicek Yağı,"519,95 TL | MİGROSKOP",temel-gida,https://www.migros.com.tr/rest/search/screens/temel-gida-c-5?reid=1778839566511000001&sayfa=1
20000006021102,Billur Tuz Rafine İyotlu Sofra Tuzu 750 G,37.95,37.95,True,https://images.migrosone.com/sanalmarket/product/06021102/billur-tuz-rafine-iyotlu-sofra-tuzu-750-gr-29b318-105x105.jpg,Billur,PIECE,Tuz,,temel-gida,https://www.migros.com.tr/rest/search/screens/temel-gida-c-5?reid=1778839566511000001&sayfa=1
20000005010405,Söke Un 5 Kg,149.95,199.95,True,https://images.migrosone.com/sanalmarket/product/05010405/05010405_1-bcae71-105x105.png,Söke,PIECE,Sade Un,"199,95 TL | MİGROSKOP",temel-gida,https://www.migros.com.tr/rest/search/screens/temel-gida-c-5?reid=1778839566511000001&sayfa=1
20000004110120,Migros Ayçiçek Yağı 5 L Köşeli Pet,399.0,399.0,True,https://images.migrosone.com/sanalmarket/product/04110120/04110120-4bf77c-105x105.jpg,Migros,PIECE,Ayçicek Yağı,İyi Fiyat,temel-gida,https://www.migros.com.tr/rest/search/screens/temel-gida-c-5?reid=1778839566511000001&sayfa=1
20000001010259,Migros Baldo Pirinç 1 Kg,83.95,83.95,True,https://images.migrosone.com/sanalmarket/product/01010259/1010259_1-0e0f87-105x105.jpg,Migros,PIECE,Baldo Pirinç,,temel-gida,https://www.migros.com.tr/rest/search/screens/temel-gida-c-5?reid=1778839566511000001&sayfa=1
20000009024352,Migros Beyaz Sirke 2000ml,37.5,37.5,True,https://images.migrosone.com/sanalmarket/product/09024352/09024352-e5e3d0-105x105.jpg,Migros,PIECE,Sirke,,temel-gida,https://www.migros.com.tr/rest/search/screens/temel-gida-c-5?reid=1778839566511000001&sayfa=1
20000005030714,Pastavilla Kalem Makarna 500 G,46.95,46.95,True,https://images.migrosone.com/sanalmarket/product/5030714/5030714-324949-105x105.jpg,Pastavilla,PIECE,Makarna,2 Al 1 Öde,temel-gida,https://www.migros.com.tr/rest/search/screens/temel-gida-c-5?reid=1778839566511000001&sayfa=1
20000009051116,Migros İri Parçalı Ton Balığı 2 x 160 G,109.95,109.95,True,https://images.migrosone.com/sanalmarket/product/09051116/09051116-bb9beb-105x105.jpg,Migros,PIECE,Ton Balığı,,temel-gida,https://www.migros.com.tr/rest/search/screens/temel-gida-c-5?reid=1778839566511000001&sayfa=1
20000009035880,Tat Domates Salçası 1500 G,138.95,199.95,True,https://images.migrosone.com/sanalmarket/product/09035880/09035880_1-360b82-105x105.jpg,Tat,PIECE,Domates Salçası,"199,95 TL | MİGROSKOP",temel-gida,https://www.migros.com.tr/rest/search/screens/temel-gida-c-5?reid=1778839566511000001&sayfa=1
20000003310006,Migros Toz Şeker 5 Kg,199.95,199.95,True,https://images.migrosone.com/sanalmarket/product/03310006/03310006_1-7a45be-105x105.jpg,Migros,PIECE,Toz Şeker,,temel-gida,https://www.migros.com.tr/rest/search/screens/temel-gida-c-5?reid=1778839566511000001&sayfa=1
20000005030187,Migros Arpa Şehriye 500 G ,17.95,17.95,True,https://images.migrosone.com/sanalmarket/product/05030187/05030187-888289-105x105.jpg,Migros,PIECE,Makarna,,temel-gida,https://www.migros.com.tr/rest/search/screens/temel-gida-c-5?reid=1778839566511000001&sayfa=1
20000005010401,Söke Un 1 Kg,49.95,49.95,True,https://images.migrosone.com/sanalmarket/product/05010401/05010401-c4c14f-105x105.jpg,Söke,PIECE,Sade Un,,temel-gida,https://www.migros.com.tr/rest/search/screens/temel-gida-c-5?reid=1778839566511000001&sayfa=1
20000003310004,Migros Toz Şeker 1 Kg,47.95,47.95,True,https://images.migrosone.com/sanalmarket/product/03310004/03310004-0745db-105x105.jpg,Migros,PIECE,Toz Şeker,,temel-gida,https://www.migros.com.tr/rest/search/screens/temel-gida-c-5?reid=1778839566511000001&sayfa=1
20000005030215,Nuh'un Ankara Boncuk Makarna 500 G,27.5,34.95,True,https://images.migrosone.com/sanalmarket/product/05030215/nuh-un-ankara-boncuk-makarna-500-gr-d86176-105x105.jpg,Nuh'un Ankara,PIECE,Makarna,"34,95 TL | MİGROSKOP",temel-gida,https://www.migros.com.tr/rest/search/screens/temel-gida-c-5?reid=1778839566511000001&sayfa=1
20000005013584,Migros Un 5 Kg,109.0,109.0,True,https://images.migrosone.com/sanalmarket/product/05013584/05013584_1-0385e3-105x105.jpg,Migros,PIECE,Sade Un,İyi Fiyat,temel-gida,https://www.migros.com.tr/rest/search/screens/temel-gida-c-5?reid=1778839566511000001&sayfa=1
20000005030711,Pastavilla Burgu Makarna 500 G,46.95,46.95,True,https://images.migrosone.com/sanalmarket/product/5030711/5030711-9b9654-105x105.jpg,Pastavilla,PIECE,Makarna,2 Al 1 Öde,temel-gida,https://www.migros.com.tr/rest/search/screens/temel-gida-c-5?reid=1778839566511000001&sayfa=1
20000005030708,Pastavilla Spaghetti Makarna 500 G,46.95,46.95,True,https://images.migrosone.com/sanalmarket/product/5030708/5030708-22bd2e-105x105.jpg,Pastavilla,PIECE,Makarna,2 Al 1 Öde,temel-gida,https://www.migros.com.tr/rest/search/screens/temel-gida-c-5?reid=1778839566511000001&sayfa=1
20000004110118,Migros Ayçiçek Yağı 1 L,109.95,109.95,True,https://images.migrosone.com/sanalmarket/product/04110118/04110118-fea6a2-105x105.jpg,Migros,PIECE,Ayçicek Yağı,,temel-gida,https://www.migros.com.tr/rest/search/screens/temel-gida-c-5?reid=1778839566511000001&sayfa=1
20000009035802,Ferfresh Beyaz Sirke 2 L,74.96,99.95,True,https://images.migrosone.com/sanalmarket/product/09035802/09035802-383165-105x105.jpg,Ferfresh,PIECE,Sirke,"99,95 TL | MİGROSKOP",temel-gida,https://www.migros.com.tr/rest/search/screens/temel-gida-c-5?reid=1778839566511000001&sayfa=1
20000004112440,Bizce Ayçiçek Yağı Pet 5 L,489.95,489.95,True,https://images.migrosone.com/sanalmarket/product/04112440/04112440_1-d1f0dd-105x105.jpg,Bizce,PIECE,Ayçicek Yağı,,temel-gida,https://www.migros.com.tr/rest/search/screens/temel-gida-c-5?reid=1778839566511000001&sayfa=1
20000005016631,Sinangil Un 2 Kg,90.95,90.95,True,https://images.migrosone.com/sanalmarket/product/05016631/05016631-e3545c-105x105.jpg,Sinangil,PIECE,Sade Un,,temel-gida,https://www.migros.com.tr/rest/search/screens/temel-gida-c-5?reid=1778839566511000001&sayfa=1
20000006023558,Migros İyotlu Sofra Tuzu 750 G,12.5,12.5,True,https://images.migrosone.com/sanalmarket/product/06023558/06023558-7303ec-105x105.jpg,Migros,PIECE,Tuz,,temel-gida,https://www.migros.com.tr/rest/search/screens/temel-gida-c-5?reid=1778839566511000001&sayfa=1
20000003310007,Türk Şeker Kristal Toz Şeker 5 Kg,189.0,189.0,True,https://images.migrosone.com/sanalmarket/product/03310007/03310007-6b3d0c-105x105.jpg,Türk Şeker,PIECE,Toz Şeker,İyi Fiyat,temel-gida,https://www.migros.com.tr/rest/search/screens/temel-gida-c-5?reid=1778839566511000001&sayfa=1
20000001010269,Hasata Basmati Pirinç 1 Kg,123.71,164.95,True,https://images.migrosone.com/sanalmarket/product/01010269/01010269-c768c2-105x105.jpg,Hasata,PIECE,İthal Pirinç,"164,95 TL | MİGROSKOP",temel-gida,https://www.migros.com.tr/rest/search/screens/temel-gida-c-5?reid=1778839566511000001&sayfa=1
20000001061991,Hasata Mardin Kırmızı Mercimek 1 Kg,131.21,174.95,True,https://images.migrosone.com/sanalmarket/product/01061991/1061991-f12adb-105x105.jpg,Hasata,PIECE,Kırmızı Mercimek,"174,95 TL | MİGROSKOP",temel-gida,https://www.migros.com.tr/rest/search/screens/temel-gida-c-5?reid=1778839566511000001&sayfa=1
20000009102118,Tat Mısır 3 x 210 G,129.95,129.95,True,https://images.migrosone.com/sanalmarket/product/09102118/09102118_1-3066da-105x105.jpg,Tat,PIECE,Konserve Mısır,,temel-gida,https://www.migros.com.tr/rest/search/screens/temel-gida-c-5?reid=1778839566511000001&sayfa=2
20000004133401,Komili Lezzetlik Meyvemsi Natürel Sızma Zeytinyağı 1 L,489.95,489.95,True,https://images.migrosone.com/sanalmarket/product/04133401/04133401_1-ff52a1-105x105.jpg,Komili,PIECE,Sızma Zeytinyağı,"50 TL Sepette 299,95 TL",temel-gida,https://www.migros.com.tr/rest/search/screens/temel-gida-c-5?reid=1778839566511000001&sayfa=2
20000001075093,Migros Pilavlık Bulgur 1000 G,29.95,29.95,True,https://images.migrosone.com/sanalmarket/product/01075093/01075093_1-0c2b78-105x105.jpg,Migros,PIECE,Pilavlık Bulgur,,temel-gida,https://www.migros.com.tr/rest/search/screens/temel-gida-c-5?reid=1778839566511000001&sayfa=2
20000001051801,Yayla Yeşil Mercimek 1 Kg,80.96,107.95,True,https://images.migrosone.com/sanalmarket/product/1051801/1051801-741c98-105x105.jpg,Yayla,PIECE,Yeşil Mercimek,"107,95 TL | MİGROSKOP",temel-gida,https://www.migros.com.tr/rest/search/screens/temel-gida-c-5?reid=1778839566511000001&sayfa=2
20000005030332,Pastavilla Mini Midye Makarna 500G,46.95,46.95,True,https://images.migrosone.com/sanalmarket/product/05030332/05030332-3767b7-105x105.jpg,Pastavilla,PIECE,Makarna,2 Al 1 Öde,temel-gida,https://www.migros.com.tr/rest/search/screens/temel-gida-c-5?reid=1778839566511000001&sayfa=2
20000009010020,Tat Domates Salçası Cam 710 G,89.95,89.95,True,https://images.migrosone.com/sanalmarket/product/09010020/09010020_1-bbe44a-105x105.jpg,Tat,PIECE,Domates Salçası,,temel-gida,https://www.migros.com.tr/rest/search/screens/temel-gida-c-5?reid=1778839566511000001&sayfa=2
20000001010101,"Reis Gönen Baldo 2,5 Kg",352.46,469.95,True,https://images.migrosone.com/sanalmarket/product/01010101/1010101-7bac22-105x105.jpg,Reis,PIECE,Baldo Pirinç,"469,95 TL | MİGROSKOP",temel-gida,https://www.migros.com.tr/rest/search/screens/temel-gida-c-5?reid=1778839566511000001&sayfa=2
20000003310009,Bor Şeker Toz Şeker 2 Kg,94.95,94.95,True,https://images.migrosone.com/sanalmarket/product/03310009/03310009-b1633f-105x105.jpg,Bor Şeker,PIECE,Toz Şeker,,temel-gida,https://www.migros.com.tr/rest/search/screens/temel-gida-c-5?reid=1778839566511000001&sayfa=2
20000009035760,Migros Garnitür 560G,40.5,40.5,True,https://images.migrosone.com/sanalmarket/product/09035760/9035760-587df6-105x105.jpg,Migros,PIECE,Garnitür,,temel-gida,https://www.migros.com.tr/rest/search/screens/temel-gida-c-5?reid=1778839566511000001&sayfa=2
20000005030185,Migros Burgu  Makarna 500 G,17.95,17.95,True,https://images.migrosone.com/sanalmarket/product/05030185/05030185-188ee1-105x105.jpg,Migros,PIECE,Makarna,,temel-gida,https://www.migros.com.tr/rest/search/screens/temel-gida-c-5?reid=1778839566511000001&sayfa=2
20000004131088,Yudum Egemden Yumuşak Lezzet Sızma Zeytinyağı Teneke 5 L,1424.96,1899.95,True,https://images.migrosone.com/sanalmarket/product/04131088/4131088_1-ef2540-105x105.jpeg,Yudum,PIECE,Sızma Zeytinyağı,"1.899,95 TL | MİGROSKOP",temel-gida,https://www.migros.com.tr/rest/search/screens/temel-gida-c-5?reid=1778839566511000001&sayfa=2
20000009011337,Migros Domates Püresi 700 G,51.95,51.95,True,https://images.migrosone.com/sanalmarket/product/09011337/09011337_1-63f643-105x105.jpg,Migros,PIECE,Domates Ürünleri,,temel-gida,https://www.migros.com.tr/rest/search/screens/temel-gida-c-5?reid=1778839566511000001&sayfa=2
20000005030357,Filiz Arpa Şehriye 500 G,34.95,34.95,True,https://images.migrosone.com/sanalmarket/product/5030357/5030357-fc33d1-105x105.jpg,Filiz,PIECE,Makarna,,temel-gida,https://www.migros.com.tr/rest/search/screens/temel-gida-c-5?reid=1778839566511000001&sayfa=2
20000046023144,Reis Patlatmalık Mısır 500 G,27.71,36.95,True,https://images.migrosone.com/sanalmarket/product/46023144/46023144-4f0de2-105x105.jpg,Reis,PIECE,Mısır,"36,95 TL | MİGROSKOP",temel-gida,https://www.migros.com.tr/rest/search/screens/temel-gida-c-5?reid=1778839566511000001&sayfa=2
20000001069986,Migros Kırmızı Mercimek 1 Kg,49.95,49.95,True,https://images.migrosone.com/sanalmarket/product/01069986/01069986_1-d29d8e-105x105.jpg,Migros,PIECE,Kırmızı Mercimek,,temel-gida,https://www.migros.com.tr/rest/search/screens/temel-gida-c-5?reid=1778839566511000001&sayfa=2
20000009030087,Migros Mısır Konservesi 340 G,47.5,47.5,True,https://images.migrosone.com/sanalmarket/product/09030087/09030087-3783ca-105x105.jpg,Migros,PIECE,Konserve Mısır,,temel-gida,https://www.migros.com.tr/rest/search/screens/temel-gida-c-5?reid=1778839566511000001&sayfa=2
20000005039323,Arbella Burgu Makarna 500 G,28.0,28.0,True,https://images.migrosone.com/sanalmarket/product/05039323/05039323-16596c-105x105.jpg,Arbella,PIECE,Makarna,2 Al 1 Öde,temel-gida,https://www.migros.com.tr/rest/search/screens/temel-gida-c-5?reid=1778839566511000001&sayfa=2
20000001089949,Migros Köftelik Bulgur 1 Kg,29.95,29.95,True,https://images.migrosone.com/sanalmarket/product/01089949/01089949-e6738d-105x105.jpg,Migros,PIECE,Köftelik Bulgur,,temel-gida,https://www.migros.com.tr/rest/search/screens/temel-gida-c-5?reid=1778839566511000001&sayfa=2
20000009035510,Tat Garnitür 550 G,62.95,83.95,True,https://images.migrosone.com/sanalmarket/product/09035510/09035510-ddde8c-105x105.jpg,Tat,PIECE,Garnitür,"83,95 TL | MİGROSKOP",temel-gida,https://www.migros.com.tr/rest/search/screens/temel-gida-c-5?reid=1778839566511000001&sayfa=2
20000016200796,Migros Salatalık Turşusu 670 G,54.5,54.5,True,https://images.migrosone.com/sanalmarket/product/16200796/16200796_1-ac36fd-105x105.jpg,Migros,PIECE,Salatalık Turşusu,,temel-gida,https://www.migros.com.tr/rest/search/screens/temel-gida-c-5?reid=1778839566511000001&sayfa=2
20000005030352,Filiz Burgu Makarna 500 G,34.95,34.95,True,https://images.migrosone.com/sanalmarket/product/5030352/5030352-24c1df-105x105.jpg,Filiz,PIECE,Makarna,,temel-gida,https://www.migros.com.tr/rest/search/screens/temel-gida-c-5?reid=1778839566511000001&sayfa=2
20000005030168,Pastavilla İri Arpa Şehriye 500 G,46.95,46.95,True,https://images.migrosone.com/sanalmarket/product/05030168/05030168-77aee9-105x105.jpg,Pastavilla,PIECE,Makarna,2 Al 1 Öde,temel-gida,https://www.migros.com.tr/rest/search/screens/temel-gida-c-5?reid=1778839566511000001&sayfa=2
20000005030726,Pastavilla Dirsek Makarna 500 G,46.95,46.95,True,https://images.migrosone.com/sanalmarket/product/05030726/05030726-afb568-105x105.jpg,Pastavilla,PIECE,Makarna,2 Al 1 Öde,temel-gida,https://www.migros.com.tr/rest/search/screens/temel-gida-c-5?reid=1778839566511000001&sayfa=2
20000009035900,Superfresh Mısır 3x200 G,89.95,89.95,True,https://images.migrosone.com/sanalmarket/product/09035900/09035900-81a97c-105x105.jpg,Superfresh,PIECE,Konserve Mısır,,temel-gida,https://www.migros.com.tr/rest/search/screens/temel-gida-c-5?reid=1778839566511000001&sayfa=2
20000001060024,Reis Kırmızı Mercimek 1 Kg,168.71,224.95,True,https://images.migrosone.com/sanalmarket/product/01060024/01060024-5059a7-105x105.jpg,Reis,PIECE,Kırmızı Mercimek,"224,95 TL | MİGROSKOP",temel-gida,https://www.migros.com.tr/rest/search/screens/temel-gida-c-5?reid=1778839566511000001&sayfa=2
20000005011206,Migros Un 2 Kg,55.0,55.0,True,https://images.migrosone.com/sanalmarket/product/5011206/5011206-482017-105x105.jpg,Migros,PIECE,Sade Un,,temel-gida,https://www.migros.com.tr/rest/search/screens/temel-gida-c-5?reid=1778839566511000001&sayfa=2
20000005030354,Filiz Fiyonk Makarna 500 G,34.95,34.95,True,https://images.migrosone.com/sanalmarket/product/5030354/5030354-7e5654-105x105.jpg,Filiz,PIECE,Makarna,,temel-gida,https://www.migros.com.tr/rest/search/screens/temel-gida-c-5?reid=1778839566511000001&sayfa=2
20000001010235,Reis Gönen Baldo Pirinç 1 Kg,157.46,209.95,True,https://images.migrosone.com/sanalmarket/product/01010235/01010235-31a74a-105x105.jpg,Reis,PIECE,Baldo Pirinç,"209,95 TL | MİGROSKOP",temel-gida,https://www.migros.com.tr/rest/search/screens/temel-gida-c-5?reid=1778839566511000001&sayfa=2
20000006011207,Bağdat Kimyon 75 G,59.96,79.95,True,https://images.migrosone.com/sanalmarket/product/06011207/06011207-b14ae5-105x105.jpg,Bağdat,PIECE,Baharat,"79,95 TL | MİGROSKOP",temel-gida,https://www.migros.com.tr/rest/search/screens/temel-gida-c-5?reid=1778839566511000001&sayfa=2
20000005020313,Fide Tavuk Suyu 480 Ml,51.95,51.95,True,https://images.migrosone.com/sanalmarket/product/05020313/5020313-d1128b-105x105.jpg,Fide,PIECE,Bulyon,2 Al 1 Öde,temel-gida,https://www.migros.com.tr/rest/search/screens/temel-gida-c-5?reid=1778839566511000001&sayfa=2
20000001049977,Migros Nohut 1000 G,59.95,59.95,True,https://images.migrosone.com/sanalmarket/product/01049977/01049977_1-892e42-105x105.jpg,Migros,PIECE,Nohut,,temel-gida,https://www.migros.com.tr/rest/search/screens/temel-gida-c-5?reid=1778839566511000001&sayfa=3
20000006011215,Bağdat Nane 30 G,29.96,39.95,True,https://images.migrosone.com/sanalmarket/product/06011215/06011215-4c682d-105x105.jpg,Bağdat,PIECE,Baharat,"39,95 TL | MİGROSKOP",temel-gida,https://www.migros.com.tr/rest/search/screens/temel-gida-c-5?reid=1778839566511000001&sayfa=3
20000005039321,Arbella Spaghetti Makarna 500 G,28.0,28.0,True,https://images.migrosone.com/sanalmarket/product/05039321/05039321-0cd007-105x105.jpg,Arbella,PIECE,Makarna,2 Al 1 Öde,temel-gida,https://www.migros.com.tr/rest/search/screens/temel-gida-c-5?reid=1778839566511000001&sayfa=3
20000005030710,Pastavilla Kelebek Makarna 500 G,46.95,46.95,True,https://images.migrosone.com/sanalmarket/product/05030710/05030710-d1f89f-105x105.jpg,Pastavilla,PIECE,Makarna,2 Al 1 Öde,temel-gida,https://www.migros.com.tr/rest/search/screens/temel-gida-c-5?reid=1778839566511000001&sayfa=3
20000009030124,Migros Közlenmiş Patlıcan 510 G,55.95,55.95,True,https://images.migrosone.com/sanalmarket/product/09030124/09030124_1-dc0e7b-105x105.jpg,Migros,PIECE,Közlenmiş,,temel-gida,https://www.migros.com.tr/rest/search/screens/temel-gida-c-5?reid=1778839566511000001&sayfa=3
20000009112126,Yayla Haşlanmış Nohut 700 G,61.57,87.95,True,https://images.migrosone.com/sanalmarket/product/09112126/9112126-e64a8d-105x105.jpg,Yayla,PIECE,Haşlanmış,"87,95 TL | MİGROSKOP",temel-gida,https://www.migros.com.tr/rest/search/screens/temel-gida-c-5?reid=1778839566511000001&sayfa=3
20000004131097,Yudum Egemden Riviera Zeytinyağı 5 L Teneke,1162.46,1549.95,True,https://images.migrosone.com/sanalmarket/product/04131097/4131097_1-3e9cb1-105x105.jpeg,Yudum,PIECE,Riviera Zeytinyağı,"1.549,95 TL | MİGROSKOP",temel-gida,https://www.migros.com.tr/rest/search/screens/temel-gida-c-5?reid=1778839566511000001&sayfa=3
20000005010402,Söke Un 2 Kg,91.95,91.95,True,https://images.migrosone.com/sanalmarket/product/05010402/5010402-c0b1a4-105x105.jpg,Söke,PIECE,Sade Un,,temel-gida,https://www.migros.com.tr/rest/search/screens/temel-gida-c-5?reid=1778839566511000001&sayfa=3
20000009030007,Migros Közlenmiş Biber 680 G,93.5,93.5,True,https://images.migrosone.com/sanalmarket/product/09030007/09030007-b1015c-105x105.jpg,Migros,PIECE,Közlenmiş,,temel-gida,https://www.migros.com.tr/rest/search/screens/temel-gida-c-5?reid=1778839566511000001&sayfa=3
20000001050012,Reis Yeşil Mercimek 1 Kg,143.96,191.95,True,https://images.migrosone.com/sanalmarket/product/01050012/01050012-f8362b-105x105.jpg,Reis,PIECE,Yeşil Mercimek,"191,95 TL | MİGROSKOP",temel-gida,https://www.migros.com.tr/rest/search/screens/temel-gida-c-5?reid=1778839566511000001&sayfa=3
20000009010279,Tukaş Domates Salçası 700 G,107.95,107.95,True,https://images.migrosone.com/sanalmarket/product/09010279/09010279-aa9a1f-105x105.jpg,Tukaş,PIECE,Domates Salçası,,temel-gida,https://www.migros.com.tr/rest/search/screens/temel-gida-c-5?reid=1778839566511000001&sayfa=3
20000005030706,Pastavilla Tel Şehriye 500 G,46.95,46.95,True,https://images.migrosone.com/sanalmarket/product/5030706/5030706-350c33-105x105.jpg,Pastavilla,PIECE,Makarna,2 Al 1 Öde,temel-gida,https://www.migros.com.tr/rest/search/screens/temel-gida-c-5?reid=1778839566511000001&sayfa=3
20000001089951,Duru Köftelik İnce Bulgur (Çiğköftelik) 1 Kg,53.21,70.95,True,https://images.migrosone.com/sanalmarket/product/01089951/01089951-8bf828-105x105.jpg,Duru Bulgur,PIECE,Köftelik Bulgur,"70,95 TL | MİGROSKOP",temel-gida,https://www.migros.com.tr/rest/search/screens/temel-gida-c-5?reid=1778839566511000001&sayfa=3
20000004110119,Migros Ayçiçek Yağı 2 L,209.95,209.95,True,https://images.migrosone.com/sanalmarket/product/04110119/04110119-efd6e3-105x105.jpg,Migros,PIECE,Ayçicek Yağı,,temel-gida,https://www.migros.com.tr/rest/search/screens/temel-gida-c-5?reid=1778839566511000001&sayfa=3
20000006010238,Migros Susam 75 G,17.95,17.95,True,https://images.migrosone.com/sanalmarket/product/06010238/06010238-f5d59a-105x105.jpg,Migros,PIECE,Baharat,,temel-gida,https://www.migros.com.tr/rest/search/screens/temel-gida-c-5?reid=1778839566511000001&sayfa=3
20000005030186,Migros Tel Şehriye  500 G,17.95,17.95,True,https://images.migrosone.com/sanalmarket/product/05030186/05030186-de43b1-105x105.jpg,Migros,PIECE,Makarna,,temel-gida,https://www.migros.com.tr/rest/search/screens/temel-gida-c-5?reid=1778839566511000001&sayfa=3
20000003310008,Bor Şeker Toz Şeker 1 Kg,49.95,49.95,True,https://images.migrosone.com/sanalmarket/product/03310008/03310008-ef80f1-105x105.jpg,Bor Şeker,PIECE,Toz Şeker,,temel-gida,https://www.migros.com.tr/rest/search/screens/temel-gida-c-5?reid=1778839566511000001&sayfa=3
20000005030182,Migros Yüksük Makarna 500 G,17.95,17.95,True,https://images.migrosone.com/sanalmarket/product/05030182/05030182-29c1b5-105x105.jpg,Migros,PIECE,Makarna,,temel-gida,https://www.migros.com.tr/rest/search/screens/temel-gida-c-5?reid=1778839566511000001&sayfa=3
20000005030210,Nuh'un Ankara Fiyonk 500 G,27.5,34.95,True,https://images.migrosone.com/sanalmarket/product/05030210/nuh-un-ankara-fiyonk-makarna-500-gr-187493-105x105.jpg,Nuh'un Ankara,PIECE,Makarna,"34,95 TL | MİGROSKOP",temel-gida,https://www.migros.com.tr/rest/search/screens/temel-gida-c-5?reid=1778839566511000001&sayfa=3
20000006010263,Migros Karabiber 75 G,58.5,58.5,True,https://images.migrosone.com/sanalmarket/product/06010263/06010263_1-d9b837-105x105.jpg,Migros,PIECE,Baharat,,temel-gida,https://www.migros.com.tr/rest/search/screens/temel-gida-c-5?reid=1778839566511000001&sayfa=3
20000005020312,Fide İlikli Kemik Suyu 480 Ml,51.95,51.95,True,https://images.migrosone.com/sanalmarket/product/05020312/5020312-987970-105x105.jpg,Fide,PIECE,Bulyon,2 Al 1 Öde,temel-gida,https://www.migros.com.tr/rest/search/screens/temel-gida-c-5?reid=1778839566511000001&sayfa=3
20000005030358,Filiz Tel Şehriye 500 G,34.95,34.95,True,https://images.migrosone.com/sanalmarket/product/5030358/5030358-4265b4-105x105.jpg,Filiz,PIECE,Makarna,,temel-gida,https://www.migros.com.tr/rest/search/screens/temel-gida-c-5?reid=1778839566511000001&sayfa=3
20000004130222,Kristal Anadolu Mirası Naturel Sızma Zeytinyağı 1 L,499.95,499.95,True,https://images.migrosone.com/sanalmarket/product/04130222/04130222_1-5dc053-105x105.jpg,Kristal,PIECE,Sızma Zeytinyağı,,temel-gida,https://www.migros.com.tr/rest/search/screens/temel-gida-c-5?reid=1778839566511000001&sayfa=3
20000005011207,Migros Un 5 Kg,109.0,109.0,True,https://images.migrosone.com/sanalmarket/product/05011207/05011207-cb1b8c-105x105.jpg,Migros,PIECE,Sade Un,İyi Fiyat,temel-gida,https://www.migros.com.tr/rest/search/screens/temel-gida-c-5?reid=1778839566511000001&sayfa=3
20000001010177,Tat Baldo Pirinç 2 Kg,232.46,309.95,True,https://images.migrosone.com/sanalmarket/product/01010177/1010177_1-bd4414-105x105.jpg,Tat,PIECE,Baldo Pirinç,"309,95 TL | MİGROSKOP",temel-gida,https://www.migros.com.tr/rest/search/screens/temel-gida-c-5?reid=1778839566511000001&sayfa=3
20000006011208,Bağdat Susam 75 G,37.46,49.95,True,https://images.migrosone.com/sanalmarket/product/06011208/06011208-24a09f-105x105.jpg,Bağdat,PIECE,Baharat,"49,95 TL | MİGROSKOP",temel-gida,https://www.migros.com.tr/rest/search/screens/temel-gida-c-5?reid=1778839566511000001&sayfa=3
20000005030184,Migros Spagetti  Makarna 500 G,17.95,17.95,True,https://images.migrosone.com/sanalmarket/product/05030184/05030184-a46efd-105x105.jpg,Migros,PIECE,Makarna,,temel-gida,https://www.migros.com.tr/rest/search/screens/temel-gida-c-5?reid=1778839566511000001&sayfa=3
20000006070364,Tirmata Panko 200 G,59.95,59.95,True,https://images.migrosone.com/sanalmarket/product/06070364/06070364_1-c2e98a-105x105.jpg,Tirmata,PIECE,Yemek Harçları,,temel-gida,https://www.migros.com.tr/rest/search/screens/temel-gida-c-5?reid=1778839566511000001&sayfa=3
20000009033763,Tukaş Közlenmiş Biber 680 G,139.95,139.95,True,https://images.migrosone.com/sanalmarket/product/9033763/9033763-95bb87-105x105.jpg,Tukaş,PIECE,Közlenmiş,,temel-gida,https://www.migros.com.tr/rest/search/screens/temel-gida-c-5?reid=1778839566511000001&sayfa=3
20000005030348,Barilla Arpa Şehriye (Risoni) 500 G,59.95,59.95,True,https://images.migrosone.com/sanalmarket/product/05030348/05030348-98ba9c-105x105.jpg,Barilla,PIECE,Makarna,,temel-gida,https://www.migros.com.tr/rest/search/screens/temel-gida-c-5?reid=1778839566511000001&sayfa=3
20000006011216,Bağdat Kekik 25 G,59.96,79.95,True,https://images.migrosone.com/sanalmarket/product/06011216/06011216-9de199-105x105.jpg,Bağdat,PIECE,Baharat,"79,95 TL | MİGROSKOP",temel-gida,https://www.migros.com.tr/rest/search/screens/temel-gida-c-5?reid=1778839566511000001&sayfa=4
20000006010259,Migros Kuru Nane 30 G,16.75,16.75,True,https://images.migrosone.com/sanalmarket/product/06010259/06010259-beb4f0-105x105.jpg,Migros,PIECE,Baharat,,temel-gida,https://www.migros.com.tr/rest/search/screens/temel-gida-c-5?reid=1778839566511000001&sayfa=4
20000003311032,Irmak Toz Şeker 1 Kg,54.95,54.95,True,https://images.migrosone.com/sanalmarket/product/03311032/irmak-toz-seker-1-kg-e3d973-105x105.jpg,Irmak,PIECE,Toz Şeker,,temel-gida,https://www.migros.com.tr/rest/search/screens/temel-gida-c-5?reid=1778839566511000001&sayfa=4
20000001150026,Yayla Gurme Beyaz Kinoa 250 G,52.46,69.95,True,https://images.migrosone.com/sanalmarket/product/01150026/01150026-3776de-105x105.jpg,Yayla,PIECE,Kinoa,"69,95 TL | MİGROSKOP",temel-gida,https://www.migros.com.tr/rest/search/screens/temel-gida-c-5?reid=1778839566511000001&sayfa=4
20000005030340,Barilla Fusilli (Burgu) Makarna 500 G,59.95,59.95,True,https://images.migrosone.com/sanalmarket/product/05030340/05030340-1aabdf-105x105.jpg,Barilla,PIECE,Makarna,,temel-gida,https://www.migros.com.tr/rest/search/screens/temel-gida-c-5?reid=1778839566511000001&sayfa=4
20000009012034,Tat Domates Rendesi 685 G,72.95,72.95,True,https://images.migrosone.com/sanalmarket/product/09012034/9012034-0c773e-105x105.jpg,Tat,PIECE,Domates Ürünleri,,temel-gida,https://www.migros.com.tr/rest/search/screens/temel-gida-c-5?reid=1778839566511000001&sayfa=4
20000005030349,Barilla Linguine (Yassı) Spagetti Makarna No.13 500 G,59.95,59.95,True,https://images.migrosone.com/sanalmarket/product/05030349/05030349-728eac-105x105.jpg,Barilla,PIECE,Makarna,,temel-gida,https://www.migros.com.tr/rest/search/screens/temel-gida-c-5?reid=1778839566511000001&sayfa=4
20000003320009,Bor Şeker Küp Şeker 1 Kg,54.95,54.95,True,https://images.migrosone.com/sanalmarket/product/03320009/03320009-baa477-105x105.jpg,Bor Şeker,PIECE,Küp Şeker,,temel-gida,https://www.migros.com.tr/rest/search/screens/temel-gida-c-5?reid=1778839566511000001&sayfa=4
20000006010240,Migros Pul Biber 85 G,37.5,37.5,True,https://images.migrosone.com/sanalmarket/product/06010240/06010240-ad6b60-105x105.jpg,Migros,PIECE,Baharat,,temel-gida,https://www.migros.com.tr/rest/search/screens/temel-gida-c-5?reid=1778839566511000001&sayfa=4
20000001040018,Reis Koçbaşı Nohut 1 Kg,142.46,189.95,True,https://images.migrosone.com/sanalmarket/product/01040018/01040018-317223-105x105.jpg,Reis,PIECE,Nohut,"189,95 TL | MİGROSKOP",temel-gida,https://www.migros.com.tr/rest/search/screens/temel-gida-c-5?reid=1778839566511000001&sayfa=4
20000006012959,Deva Kuş Üzümü 40 G,67.95,67.95,True,https://images.migrosone.com/sanalmarket/product/06012959/06012959_1-501812-105x105.jpg,Deva,PIECE,Baharat,,temel-gida,https://www.migros.com.tr/rest/search/screens/temel-gida-c-5?reid=1778839566511000001&sayfa=4
20000009012035,Tat Domates Püresi 200 G,25.95,25.95,True,https://images.migrosone.com/sanalmarket/product/09012035/9012035-57968c-105x105.jpg,Tat,PIECE,Domates Ürünleri,,temel-gida,https://www.migros.com.tr/rest/search/screens/temel-gida-c-5?reid=1778839566511000001&sayfa=4
20000006013150,Migros Kekik 25 G,28.5,28.5,True,https://images.migrosone.com/sanalmarket/product/06013150/06013150_1-210735-105x105.jpg,Migros,PIECE,Baharat,,temel-gida,https://www.migros.com.tr/rest/search/screens/temel-gida-c-5?reid=1778839566511000001&sayfa=4
20000005039324,Arbella Kalem Kesme 500 G,28.0,28.0,True,https://images.migrosone.com/sanalmarket/product/05039324/05039324-a4a418-105x105.jpg,Arbella,PIECE,Makarna,2 Al 1 Öde,temel-gida,https://www.migros.com.tr/rest/search/screens/temel-gida-c-5?reid=1778839566511000001&sayfa=4
20000009011025,Tat Köy Tatlı Biber Salçası 550 G,134.95,134.95,True,https://images.migrosone.com/sanalmarket/product/09011025/9011025-c314a1-105x105.jpg,Tat,PIECE,Biber Salçası,,temel-gida,https://www.migros.com.tr/rest/search/screens/temel-gida-c-5?reid=1778839566511000001&sayfa=4
20000005030707,Pastavilla Arpa Şehriye 500 G,46.95,46.95,True,https://images.migrosone.com/sanalmarket/product/5030707/5030707-8128cb-105x105.jpg,Pastavilla,PIECE,Makarna,2 Al 1 Öde,temel-gida,https://www.migros.com.tr/rest/search/screens/temel-gida-c-5?reid=1778839566511000001&sayfa=4
20000005030353,Filiz Fırın Makarna 500 G,34.95,34.95,True,https://images.migrosone.com/sanalmarket/product/5030353/5030353-60dd5d-105x105.jpg,Filiz,PIECE,Makarna,,temel-gida,https://www.migros.com.tr/rest/search/screens/temel-gida-c-5?reid=1778839566511000001&sayfa=4
20000005030206,Nuh'un Ankara Tel Şehriye 500 G,27.5,34.95,True,https://images.migrosone.com/sanalmarket/product/05030206/nuh-un-ankara-tel-sehriye-500-gr-6d088e-105x105.jpg,Nuh'un Ankara,PIECE,Makarna,"34,95 TL | MİGROSKOP",temel-gida,https://www.migros.com.tr/rest/search/screens/temel-gida-c-5?reid=1778839566511000001&sayfa=4
20000006035128,Migros Üzüm Sirkesi 750 Ml,31.95,31.95,True,https://images.migrosone.com/sanalmarket/product/06035128/06035128-3cfe51-105x105.jpg,Migros,PIECE,Sirke,,temel-gida,https://www.migros.com.tr/rest/search/screens/temel-gida-c-5?reid=1778839566511000001&sayfa=4
20000006023547,Efsina Kaya Tuzu Silindir Kutu 600 G,153.97,219.95,True,https://images.migrosone.com/sanalmarket/product/06023547/efsina-kaya-tuzu-silindir-kutu-600-g-6853b1-105x105.jpg,Efsina,PIECE,Tuz,"219,95 TL | MİGROSKOP",temel-gida,https://www.migros.com.tr/rest/search/screens/temel-gida-c-5?reid=1778839566511000001&sayfa=4
20000005030344,Barilla Spagetti (Spaghetti) Makarna No.5 500 G,59.95,59.95,True,https://images.migrosone.com/sanalmarket/product/05030344/05030344-7b0d21-105x105.jpg,Barilla,PIECE,Makarna,,temel-gida,https://www.migros.com.tr/rest/search/screens/temel-gida-c-5?reid=1778839566511000001&sayfa=4
20000016200768,Migros Kornişon Turşusu 670 G,67.95,67.95,True,https://images.migrosone.com/sanalmarket/product/16200768/16200768_1-9a954d-105x105.jpg,Migros,PIECE,Salatalık Turşusu,,temel-gida,https://www.migros.com.tr/rest/search/screens/temel-gida-c-5?reid=1778839566511000001&sayfa=4
20000005030201,Nuh'un Ankara Mantı Makarna 500 G,27.5,34.95,True,https://images.migrosone.com/sanalmarket/product/05030201/nuh-un-ankara-manti-makarna-500-gr-8333dc-105x105.jpg,Nuh'un Ankara,PIECE,Makarna,"34,95 TL | MİGROSKOP",temel-gida,https://www.migros.com.tr/rest/search/screens/temel-gida-c-5?reid=1778839566511000001&sayfa=4
20000001010210,Tat Basmati Pirinç 1 Kg,108.71,144.95,True,https://images.migrosone.com/sanalmarket/product/01010210/1010210_1-1ab019-105x105.jpg,Tat,PIECE,İthal Pirinç,"144,95 TL | MİGROSKOP",temel-gida,https://www.migros.com.tr/rest/search/screens/temel-gida-c-5?reid=1778839566511000001&sayfa=4
20000003310005,Migros Toz Şeker 3 Kg,130.95,130.95,True,https://images.migrosone.com/sanalmarket/product/03310005/03310005-a2f0d9-105x105.jpg,Migros,PIECE,Toz Şeker,,temel-gida,https://www.migros.com.tr/rest/search/screens/temel-gida-c-5?reid=1778839566511000001&sayfa=4
20000006016487,Bağdat Karabiber Öğütülmüş 65 G,82.46,109.95,True,https://images.migrosone.com/sanalmarket/product/06016487/06016487-682f07-105x105.jpg,Bağdat,PIECE,Baharat,"109,95 TL | MİGROSKOP",temel-gida,https://www.migros.com.tr/rest/search/screens/temel-gida-c-5?reid=1778839566511000001&sayfa=4
20000001075029,Duru Pilavlık Bulgur 1 Kg,53.21,70.95,True,https://images.migrosone.com/sanalmarket/product/01075029/01075029-dd57e7-105x105.jpg,Duru Bulgur,PIECE,Pilavlık Bulgur,"70,95 TL | MİGROSKOP",temel-gida,https://www.migros.com.tr/rest/search/screens/temel-gida-c-5?reid=1778839566511000001&sayfa=4
20000003320007,Migros Küp Şeker 1 Kg,52.95,52.95,True,https://images.migrosone.com/sanalmarket/product/03320007/03320007-563436-105x105.jpg,Migros,PIECE,Küp Şeker,,temel-gida,https://www.migros.com.tr/rest/search/screens/temel-gida-c-5?reid=1778839566511000001&sayfa=4
20000009033760,Tat Közlenmiş Biber 670 G,131.21,174.95,True,https://images.migrosone.com/sanalmarket/product/09033760/09033760-c97226-105x105.jpg,Tat,PIECE,Közlenmiş,"174,95 TL | MİGROSKOP",temel-gida,https://www.migros.com.tr/rest/search/screens/temel-gida-c-5?reid=1778839566511000001&sayfa=4
20000009020039,Heinz Ketçap 375 G + Mayonez 330 G İkili Set,229.95,229.95,True,https://images.migrosone.com/sanalmarket/product/09020039/09020039_1-50da49-105x105.jpg,Heinz,PIECE,Ketçap,,temel-gida,https://www.migros.com.tr/rest/search/screens/temel-gida-c-5?reid=1778839566511000001&sayfa=4
20000006023592,Mayi İyotlu İnce Öğütülmüş Doğal Kaynak Tuzu 600 G,191.95,191.95,True,https://images.migrosone.com/sanalmarket/product/06023592/6023592_1-51bdd3-105x105.jpg,Mayi,PIECE,Tuz,,temel-gida,https://www.migros.com.tr/rest/search/screens/temel-gida-c-5?reid=1778839566511000001&sayfa=5
20000005030461,Indomie Köri Çeşnili Noodle 5 x 75 G,85.5,85.5,True,https://images.migrosone.com/sanalmarket/product/05030461/5030461_1-a9de1e-105x105.jpg,indomie,PIECE,Erişte,,temel-gida,https://www.migros.com.tr/rest/search/screens/temel-gida-c-5?reid=1778839566511000001&sayfa=5
20000016300015,Heinz Mayonez 505 G,199.95,199.95,True,https://images.migrosone.com/sanalmarket/product/16300015/16300015-30be41-105x105.jpg,Heinz,PIECE,Mayonez,,temel-gida,https://www.migros.com.tr/rest/search/screens/temel-gida-c-5?reid=1778839566511000001&sayfa=5
20000005030345,Barilla Pipette (Bukle) Makarna 500 G,59.95,59.95,True,https://images.migrosone.com/sanalmarket/product/05030345/05030345-693f8c-105x105.jpg,Barilla,PIECE,Makarna,,temel-gida,https://www.migros.com.tr/rest/search/screens/temel-gida-c-5?reid=1778839566511000001&sayfa=5
20000005010501,Sinangil Un 1 Kg,48.95,48.95,True,https://images.migrosone.com/sanalmarket/product/05010501/05010501-96b6c5-105x105.jpg,Sinangil,PIECE,Sade Un,,temel-gida,https://www.migros.com.tr/rest/search/screens/temel-gida-c-5?reid=1778839566511000001&sayfa=5
20000005030208,Nuh'Un Ankara Spagetti Makarna 500 G,27.5,34.95,True,https://images.migrosone.com/sanalmarket/product/05030208/05030208-0f1c64-105x105.jpg,Nuh'un Ankara,PIECE,Makarna,"34,95 TL | MİGROSKOP",temel-gida,https://www.migros.com.tr/rest/search/screens/temel-gida-c-5?reid=1778839566511000001&sayfa=5
20000009024122,Pastavilla Pesto Makarna Sosu 190 G,144.95,144.95,True,https://images.migrosone.com/sanalmarket/product/09024122/9024122-aa60ad-105x105.jpg,Pastavilla,PIECE,Makarna Sosu,,temel-gida,https://www.migros.com.tr/rest/search/screens/temel-gida-c-5?reid=1778839566511000001&sayfa=5
20000001011612,Yayla Gurme Basmati Pirinç 500 G,68.96,91.95,True,https://images.migrosone.com/sanalmarket/product/01011612/1011612-117d60-105x105.jpg,Yayla,PIECE,İthal Pirinç,"91,95 TL | MİGROSKOP",temel-gida,https://www.migros.com.tr/rest/search/screens/temel-gida-c-5?reid=1778839566511000001&sayfa=5
20000005030701,Pastavilla Mantı Makarna 500 G,46.95,46.95,True,https://images.migrosone.com/sanalmarket/product/5030701/5030701-0234db-105x105.jpg,Pastavilla,PIECE,Makarna,2 Al 1 Öde,temel-gida,https://www.migros.com.tr/rest/search/screens/temel-gida-c-5?reid=1778839566511000001&sayfa=5
20000001075163,Hasata Pilavlık Antep Bulguru 1 Kg,52.46,69.95,True,https://images.migrosone.com/sanalmarket/product/01075163/1075163-4cbb19-105x105.jpg,Hasata,PIECE,Pilavlık Bulgur,"69,95 TL | MİGROSKOP",temel-gida,https://www.migros.com.tr/rest/search/screens/temel-gida-c-5?reid=1778839566511000001&sayfa=5
20000009030033,Superfresh Mısır 200 G,34.95,50.95,True,https://images.migrosone.com/sanalmarket/product/09030033/09030033-8e4b7b-105x105.jpg,Superfresh,PIECE,Konserve Mısır,"50,95 TL | MİGROSKOP",temel-gida,https://www.migros.com.tr/rest/search/screens/temel-gida-c-5?reid=1778839566511000001&sayfa=5
20000006011213,Bağdat Yeni Bahar 40 G,84.95,84.95,True,https://images.migrosone.com/sanalmarket/product/06011213/06011213-d97d6a-105x105.png,Bağdat,PIECE,Baharat,,temel-gida,https://www.migros.com.tr/rest/search/screens/temel-gida-c-5?reid=1778839566511000001&sayfa=5
20000003312837,Irmak Kahverengi Toz Şeker 500 G,84.95,84.95,True,https://images.migrosone.com/sanalmarket/product/03312837/03312837-fc4d0d-105x105.jpg,Irmak,PIECE,Esmer Şeker,,temel-gida,https://www.migros.com.tr/rest/search/screens/temel-gida-c-5?reid=1778839566511000001&sayfa=5
20000005030207,Nuh'un Ankara Arpa Şehriye 500 G,27.5,34.95,True,https://images.migrosone.com/sanalmarket/product/05030207/nuh-un-ankara-arpa-sehriye-500-gr-c6c34d-105x105.jpg,Nuh'un Ankara,PIECE,Makarna,"34,95 TL | MİGROSKOP",temel-gida,https://www.migros.com.tr/rest/search/screens/temel-gida-c-5?reid=1778839566511000001&sayfa=5
20000009050059,Dardanel Zeytinyağlı Sardalya 125 G,156.95,156.95,True,https://images.migrosone.com/sanalmarket/product/09050059/9050059_1-ec954e-105x105.jpg,Dardanel,PIECE,Konserve Deniz Ürünleri,,temel-gida,https://www.migros.com.tr/rest/search/screens/temel-gida-c-5?reid=1778839566511000001&sayfa=5
20000016200205,Berrak Kornişon Turşu 680 G,79.95,133.95,True,https://images.migrosone.com/sanalmarket/product/16200205/16200205_1-976eca-105x105.jpg,Berrak,PIECE,Salatalık Turşusu,"133,95 TL | MİGROSKOP",temel-gida,https://www.migros.com.tr/rest/search/screens/temel-gida-c-5?reid=1778839566511000001&sayfa=5
20000001035556,Hasata Niğde Kiraz Barbunya 1 Kg,161.21,214.95,True,https://images.migrosone.com/sanalmarket/product/01035556/1035556-ab343e-105x105.jpg,Hasata,PIECE,Barbunya,"214,95 TL | MİGROSKOP",temel-gida,https://www.migros.com.tr/rest/search/screens/temel-gida-c-5?reid=1778839566511000001&sayfa=5
20000009033765,Tat Közlenmiş Patlıcan 520 G,97.46,129.95,True,https://images.migrosone.com/sanalmarket/product/09033765/09033765-a537ff-105x105.jpg,Tat,PIECE,Közlenmiş,"129,95 TL | MİGROSKOP",temel-gida,https://www.migros.com.tr/rest/search/screens/temel-gida-c-5?reid=1778839566511000001&sayfa=5
20000006021113,"Billur Tuz Rafine İyotlu Sofra Tuzu 1,5 Kg",74.95,74.95,True,https://images.migrosone.com/sanalmarket/product/06021113/billur-tuz-rafine-iyotlu-sofra-tuzu-1-5-kg-98c761-105x105.jpg,Billur,PIECE,Tuz,,temel-gida,https://www.migros.com.tr/rest/search/screens/temel-gida-c-5?reid=1778839566511000001&sayfa=5
20000009035878,Yayla Haşlanmış Meksika Fasulyesi 400 G,59.47,84.95,True,https://images.migrosone.com/sanalmarket/product/09035878/09035878-0be72d-105x105.jpg,Yayla,PIECE,Haşlanmış,"84,95 TL | MİGROSKOP",temel-gida,https://www.migros.com.tr/rest/search/screens/temel-gida-c-5?reid=1778839566511000001&sayfa=5
20000005069895,Bağdat Galeta Unu 250 G,34.95,34.95,True,https://images.migrosone.com/sanalmarket/product/05069895/bagdat-acik-galeta-unu-250-gr-4bfdf5-105x105.jpg,Bağdat,PIECE,Galeta Unu,,temel-gida,https://www.migros.com.tr/rest/search/screens/temel-gida-c-5?reid=1778839566511000001&sayfa=5
20000016200798,Tukaş Kornişon Turşusu 330 G,110.95,110.95,True,https://images.migrosone.com/sanalmarket/product/16200798/16200798_1-5cb477-105x105.jpg,Tukaş,PIECE,Salatalık Turşusu,,temel-gida,https://www.migros.com.tr/rest/search/screens/temel-gida-c-5?reid=1778839566511000001&sayfa=5
20000001012030,Yayla Baldo Pirinç Gönen Bölgesi Mahsulü 2 Kg,239.96,319.95,True,https://images.migrosone.com/sanalmarket/product/01012030/01012030_1-4ecf48-105x105.jpg,Yayla,PIECE,Baldo Pirinç,"319,95 TL | MİGROSKOP",temel-gida,https://www.migros.com.tr/rest/search/screens/temel-gida-c-5?reid=1778839566511000001&sayfa=5
20000009024185,Calve Mayonez Tam Kıvamında Efsane Lezzet 540 G,129.47,184.95,True,https://images.migrosone.com/sanalmarket/product/09024185/9024185_1-a9d6fa-105x105.jpg,Calve,PIECE,Mayonez,"184,95 TL | MİGROSKOP",temel-gida,https://www.migros.com.tr/rest/search/screens/temel-gida-c-5?reid=1778839566511000001&sayfa=5
20000004110402,Yudum Ayçiçekyağı 2 L,339.95,339.95,True,https://images.migrosone.com/sanalmarket/product/04110402/04110402_1-1a8421-105x105.jpg,Yudum,PIECE,Ayçicek Yağı,,temel-gida,https://www.migros.com.tr/rest/search/screens/temel-gida-c-5?reid=1778839566511000001&sayfa=5
20000006035126,Migros Elma Sirkesi 750 Ml,31.95,31.95,True,https://images.migrosone.com/sanalmarket/product/06035126/06035126-ccaa50-105x105.jpg,Migros,PIECE,Sirke,,temel-gida,https://www.migros.com.tr/rest/search/screens/temel-gida-c-5?reid=1778839566511000001&sayfa=5
20000001010088,Migros Jasmine Pirinç 1 Kg,62.95,62.95,True,https://images.migrosone.com/sanalmarket/product/01010088/01010088-86c00c-105x105.jpg,Migros,PIECE,İthal Pirinç,,temel-gida,https://www.migros.com.tr/rest/search/screens/temel-gida-c-5?reid=1778839566511000001&sayfa=5
20000013000265,Uzman Kasap Piliç Bonfile Kg,249.95,249.95,True,https://images.migrosone.com/sanalmarket/product/13000265/13000265_1-57e80a-105x105.jpg,Uzman Kasap,GRAM,Piliç,MİGROSKOP,et-tavuk-balik,https://www.migros.com.tr/rest/search/screens/et-tavuk-balik-c-3?reid=1778322072032000001&sayfa=1
20000014901089,Namet Hindi Füme 7/24 60 G,30.75,30.75,True,https://images.migrosone.com/sanalmarket/product/14901089/14901089-4eee06-105x105.png,Namet,PIECE,Hindi Füme,,et-tavuk-balik,https://www.migros.com.tr/rest/search/screens/et-tavuk-balik-c-3?reid=1778322072032000001&sayfa=1
20000013000263,Uzman Kasap Piliç But Izgara Kg,269.95,269.95,True,https://images.migrosone.com/sanalmarket/product/13000263/13000263_1-8ece3c-105x105.jpg,Uzman Kasap,GRAM,Piliç,İyi Fiyat | MİGROSKOP,et-tavuk-balik,https://www.migros.com.tr/rest/search/screens/et-tavuk-balik-c-3?reid=1778322072032000001&sayfa=1
20000025030175,Uzman Kasap Tekirdağ Köfte 320 G,269.95,269.95,True,https://images.migrosone.com/sanalmarket/product/25030175/25030175_1-f45414-105x105.jpg,Uzman Kasap,PIECE,Dana Eti,3 Al 2 Öde,et-tavuk-balik,https://www.migros.com.tr/rest/search/screens/et-tavuk-balik-c-3?reid=1778322072032000001&sayfa=1
20000025010560,Dana Kuzu Kıymalık Kg,699.95,699.95,True,https://images.migrosone.com/sanalmarket/product/25010560/25010560-4832b3-105x105.jpg,Reyondan,GRAM,Dana Eti,,et-tavuk-balik,https://www.migros.com.tr/rest/search/screens/et-tavuk-balik-c-3?reid=1778322072032000001&sayfa=1
20000013000261,Uzman Kasap Piliç Kalçalı But Kg,109.95,109.95,True,https://images.migrosone.com/sanalmarket/product/13000261/13000261_1-c0826a-105x105.jpg,Uzman Kasap,GRAM,Piliç,İyi Fiyat | MİGROSKOP,et-tavuk-balik,https://www.migros.com.tr/rest/search/screens/et-tavuk-balik-c-3?reid=1778322072032000001&sayfa=1
20000013302784,Bolca Hindi Külbastı 500 G,159.95,229.95,True,https://images.migrosone.com/sanalmarket/product/13302784/13302784-bfa09f-105x105.png,Bolca,PIECE,Hindi,"229,95 TL | MİGROSKOP",et-tavuk-balik,https://www.migros.com.tr/rest/search/screens/et-tavuk-balik-c-3?reid=1778322072032000001&sayfa=1
20000025030352,Uzman Kasap Dana Kıyma 400 G,300.0,300.0,True,https://images.migrosone.com/sanalmarket/product/25030352/25030352-9e6e4c-105x105.jpg,Uzman Kasap,PIECE,Dana Eti,,et-tavuk-balik,https://www.migros.com.tr/rest/search/screens/et-tavuk-balik-c-3?reid=1778322072032000001&sayfa=1
20000046040145,Banvit Piliç Pirzola Kg,249.95,249.95,True,https://images.migrosone.com/sanalmarket/product/46040145/46040145_1-4e02a8-105x105.jpg,Banvit,GRAM,Piliç,,et-tavuk-balik,https://www.migros.com.tr/rest/search/screens/et-tavuk-balik-c-3?reid=1778322072032000001&sayfa=1
20000046040053,Banvit Piliç Nugget 700 G,129.95,129.95,True,https://images.migrosone.com/sanalmarket/product/46040053/46040053_1-f161e0-105x105.jpg,Banvit,PIECE,Piliç,"50 TL Sepette 99,95 TL",et-tavuk-balik,https://www.migros.com.tr/rest/search/screens/et-tavuk-balik-c-3?reid=1778322072032000001&sayfa=1
20000013302771,Bolca Hindi Göğüs Bütün Fileto 750 G,359.95,359.95,True,https://images.migrosone.com/sanalmarket/product/13302771/13302771-50427a-105x105.jpg,Bolca,PIECE,Hindi,,et-tavuk-balik,https://www.migros.com.tr/rest/search/screens/et-tavuk-balik-c-3?reid=1778322072032000001&sayfa=1
20000046040143,Banvit Piliç Baget Kg,159.95,159.95,True,https://images.migrosone.com/sanalmarket/product/46040143/46040143_1-81ed92-105x105.jpg,Banvit,GRAM,Piliç,,et-tavuk-balik,https://www.migros.com.tr/rest/search/screens/et-tavuk-balik-c-3?reid=1778322072032000001&sayfa=1
20000014900175,Polonez Hindi Füme 2x110 G,112.43,149.9,True,https://images.migrosone.com/sanalmarket/product/14900175/14900175_1-fb3b17-105x105.jpg,Polonez,PIECE,Hindi Füme,"149,90 TL | MİGROSKOP",et-tavuk-balik,https://www.migros.com.tr/rest/search/screens/et-tavuk-balik-c-3?reid=1778322072032000001&sayfa=1
20000025010011,Dana Antrikot Çiftlik Kg,1359.96,1699.95,True,https://images.migrosone.com/sanalmarket/product/25010011/25010011-08671e-105x105.jpg,Reyondan,GRAM,Dana Eti,"1.699,95 TL | MİGROSKOP",et-tavuk-balik,https://www.migros.com.tr/rest/search/screens/et-tavuk-balik-c-3?reid=1778322072032000001&sayfa=1
20000013000264,Uzman Kasap Piliç Pirzola Kg,179.95,179.95,True,https://images.migrosone.com/sanalmarket/product/13000264/13000264_1-1c90bf-105x105.jpg,Uzman Kasap,GRAM,Piliç,İyi Fiyat,et-tavuk-balik,https://www.migros.com.tr/rest/search/screens/et-tavuk-balik-c-3?reid=1778322072032000001&sayfa=1
20000014900080,Migros Hindi Füme Eti 90 G,44.9,44.9,True,https://images.migrosone.com/sanalmarket/product/14900080/14900080-4d6918-105x105.jpg,Migros,PIECE,Hindi Füme,,et-tavuk-balik,https://www.migros.com.tr/rest/search/screens/et-tavuk-balik-c-3?reid=1778322072032000001&sayfa=1
20000013302770,Bolca Hindi Sote Göğüs 750 G,259.95,359.95,True,https://images.migrosone.com/sanalmarket/product/13302770/13302770-fa9ff7-105x105.jpg,Bolca,PIECE,Hindi,"359,95 TL | MİGROSKOP",et-tavuk-balik,https://www.migros.com.tr/rest/search/screens/et-tavuk-balik-c-3?reid=1778322072032000001&sayfa=1
20000025030443,Uzman Kasap İzmir Köfte 320 G,275.95,275.95,True,https://images.migrosone.com/sanalmarket/product/25030443/25030443-06fe61-105x105.jpg,Uzman Kasap,PIECE,Dana Eti,3 Al 2 Öde,et-tavuk-balik,https://www.migros.com.tr/rest/search/screens/et-tavuk-balik-c-3?reid=1778322072032000001&sayfa=1
20000025030153,Uzman Kasap Izgara Köfte 320 G,249.95,249.95,True,https://images.migrosone.com/sanalmarket/product/25030153/25030153_1-a473b4-105x105.jpg,Uzman Kasap,PIECE,Dana Eti,3 Al 2 Öde,et-tavuk-balik,https://www.migros.com.tr/rest/search/screens/et-tavuk-balik-c-3?reid=1778322072032000001&sayfa=1
20000018990473,Türk Somonu Bütün Kg,199.9,199.9,True,https://images.migrosone.com/sanalmarket/product/18990473/18990473_1-074fb8-105x105.jpg,Reyondan,GRAM,Mevsim Balıkları,,et-tavuk-balik,https://www.migros.com.tr/rest/search/screens/et-tavuk-balik-c-3?reid=1778322072032000001&sayfa=1
20000018990480,Levrek 400/600 Kg (Temizlenmeden gönderilecektir.),399.9,399.9,True,https://images.migrosone.com/sanalmarket/product/18990480/18990480-703d02-105x105.jpg,Reyondan,GRAM,Mevsim Balıkları,İyi Fiyat,et-tavuk-balik,https://www.migros.com.tr/rest/search/screens/et-tavuk-balik-c-3?reid=1778322072032000001&sayfa=1
20000014109163,Namet 7 / 24 Hindi Salam 60 G,24.5,24.5,True,https://images.migrosone.com/sanalmarket/product/14109163/14109163-97328f-105x105.jpg,Namet,PIECE,Hindi Salam,,et-tavuk-balik,https://www.migros.com.tr/rest/search/screens/et-tavuk-balik-c-3?reid=1778322072032000001&sayfa=1
20000025030348,Uzman Kasap Dana Kuzu Kıyma 400 G,290.0,290.0,True,https://images.migrosone.com/sanalmarket/product/25030348/25030348-27112b-105x105.jpg,Uzman Kasap,PIECE,Dana Eti,,et-tavuk-balik,https://www.migros.com.tr/rest/search/screens/et-tavuk-balik-c-3?reid=1778322072032000001&sayfa=1
20000013025478,Uzman Kasap Poşetli Bütün Piliç Kg,109.95,109.95,True,https://images.migrosone.com/sanalmarket/product/13025478/13025478_1-c8230e-105x105.jpg,Uzman Kasap,GRAM,Piliç,İyi Fiyat | MİGROSKOP,et-tavuk-balik,https://www.migros.com.tr/rest/search/screens/et-tavuk-balik-c-3?reid=1778322072032000001&sayfa=1
20000014200180,Namet Isıl İşlem Görmüş Kangal Sucuk 500 G,475.0,475.0,True,https://images.migrosone.com/sanalmarket/product/14200180/14200180_1-c6995f-105x105.jpg,Namet,PIECE,Dana Sucuk,50 TL Sepette 329 TL,et-tavuk-balik,https://www.migros.com.tr/rest/search/screens/et-tavuk-balik-c-3?reid=1778322072032000001&sayfa=1
20000025030389,Uzman Kasap Kuzu Dana Kebap 360 G,225.95,265.95,True,https://images.migrosone.com/sanalmarket/product/25030389/25030389_1-a72a70-105x105.jpg,Uzman Kasap,PIECE,Dana Eti,"265,95 TL | MİGROSKOP",et-tavuk-balik,https://www.migros.com.tr/rest/search/screens/et-tavuk-balik-c-3?reid=1778322072032000001&sayfa=1
20000025030156,Uzman Kasap Klasik Köfte 320 G,199.95,275.95,True,https://images.migrosone.com/sanalmarket/product/25030156/25030156-a45e3f-105x105.jpg,Uzman Kasap,PIECE,Dana Eti,"275,95 TL | MİGROSKOP",et-tavuk-balik,https://www.migros.com.tr/rest/search/screens/et-tavuk-balik-c-3?reid=1778322072032000001&sayfa=1
20000046040139,Banvit Piliç Bonfile Kg,369.95,369.95,True,https://images.migrosone.com/sanalmarket/product/46040139/46040139_1-b1d698-105x105.jpg,Banvit,GRAM,Piliç,,et-tavuk-balik,https://www.migros.com.tr/rest/search/screens/et-tavuk-balik-c-3?reid=1778322072032000001&sayfa=1
20000014209464,Namet Dana Kasap Sucuk 250 G,259.0,259.0,True,https://images.migrosone.com/sanalmarket/product/14209464/14209464_1-5efd0f-105x105.jpg,Namet,PIECE,Dana Sucuk,,et-tavuk-balik,https://www.migros.com.tr/rest/search/screens/et-tavuk-balik-c-3?reid=1778322072032000001&sayfa=2
20000024010026,"Kuzu Külbastı Kg (But Eti, Kemiksiz, Dilimli)",1079.96,1349.95,True,https://images.migrosone.com/sanalmarket/product/24010026/24010026-f5874e-105x105.jpg,Reyondan,GRAM,Kuzu Eti,"1.349,95 TL",et-tavuk-balik,https://www.migros.com.tr/rest/search/screens/et-tavuk-balik-c-3?reid=1778322072032000001&sayfa=2
20000014309084,Namet Dana Dilimli Antrikot Pastırma 100 G,269.0,269.0,True,https://images.migrosone.com/sanalmarket/product/14309084/14309084_1-429e52-105x105.jpg,Namet,PIECE,Dana Pastırma,,et-tavuk-balik,https://www.migros.com.tr/rest/search/screens/et-tavuk-balik-c-3?reid=1778322072032000001&sayfa=2
20000013500638,Banvit Piliç Yaprak Döner 500 G,159.95,159.95,True,https://images.migrosone.com/sanalmarket/product/13500638/13500638_1-d09cfa-105x105.jpg,Banvit,PIECE,Piliç,,et-tavuk-balik,https://www.migros.com.tr/rest/search/screens/et-tavuk-balik-c-3?reid=1778322072032000001&sayfa=2
20000025030439,Uzman Kasap Kuzu Sac Kavurmalık 400 G,249.95,299.95,True,https://images.migrosone.com/sanalmarket/product/25030439/25030439-2f0409-105x105.jpg,Uzman Kasap,PIECE,Kuzu Eti,"299,95 TL | MİGROSKOP",et-tavuk-balik,https://www.migros.com.tr/rest/search/screens/et-tavuk-balik-c-3?reid=1778322072032000001&sayfa=2
20000025030308,Migros Dana Döner 250 G,179.95,179.95,True,https://images.migrosone.com/sanalmarket/product/25030308/25030308_1-a9a91b-105x105.jpg,Migros,PIECE,Dana Eti,,et-tavuk-balik,https://www.migros.com.tr/rest/search/screens/et-tavuk-balik-c-3?reid=1778322072032000001&sayfa=2
20000025030392,Uzman Kasap Dağ Kekikli Dana Çoban Köfte 400 G,349.95,349.95,True,https://images.migrosone.com/sanalmarket/product/25030392/25030392-39c615-105x105.jpg,Uzman Kasap,PIECE,Dana Eti,3 Al 2 Öde,et-tavuk-balik,https://www.migros.com.tr/rest/search/screens/et-tavuk-balik-c-3?reid=1778322072032000001&sayfa=2
20000014109270,Banvit Piliç Kokteyl Sosis 1000 G,162.9,162.9,True,https://images.migrosone.com/sanalmarket/product/14109270/14109270-1bf597-105x105.jpg,Banvit,PIECE,Piliç Sosis,,et-tavuk-balik,https://www.migros.com.tr/rest/search/screens/et-tavuk-balik-c-3?reid=1778322072032000001&sayfa=2
20000013000262,Uzman Kasap Piliç Kanat Kg,269.95,269.95,True,https://images.migrosone.com/sanalmarket/product/13000262/13000262_1-239e69-105x105.jpg,Uzman Kasap,GRAM,Piliç,MİGROSKOP,et-tavuk-balik,https://www.migros.com.tr/rest/search/screens/et-tavuk-balik-c-3?reid=1778322072032000001&sayfa=2
20000025030351,Uzman Kasap Dana Yağsız Kıyma 400 G,385.95,385.95,True,https://images.migrosone.com/sanalmarket/product/25030351/25030351-2cda1a-105x105.jpg,Uzman Kasap,PIECE,Dana Eti,,et-tavuk-balik,https://www.migros.com.tr/rest/search/screens/et-tavuk-balik-c-3?reid=1778322072032000001&sayfa=2
20000046040109,Banvit Piliç Kanat Kg,429.95,429.95,True,https://images.migrosone.com/sanalmarket/product/46040109/46040109_1-39bfba-105x105.jpg,Banvit,GRAM,Piliç,,et-tavuk-balik,https://www.migros.com.tr/rest/search/screens/et-tavuk-balik-c-3?reid=1778322072032000001&sayfa=2
20000025010012,Dana Kontrfile Kg,1039.96,1299.95,True,https://images.migrosone.com/sanalmarket/product/25010012/25010012-0ebec3-105x105.jpg,Reyondan,GRAM,Dana Eti,"1.299,95 TL",et-tavuk-balik,https://www.migros.com.tr/rest/search/screens/et-tavuk-balik-c-3?reid=1778322072032000001&sayfa=2
20000018992415,Norveç Somon Fileto Kg,1199.9,1199.9,True,https://images.migrosone.com/sanalmarket/product/18992415/18992415-e434cd-105x105.jpg,Reyondan,GRAM,Mevsim Balıkları,,et-tavuk-balik,https://www.migros.com.tr/rest/search/screens/et-tavuk-balik-c-3?reid=1778322072032000001&sayfa=2
20000014109156,Namet 7/24 Dana Macar Salam 60 G,56.5,56.5,True,https://images.migrosone.com/sanalmarket/product/14109156/14109156-4dddf2-105x105.png,Namet,PIECE,Dana Salam,,et-tavuk-balik,https://www.migros.com.tr/rest/search/screens/et-tavuk-balik-c-3?reid=1778322072032000001&sayfa=2
20000024010018,Kuzu Kuşbaşı Kg,1329.95,1329.95,True,https://images.migrosone.com/sanalmarket/product/24010018/24010018-c3f06d-105x105.jpg,Reyondan,GRAM,Kuzu Eti,,et-tavuk-balik,https://www.migros.com.tr/rest/search/screens/et-tavuk-balik-c-3?reid=1778322072032000001&sayfa=2
20000024010040,"Kuzu Gerdan Kg (Kemikli, Dilimli)",799.95,799.95,True,https://images.migrosone.com/sanalmarket/product/24010040/24010040-118a44-105x105.jpg,Reyondan,GRAM,Kuzu Eti,İyi Fiyat,et-tavuk-balik,https://www.migros.com.tr/rest/search/screens/et-tavuk-balik-c-3?reid=1778322072032000001&sayfa=2
20000046040054,Banvit Piliç Schnitzel 700 G,129.95,129.95,True,https://images.migrosone.com/sanalmarket/product/46040054/46040054_1-ad2f3f-105x105.jpg,Banvit,PIECE,Piliç,,et-tavuk-balik,https://www.migros.com.tr/rest/search/screens/et-tavuk-balik-c-3?reid=1778322072032000001&sayfa=2
20000025010037,Dana Bonfile Kg,1887.96,2359.95,True,https://images.migrosone.com/sanalmarket/product/25010037/25010037-0ba615-105x105.jpg,Reyondan,GRAM,Dana Eti,"2.359,95 TL",et-tavuk-balik,https://www.migros.com.tr/rest/search/screens/et-tavuk-balik-c-3?reid=1778322072032000001&sayfa=2
20000013302782,Bolca Hindi Akdeniz Soslu Sote But 500G,199.95,199.95,True,https://images.migrosone.com/sanalmarket/product/13302782/13302782-174f2a-105x105.jpg,Bolca,PIECE,Hindi,,et-tavuk-balik,https://www.migros.com.tr/rest/search/screens/et-tavuk-balik-c-3?reid=1778322072032000001&sayfa=2
20000013000297,Keskinoğlu Piliç Baget Kg,89.95,89.95,True,https://images.migrosone.com/sanalmarket/product/13000297/13000297_1-a75129-105x105.jpg,Keskinoğlu,GRAM,Piliç,İyi Fiyat,et-tavuk-balik,https://www.migros.com.tr/rest/search/screens/et-tavuk-balik-c-3?reid=1778322072032000001&sayfa=2
20000025030174,Uzman Kasap Dana Hamburger Köfte 330 G,299.95,299.95,True,https://images.migrosone.com/sanalmarket/product/25030174/25030174-9cb97c-105x105.jpg,Uzman Kasap,PIECE,Dana Eti,3 Al 2 Öde,et-tavuk-balik,https://www.migros.com.tr/rest/search/screens/et-tavuk-balik-c-3?reid=1778322072032000001&sayfa=2
20000018990489,Norveç Somon Dilim Kg,999.9,999.9,True,https://images.migrosone.com/sanalmarket/product/18990489/18990489-6e468b-105x105.jpg,Reyondan,GRAM,Mevsim Balıkları,,et-tavuk-balik,https://www.migros.com.tr/rest/search/screens/et-tavuk-balik-c-3?reid=1778322072032000001&sayfa=2
20000014900079,Migros Dana Jambon 90 G,65.0,65.0,True,https://images.migrosone.com/sanalmarket/product/14900079/14900079_1-59fa86-105x105.jpg,Migros,PIECE,Dana Jambon,,et-tavuk-balik,https://www.migros.com.tr/rest/search/screens/et-tavuk-balik-c-3?reid=1778322072032000001&sayfa=2
20000014209387,Torku Sucuk Vakum 225 G,299.0,425.0,True,https://images.migrosone.com/sanalmarket/product/14209387/14209387_1-77ff0a-105x105.jpg,Torku,PIECE,Dana Sucuk,"425,00 TL | MİGROSKOP",et-tavuk-balik,https://www.migros.com.tr/rest/search/screens/et-tavuk-balik-c-3?reid=1778322072032000001&sayfa=2
20000018990494,Alabalık Kg,249.9,249.9,True,https://images.migrosone.com/sanalmarket/product/18990494/18990494-a48bd9-105x105.jpg,Reyondan,GRAM,Mevsim Balıkları,,et-tavuk-balik,https://www.migros.com.tr/rest/search/screens/et-tavuk-balik-c-3?reid=1778322072032000001&sayfa=2
20000013502537,Banvit  Jumbo Sosis 330 G,103.5,103.5,True,https://images.migrosone.com/sanalmarket/product/13502537/13502537-ccd8ce-105x105.jpg,Banvit,PIECE,Piliç Sosis,,et-tavuk-balik,https://www.migros.com.tr/rest/search/screens/et-tavuk-balik-c-3?reid=1778322072032000001&sayfa=2
20000014100038,Pınar Salam Aç Bitir Hindi Fıstıklı Salam 50 G,45.75,45.75,True,https://images.migrosone.com/sanalmarket/product/14100038/14100038_1-b4bdce-105x105.jpg,Pınar,PIECE,Hindi Salam,,et-tavuk-balik,https://www.migros.com.tr/rest/search/screens/et-tavuk-balik-c-3?reid=1778322072032000001&sayfa=2
20000024010052,Kuzu İncik Kg,1059.95,1059.95,True,https://images.migrosone.com/sanalmarket/product/24010052/24010052-698788-105x105.jpg,Reyondan,GRAM,Kuzu Eti,,et-tavuk-balik,https://www.migros.com.tr/rest/search/screens/et-tavuk-balik-c-3?reid=1778322072032000001&sayfa=2
20000014206002,Cumhuriyet Parmak Sucuk Kg,2199.0,2199.0,True,https://images.migrosone.com/sanalmarket/product/14206002/14206002-b0ef60-105x105.jpg,Cumhuriyet Sucukları,GRAM,Dana Sucuk,,et-tavuk-balik,https://www.migros.com.tr/rest/search/screens/et-tavuk-balik-c-3?reid=1778322072032000001&sayfa=2
20000025509055,Namet Pişmiş Döner 250 G,279.95,279.95,True,https://images.migrosone.com/sanalmarket/product/25509055/25509055_1-370d5a-105x105.jpg,Namet,PIECE,Pişmeye Hazır Kırmızı Et,,et-tavuk-balik,https://www.migros.com.tr/rest/search/screens/et-tavuk-balik-c-3?reid=1778322072032000001&sayfa=3
20000025500405,Dana Pirzola Antrikot Kg,1119.96,1399.95,True,https://images.migrosone.com/sanalmarket/product/25500405/25500405-bfa1c2-105x105.jpg,Reyondan,GRAM,Dana Eti,"1.399,95 TL",et-tavuk-balik,https://www.migros.com.tr/rest/search/screens/et-tavuk-balik-c-3?reid=1778322072032000001&sayfa=3
20000014408053,Altın Dana Dana Kavurma 150G,230.0,230.0,True,https://images.migrosone.com/sanalmarket/product/14408053/14408053-3bc7cc-105x105.jpg,Altın,PIECE,Dana Kavurma,,et-tavuk-balik,https://www.migros.com.tr/rest/search/screens/et-tavuk-balik-c-3?reid=1778322072032000001&sayfa=3
20000013000266,Uzman Kasap Piliç Ciğer Kg,79.95,79.95,True,https://images.migrosone.com/sanalmarket/product/13000266/13000266_1-b3abd0-105x105.jpg,Uzman Kasap,GRAM,Sakatat,,et-tavuk-balik,https://www.migros.com.tr/rest/search/screens/et-tavuk-balik-c-3?reid=1778322072032000001&sayfa=3
20000014209443,Polonez Dana Kasap Sucuk 300 G,380.0,380.0,True,https://images.migrosone.com/sanalmarket/product/14209443/14209443_1-c1251b-105x105.jpg,Polonez,PIECE,Dana Sucuk,,et-tavuk-balik,https://www.migros.com.tr/rest/search/screens/et-tavuk-balik-c-3?reid=1778322072032000001&sayfa=3
20000026500038,Uzman Kasap Kuzu Paça 4'lü,99.95,99.95,True,https://images.migrosone.com/sanalmarket/product/26500038/26500038_1-c2d95c-105x105.jpg,Uzman Kasap,PIECE,Sakatat,İyi Fiyat,et-tavuk-balik,https://www.migros.com.tr/rest/search/screens/et-tavuk-balik-c-3?reid=1778322072032000001&sayfa=3
20000014109280,Namet Fıstıklı Hindi Salam 7/24 50 G,29.9,29.9,True,https://images.migrosone.com/sanalmarket/product/14109280/14109280-ab665b-105x105.jpg,Namet,PIECE,Hindi Salam,,et-tavuk-balik,https://www.migros.com.tr/rest/search/screens/et-tavuk-balik-c-3?reid=1778322072032000001&sayfa=3
20000013019512,Gedik Tabaklı Soslu Piliç Kanat Kg,469.95,469.95,True,https://images.migrosone.com/sanalmarket/product/13019512/13019512-a22789-105x105.jpg,Gedik,GRAM,Piliç,,et-tavuk-balik,https://www.migros.com.tr/rest/search/screens/et-tavuk-balik-c-3?reid=1778322072032000001&sayfa=3
20000014010019,Maret 10'lu Sosis 432 G,419.0,555.0,True,https://images.migrosone.com/sanalmarket/product/14010019/14010019-807c79-105x105.jpg,Maret,PIECE,Dana Sosis,"555,00 TL | MİGROSKOP",et-tavuk-balik,https://www.migros.com.tr/rest/search/screens/et-tavuk-balik-c-3?reid=1778322072032000001&sayfa=3
20000014901129,Polonez Fit Yaşam XL Hindi Füme 150 G,145.0,145.0,True,https://images.migrosone.com/sanalmarket/product/14901129/14901129-134b91-105x105.jpg,Polonez,PIECE,Hindi Füme,,et-tavuk-balik,https://www.migros.com.tr/rest/search/screens/et-tavuk-balik-c-3?reid=1778322072032000001&sayfa=3
20000014109291,Banvit Baton Piliç Salam 850 Gr,85.5,103.95,True,https://images.migrosone.com/sanalmarket/product/14109291/14109291_1-9e8adf-105x105.jpg,Banvit,PIECE,Piliç Salam,"103,95 TL | MİGROSKOP",et-tavuk-balik,https://www.migros.com.tr/rest/search/screens/et-tavuk-balik-c-3?reid=1778322072032000001&sayfa=3
20000013302762,Bolca Tabaklı Alt But Kemiksiz Hindi 500 G,229.95,229.95,True,https://images.migrosone.com/sanalmarket/product/13302762/13302762-2f990f-105x105.jpg,Bolca,PIECE,Hindi,,et-tavuk-balik,https://www.migros.com.tr/rest/search/screens/et-tavuk-balik-c-3?reid=1778322072032000001&sayfa=3
20000013509201,Keskinoğlu Piliç Döner 200 G,69.0,89.95,True,https://images.migrosone.com/sanalmarket/product/13509201/13509201-6309af-105x105.jpg,Keskinoğlu,PIECE,Piliç,"89,95 TL | MİGROSKOP",et-tavuk-balik,https://www.migros.com.tr/rest/search/screens/et-tavuk-balik-c-3?reid=1778322072032000001&sayfa=3
20000025020014,Dana İncik,899.95,899.95,True,https://images.migrosone.com/sanalmarket/product/25020014/25020014-82b521-105x105.jpg,Reyondan,GRAM,Dana Eti,,et-tavuk-balik,https://www.migros.com.tr/rest/search/screens/et-tavuk-balik-c-3?reid=1778322072032000001&sayfa=3
20000018992942,Çipura 300/600 Kg (Temizlenmeden gönderilecektir.),399.9,399.9,True,https://images.migrosone.com/sanalmarket/product/18992942/18992942-6b10b3-105x105.jpg,Reyondan,GRAM,Mevsim Balıkları,İyi Fiyat | MİGROSKOP,et-tavuk-balik,https://www.migros.com.tr/rest/search/screens/et-tavuk-balik-c-3?reid=1778322072032000001&sayfa=3
20000013500616,Keskinoğlu Piliç Çıtır Çubuk 300 G,79.95,79.95,True,https://images.migrosone.com/sanalmarket/product/13500616/13500616_1-e8e788-105x105.jpg,Keskinoğlu,PIECE,Piliç,,et-tavuk-balik,https://www.migros.com.tr/rest/search/screens/et-tavuk-balik-c-3?reid=1778322072032000001&sayfa=3
20000013000322,Gedik Piliç Yayla Soslu But Kuşbaşı 400 G,99.95,99.95,True,https://images.migrosone.com/sanalmarket/product/13000322/13000322_1-16e762-105x105.jpeg,Gedik,PIECE,Piliç,,et-tavuk-balik,https://www.migros.com.tr/rest/search/screens/et-tavuk-balik-c-3?reid=1778322072032000001&sayfa=3
20000013010152,Gedik Tabaklı Piliç Baget Kg,89.95,89.95,True,https://images.migrosone.com/sanalmarket/product/13010152/13010152_1-edf06f-105x105.jpg,Gedik,GRAM,Piliç,İyi Fiyat,et-tavuk-balik,https://www.migros.com.tr/rest/search/screens/et-tavuk-balik-c-3?reid=1778322072032000001&sayfa=3
20000025030435,Uzman Kasap Antrikot Burger  320 G,343.96,429.95,True,https://images.migrosone.com/sanalmarket/product/25030435/25030435-cf9716-105x105.jpg,Uzman Kasap,PIECE,Dana Eti,"429,95 TL",et-tavuk-balik,https://www.migros.com.tr/rest/search/screens/et-tavuk-balik-c-3?reid=1778322072032000001&sayfa=3
20000025010003,Dana Haşlamalık Et Kg,929.95,929.95,True,https://images.migrosone.com/sanalmarket/product/25010003/25010003-5aced4-105x105.jpg,Reyondan,GRAM,Dana Eti,,et-tavuk-balik,https://www.migros.com.tr/rest/search/screens/et-tavuk-balik-c-3?reid=1778322072032000001&sayfa=3
20000014205136,Beşler Nostalji Dana Sucuk 300 G,449.0,449.0,True,https://images.migrosone.com/sanalmarket/product/14205136/14205136_1-da2298-105x105.jpg,Beşler,PIECE,Dana Sucuk,,et-tavuk-balik,https://www.migros.com.tr/rest/search/screens/et-tavuk-balik-c-3?reid=1778322072032000001&sayfa=3
20000014019179,Namet Hindi Sosis 7/24 140 G,87.5,87.5,True,https://images.migrosone.com/sanalmarket/product/14019179/14019179-c87271-105x105.png,Namet,PIECE,Hindi Sosis,,et-tavuk-balik,https://www.migros.com.tr/rest/search/screens/et-tavuk-balik-c-3?reid=1778322072032000001&sayfa=3
20000014901829,Polonez Hindi Füme Eti 50 G,66.5,66.5,True,https://images.migrosone.com/sanalmarket/product/14901829/14901829-7ac5b7-105x105.jpg,Polonez,PIECE,Hindi Füme,,et-tavuk-balik,https://www.migros.com.tr/rest/search/screens/et-tavuk-balik-c-3?reid=1778322072032000001&sayfa=3
20000026100018,Dana Yürek Kg,249.95,249.95,True,https://images.migrosone.com/sanalmarket/product/26100018/26100018-e7aef9-105x105.jpg,Reyondan,GRAM,Sakatat,,et-tavuk-balik,https://www.migros.com.tr/rest/search/screens/et-tavuk-balik-c-3?reid=1778322072032000001&sayfa=3
20000013500036,Keskinoğlu Piliç Schnitzel 300 G,52.95,52.95,True,https://images.migrosone.com/sanalmarket/product/13500036/13500036-ef90ed-105x105.jpg,Keskinoğlu,PIECE,Piliç,İyi Fiyat | MİGROSKOP,et-tavuk-balik,https://www.migros.com.tr/rest/search/screens/et-tavuk-balik-c-3?reid=1778322072032000001&sayfa=3
20000014209319,Namet Dilimli Isıl İşlem Görmüş Sucuk 200 G,240.0,240.0,True,https://images.migrosone.com/sanalmarket/product/14209319/14209319-e65599-105x105.jpg,Namet,PIECE,Dana Sucuk,,et-tavuk-balik,https://www.migros.com.tr/rest/search/screens/et-tavuk-balik-c-3?reid=1778322072032000001&sayfa=3
20000013500028,Lezita Acılı Çıtır Jumbo Fileto 300 G,139.95,139.95,True,https://images.migrosone.com/sanalmarket/product/13500028/13500028-1ef0ef-105x105.jpg,Lezita,PIECE,Piliç,,et-tavuk-balik,https://www.migros.com.tr/rest/search/screens/et-tavuk-balik-c-3?reid=1778322072032000001&sayfa=3
20000014309091,Polonez Pastırma 90 G,349.0,450.0,True,https://images.migrosone.com/sanalmarket/product/14309091/14309091_1-9009fe-105x105.jpg,Polonez,PIECE,Dana Pastırma,"450,00 TL | MİGROSKOP",et-tavuk-balik,https://www.migros.com.tr/rest/search/screens/et-tavuk-balik-c-3?reid=1778322072032000001&sayfa=3
20000025500063,Namet Dana Soslu Pişmiş Parmak Köfte 250 G,119.95,149.95,True,https://images.migrosone.com/sanalmarket/product/25500063/25500063_1-0f8432-105x105.png,Namet,PIECE,Pişmeye Hazır Kırmızı Et,"149,95 TL | MİGROSKOP",et-tavuk-balik,https://www.migros.com.tr/rest/search/screens/et-tavuk-balik-c-3?reid=1778322072032000001&sayfa=4
20000017500001,Dardanel Mezgit Pane 300 G,259.9,295.9,True,https://images.migrosone.com/sanalmarket/product/17500001/17500001_1-a8054d-105x105.jpg,Dardanel,PIECE,Dondurulmuş Deniz Ürünleri,"295,90 TL | MİGROSKOP",et-tavuk-balik,https://www.migros.com.tr/rest/search/screens/et-tavuk-balik-c-3?reid=1778322072032000001&sayfa=4
20000013500037,Keskinoğlu Piliç Kasap Köfte 300 G,69.95,69.95,True,https://images.migrosone.com/sanalmarket/product/13500037/13500037_1-4f3902-105x105.jpg,Keskinoğlu,PIECE,Piliç,,et-tavuk-balik,https://www.migros.com.tr/rest/search/screens/et-tavuk-balik-c-3?reid=1778322072032000001&sayfa=4
20000025010766,Dana Yemeklik Kaburga Kg,559.95,559.95,True,https://images.migrosone.com/sanalmarket/product/25010766/25010766-62a5d4-105x105.jpg,Reyondan,GRAM,Dana Eti,,et-tavuk-balik,https://www.migros.com.tr/rest/search/screens/et-tavuk-balik-c-3?reid=1778322072032000001&sayfa=4
20000025010002,Dana Nuar (Gulaşlık) Çiftlik Kg,979.95,979.95,True,https://images.migrosone.com/sanalmarket/product/25010002/25010002-5efbab-105x105.jpg,Reyondan,GRAM,Dana Eti,,et-tavuk-balik,https://www.migros.com.tr/rest/search/screens/et-tavuk-balik-c-3?reid=1778322072032000001&sayfa=4
20000014209465,Banvit Isıl İşlem Görmüş Piliç Sucuk 250 G,65.9,65.9,True,https://images.migrosone.com/sanalmarket/product/14209465/14209465_1-3f8718-105x105.jpg,Banvit,PIECE,Piliç Sucuk,,et-tavuk-balik,https://www.migros.com.tr/rest/search/screens/et-tavuk-balik-c-3?reid=1778322072032000001&sayfa=4
20000013500027,Lezita Tam Tahıllı Çıtır Jumbo Fileto 300 G,139.95,139.95,True,https://images.migrosone.com/sanalmarket/product/13500027/13500027-6c6e35-105x105.jpg,Lezita,PIECE,Piliç,,et-tavuk-balik,https://www.migros.com.tr/rest/search/screens/et-tavuk-balik-c-3?reid=1778322072032000001&sayfa=4
20000013033140,Orvital Organik Dondurulmuş Piliç But Pirzola 450 G,479.95,479.95,True,https://images.migrosone.com/sanalmarket/product/13033140/13033140-b0c7db-105x105.jpg,Orvital,PIECE,Piliç,,et-tavuk-balik,https://www.migros.com.tr/rest/search/screens/et-tavuk-balik-c-3?reid=1778322072032000001&sayfa=4
20000014109216,Torku Dilimli Salam 60 G,89.95,89.95,True,https://images.migrosone.com/sanalmarket/product/14109216/14109216_1-46aeb8-105x105.jpg,Torku,PIECE,Dana Salam,,et-tavuk-balik,https://www.migros.com.tr/rest/search/screens/et-tavuk-balik-c-3?reid=1778322072032000001&sayfa=4
20000025010588,Dana Yemelik Gerdan Kg,559.95,559.95,True,https://images.migrosone.com/sanalmarket/product/25010588/25010588-b5b19d-105x105.jpg,Reyondan,GRAM,Dana Eti,MİGROSKOP,et-tavuk-balik,https://www.migros.com.tr/rest/search/screens/et-tavuk-balik-c-3?reid=1778322072032000001&sayfa=4
20000046040055,Banvit Piliç Yaprak Döner 200 G,99.95,99.95,True,https://images.migrosone.com/sanalmarket/product/46040055/46040055_1-354656-105x105.jpg,Banvit,PIECE,Piliç,,et-tavuk-balik,https://www.migros.com.tr/rest/search/screens/et-tavuk-balik-c-3?reid=1778322072032000001&sayfa=4
20000018992821,Migros Türk Somonu Füme 100 G,269.9,269.9,True,https://images.migrosone.com/sanalmarket/product/18992821/18992821-a69bf8-105x105.jpg,Migros,PIECE,Hazır Deniz Ürünleri,,et-tavuk-balik,https://www.migros.com.tr/rest/search/screens/et-tavuk-balik-c-3?reid=1778322072032000001&sayfa=4
20000026100026,Dana Dalak Kg,99.95,99.95,True,https://images.migrosone.com/sanalmarket/product/26100026/26100026-de0c16-105x105.jpg,Reyondan,GRAM,Sakatat,,et-tavuk-balik,https://www.migros.com.tr/rest/search/screens/et-tavuk-balik-c-3?reid=1778322072032000001&sayfa=4
20000014209391,Orvital Organik Kangal Sucuk 250 G,575.0,575.0,True,https://images.migrosone.com/sanalmarket/product/14209391/orvital-organik-kangal-fermente-sucuk-250g-26b46a-105x105.jpg,Orvital,PIECE,Dana Sucuk,,et-tavuk-balik,https://www.migros.com.tr/rest/search/screens/et-tavuk-balik-c-3?reid=1778322072032000001&sayfa=4
20000014109292,Namet 7/24 Fıstıklı Dana Macar Salam 50 G,45.5,45.5,True,https://images.migrosone.com/sanalmarket/product/14109292/14109292-027c09-105x105.jpg,Namet,PIECE,Dana Salam,,et-tavuk-balik,https://www.migros.com.tr/rest/search/screens/et-tavuk-balik-c-3?reid=1778322072032000001&sayfa=4
20000014100508,Namet Macar Salam Kg,1449.0,1449.0,True,https://images.migrosone.com/sanalmarket/product/14100508/14100508-ff9322-105x105.png,Namet,GRAM,Dana Salam,İyi Fiyat | MİGROSKOP,et-tavuk-balik,https://www.migros.com.tr/rest/search/screens/et-tavuk-balik-c-3?reid=1778322072032000001&sayfa=4
20000018991066,Çipura 400/600 Kg (Temizlenmeden gönderilecektir.),399.9,399.9,True,https://images.migrosone.com/sanalmarket/product/18991066/18991066-be974c-105x105.jpg,Reyondan,GRAM,Mevsim Balıkları,,et-tavuk-balik,https://www.migros.com.tr/rest/search/screens/et-tavuk-balik-c-3?reid=1778322072032000001&sayfa=4
20000014209411,Polonez Dana Sucuk 240 G,438.75,585.0,True,https://images.migrosone.com/sanalmarket/product/14209411/14209411_1-685df1-105x105.jpg,Polonez,PIECE,Dana Sucuk,"585,00 TL | MİGROSKOP",et-tavuk-balik,https://www.migros.com.tr/rest/search/screens/et-tavuk-balik-c-3?reid=1778322072032000001&sayfa=4
20000026100027,Dana Kuyruk (Pöç) Kg,699.96,699.96,True,https://images.migrosone.com/sanalmarket/product/26100027/26100027-67535e-105x105.jpg,Reyondan,GRAM,Sakatat,,et-tavuk-balik,https://www.migros.com.tr/rest/search/screens/et-tavuk-balik-c-3?reid=1778322072032000001&sayfa=4
20000018991071,Çipura 600/800 Kg,529.9,529.9,True,https://images.migrosone.com/sanalmarket/product/18991071/18991071-be974c-105x105.jpg,Reyondan,GRAM,Mevsim Balıkları,,et-tavuk-balik,https://www.migros.com.tr/rest/search/screens/et-tavuk-balik-c-3?reid=1778322072032000001&sayfa=4
20000014309002,Seçme Pastırma Kg,1999.0,1999.0,True,https://images.migrosone.com/sanalmarket/product/14309002/migros-secme-pastirma-kg-0d5884-105x105.jpg,Seçme,GRAM,Dana Pastırma,İyi Fiyat | MİGROSKOP,et-tavuk-balik,https://www.migros.com.tr/rest/search/screens/et-tavuk-balik-c-3?reid=1778322072032000001&sayfa=4
20000014309065,Apikoğlu Parça Pastırma 80 G,249.0,289.0,True,https://images.migrosone.com/sanalmarket/product/14309065/14309065_1-9125ff-105x105.jpg,Apikoğlu,PIECE,Dana Pastırma,"289,00 TL | MİGROSKOP",et-tavuk-balik,https://www.migros.com.tr/rest/search/screens/et-tavuk-balik-c-3?reid=1778322072032000001&sayfa=4
20000014901502,Polonez Dana Jambon Kg,2250.0,2250.0,True,https://images.migrosone.com/sanalmarket/product/14901502/polonez-dana-jambon-kg-b7bfb9-105x105.jpg,Polonez,GRAM,Dana Jambon,,et-tavuk-balik,https://www.migros.com.tr/rest/search/screens/et-tavuk-balik-c-3?reid=1778322072032000001&sayfa=4
20000014100055,Pınar Aç Bitir Dana Macar Salam Büyük Dilim 50 G,75.75,75.75,True,https://images.migrosone.com/sanalmarket/product/14100055/14100055_1-b68807-105x105.jpg,Pınar,PIECE,Dana Salam,,et-tavuk-balik,https://www.migros.com.tr/rest/search/screens/et-tavuk-balik-c-3?reid=1778322072032000001&sayfa=4
20000017501090,Dardanel Çim Çim Karides 250 G,379.9,379.9,True,https://images.migrosone.com/sanalmarket/product/17501090/17501090_1-45046c-105x105.jpg,Dardanel,PIECE,Dondurulmuş Deniz Ürünleri,,et-tavuk-balik,https://www.migros.com.tr/rest/search/screens/et-tavuk-balik-c-3?reid=1778322072032000001&sayfa=4
20000025030441,Uzman Kasap Misket Köfte 400 G,349.95,349.95,True,https://images.migrosone.com/sanalmarket/product/25030441/25030441-9c2de9-105x105.jpg,Uzman Kasap,PIECE,Dana Eti,3 Al 2 Öde,et-tavuk-balik,https://www.migros.com.tr/rest/search/screens/et-tavuk-balik-c-3?reid=1778322072032000001&sayfa=4
20000013502521,Banvit Piliç Nugget 300 G,67.95,67.95,True,https://images.migrosone.com/sanalmarket/product/13502521/13502521-9db71e-105x105.jpg,Banvit,PIECE,Piliç,,et-tavuk-balik,https://www.migros.com.tr/rest/search/screens/et-tavuk-balik-c-3?reid=1778322072032000001&sayfa=4
20000014109275,Maret Pratik Dana Macar Salam 50 G,62.5,81.5,True,https://images.migrosone.com/sanalmarket/product/14109275/14109275-dd583b-105x105.jpg,Maret,PIECE,Dana Salam,"81,50 TL | MİGROSKOP",et-tavuk-balik,https://www.migros.com.tr/rest/search/screens/et-tavuk-balik-c-3?reid=1778322072032000001&sayfa=4
20000014109132,Pınar Aç Bitir Hindi Salam Taze Dilimlenmiş 10 Dilim 75 G,52.0,52.0,True,https://images.migrosone.com/sanalmarket/product/14109132/14109132_1-f97fbc-105x105.jpg,Pınar,PIECE,Hindi Salam,,et-tavuk-balik,https://www.migros.com.tr/rest/search/screens/et-tavuk-balik-c-3?reid=1778322072032000001&sayfa=4
20000014901989,Namet Hindi Füme 200 G,120.9,120.9,True,https://images.migrosone.com/sanalmarket/product/14901989/14901989-73412e-105x105.png,Namet,PIECE,Hindi Füme,,et-tavuk-balik,https://www.migros.com.tr/rest/search/screens/et-tavuk-balik-c-3?reid=1778322072032000001&sayfa=4
20000014400505,Namet Dana Kavurma 150 G,350.0,350.0,True,https://images.migrosone.com/sanalmarket/product/14400505/14400505_1-5975b4-105x105.jpg,Namet,PIECE,Dana Kavurma,,et-tavuk-balik,https://www.migros.com.tr/rest/search/screens/et-tavuk-balik-c-3?reid=1778322072032000001&sayfa=5
20000013500635,Keskinoğlu Gusto Ballı Barbekü Soslu Piliç 400 G,199.95,199.95,True,https://images.migrosone.com/sanalmarket/product/13500635/13500635_1-0b65ed-105x105.jpg,Keskinoğlu,PIECE,Piliç,,et-tavuk-balik,https://www.migros.com.tr/rest/search/screens/et-tavuk-balik-c-3?reid=1778322072032000001&sayfa=5
20000013509425,Lezita Izgara Dilim Piliç Fileto Chili Soslu 200G,64.95,89.95,True,https://images.migrosone.com/sanalmarket/product/13509425/13509425_1-17c071-105x105.jpg,Lezita,PIECE,Piliç,"89,95 TL | MİGROSKOP",et-tavuk-balik,https://www.migros.com.tr/rest/search/screens/et-tavuk-balik-c-3?reid=1778322072032000001&sayfa=5
20000013500620,Keskinoğlu Piliç Çıtır Bonfile 400 G,149.95,149.95,True,https://images.migrosone.com/sanalmarket/product/13500620/13500620_1-d940e5-105x105.jpg,Keskinoğlu,PIECE,Piliç,,et-tavuk-balik,https://www.migros.com.tr/rest/search/screens/et-tavuk-balik-c-3?reid=1778322072032000001&sayfa=5
20000014109296,Polonez Hindi Parça Etli Salam 90G,79.9,79.9,True,https://images.migrosone.com/sanalmarket/product/14109296/14109296-7841d8-105x105.jpg,Polonez,PIECE,Hindi Salam,2 Al 1 Öde | MİGROSKOP,et-tavuk-balik,https://www.migros.com.tr/rest/search/screens/et-tavuk-balik-c-3?reid=1778322072032000001&sayfa=5
20000026100017,Dana Böbrek Kg,219.95,219.95,True,https://images.migrosone.com/sanalmarket/product/26100017/26100017-fb6ef0-105x105.jpg,Reyondan,GRAM,Sakatat,,et-tavuk-balik,https://www.migros.com.tr/rest/search/screens/et-tavuk-balik-c-3?reid=1778322072032000001&sayfa=5
20000014309015,Antrikot Pastırma Kg,2599.0,2599.0,True,https://images.migrosone.com/sanalmarket/product/14309015/migros-antrikot-pastirma-kg-1b3d10-105x105.jpg,Reyondan,GRAM,Dana Pastırma,,et-tavuk-balik,https://www.migros.com.tr/rest/search/screens/et-tavuk-balik-c-3?reid=1778322072032000001&sayfa=5
20000014901509,Polonez Rozbif Biberli Füme Et Kg,3850.0,3850.0,True,https://images.migrosone.com/sanalmarket/product/14901509/polonez-rozbif-biberli-fume-et-kg-779a17-105x105.jpg,Polonez,GRAM,Dana Füme,,et-tavuk-balik,https://www.migros.com.tr/rest/search/screens/et-tavuk-balik-c-3?reid=1778322072032000001&sayfa=5
20000014109295,Polonez Hindi Fıstıklı Salam 90 G,79.9,79.9,True,https://images.migrosone.com/sanalmarket/product/14109295/14109295-4f02c8-105x105.jpg,Polonez,PIECE,Hindi Salam,2 Al 1 Öde | MİGROSKOP,et-tavuk-balik,https://www.migros.com.tr/rest/search/screens/et-tavuk-balik-c-3?reid=1778322072032000001&sayfa=5
20000014019106,Orvital Organik Dana Sosis 250 G,555.0,555.0,True,https://images.migrosone.com/sanalmarket/product/14019106/14019106-6a290e-105x105.jpg,Orvital,PIECE,Dana Sosis,,et-tavuk-balik,https://www.migros.com.tr/rest/search/screens/et-tavuk-balik-c-3?reid=1778322072032000001&sayfa=5
20000014209460,Maret Dana Kasap Sucuk 400 G,414.0,414.0,True,https://images.migrosone.com/sanalmarket/product/14209460/14209460-7b48cc-105x105.jpg,Maret,PIECE,Dana Sucuk,,et-tavuk-balik,https://www.migros.com.tr/rest/search/screens/et-tavuk-balik-c-3?reid=1778322072032000001&sayfa=5
20000013500639,Gurvita Tavuk Suyu Sade 4 x 50 Ml,159.95,159.95,True,https://images.migrosone.com/sanalmarket/product/13500639/13500639_1-8b8e17-105x105.jpg,Gurvita,PIECE,Piliç,,et-tavuk-balik,https://www.migros.com.tr/rest/search/screens/et-tavuk-balik-c-3?reid=1778322072032000001&sayfa=5
20000013500059,Kemsan Tavuk Suyu 105 Ml,32.95,32.95,True,https://images.migrosone.com/sanalmarket/product/13500059/13500059_1-a9f230-105x105.jpg,Kemsan,PIECE,Piliç,,et-tavuk-balik,https://www.migros.com.tr/rest/search/screens/et-tavuk-balik-c-3?reid=1778322072032000001&sayfa=5
20000014209107,Şahin Parmak Sucuk Kg,1859.0,1859.0,True,https://images.migrosone.com/sanalmarket/product/14209107/sahin-parmak-sucuk-kg-702122-105x105.jpg,Şahin,GRAM,Dana Sucuk,,et-tavuk-balik,https://www.migros.com.tr/rest/search/screens/et-tavuk-balik-c-3?reid=1778322072032000001&sayfa=5
20000013010159,Yeşil Küre Organik Piliç Kanat Kg,729.0,729.0,True,https://images.migrosone.com/sanalmarket/product/13010159/13010159-fe0f12-105x105.jpg,Yeşil Küre,GRAM,Piliç,,et-tavuk-balik,https://www.migros.com.tr/rest/search/screens/et-tavuk-balik-c-3?reid=1778322072032000001&sayfa=5
20000025030468,Gurvita Kuzu İlikli Kemik Suyu 4 x 50 Ml,159.95,159.95,True,https://images.migrosone.com/sanalmarket/product/25030468/25030468_1-f3ba83-105x105.jpg,Gurvita,PIECE,Sakatat,,et-tavuk-balik,https://www.migros.com.tr/rest/search/screens/et-tavuk-balik-c-3?reid=1778322072032000001&sayfa=5
20000013509424,Lezita Izgara Dilim Piliç Fileto Pesto Soslu 200 G,64.95,89.95,True,https://images.migrosone.com/sanalmarket/product/13509424/13509424_1-3f2f0e-105x105.jpg,Lezita,PIECE,Piliç,"89,95 TL | MİGROSKOP",et-tavuk-balik,https://www.migros.com.tr/rest/search/screens/et-tavuk-balik-c-3?reid=1778322072032000001&sayfa=5
20000014901810,Özlem Dana Füme Kuru Et 100G,319.0,440.0,True,https://images.migrosone.com/sanalmarket/product/14901810/14901810-2c1dd4-105x105.jpg,Özlem,PIECE,Dana Füme,"440,00 TL | MİGROSKOP",et-tavuk-balik,https://www.migros.com.tr/rest/search/screens/et-tavuk-balik-c-3?reid=1778322072032000001&sayfa=5
20000017400073,Orvital Organik Dondurulmuş Piliç Baget 550 G,579.95,579.95,True,https://images.migrosone.com/sanalmarket/product/17400073/17400073_1-0a47e5-105x105.jpg,Orvital,PIECE,Piliç,,et-tavuk-balik,https://www.migros.com.tr/rest/search/screens/et-tavuk-balik-c-3?reid=1778322072032000001&sayfa=5
20000013509394,Gedik Piliç Cordon Bleu 285G,82.95,82.95,True,https://images.migrosone.com/sanalmarket/product/13509394/13509394_1-34c3c8-105x105.jpg,Gedik,PIECE,Piliç,,et-tavuk-balik,https://www.migros.com.tr/rest/search/screens/et-tavuk-balik-c-3?reid=1778322072032000001&sayfa=5
20000014900137,Şahin Füme Et Sade Roast Beef 100 G,299.0,389.9,True,https://images.migrosone.com/sanalmarket/product/14900137/14900137_1-0c6adf-105x105.jpg,Şahin,PIECE,Dana Füme,"389,90 TL | MİGROSKOP",et-tavuk-balik,https://www.migros.com.tr/rest/search/screens/et-tavuk-balik-c-3?reid=1778322072032000001&sayfa=5
20000026100001,Dana İşkembe Kg,239.95,239.95,True,https://images.migrosone.com/sanalmarket/product/26100001/26100001-5ed1e3-105x105.jpg,Reyondan,GRAM,Sakatat,,et-tavuk-balik,https://www.migros.com.tr/rest/search/screens/et-tavuk-balik-c-3?reid=1778322072032000001&sayfa=5
20000025030177,Erşan Pişmiş Dana Döner 250 G,279.95,279.95,True,https://images.migrosone.com/sanalmarket/product/25030177/25030177_1-161d5f-105x105.jpg,Erşan,PIECE,Pişmeye Hazır Kırmızı Et,,et-tavuk-balik,https://www.migros.com.tr/rest/search/screens/et-tavuk-balik-c-3?reid=1778322072032000001&sayfa=5
20000018990591,Çipura 300/400 Kg,399.95,399.95,True,https://images.migrosone.com/sanalmarket/product/18990591/18990591-be974c-105x105.jpg,Reyondan,GRAM,Mevsim Balıkları,,et-tavuk-balik,https://www.migros.com.tr/rest/search/screens/et-tavuk-balik-c-3?reid=1778322072032000001&sayfa=5
20000014109274,Torku Dilimli Fıstıklı Salam 50 G,89.95,89.95,True,https://images.migrosone.com/sanalmarket/product/14109274/14109274_1-f0beaf-105x105.jpg,Torku,PIECE,Dana Salam,,et-tavuk-balik,https://www.migros.com.tr/rest/search/screens/et-tavuk-balik-c-3?reid=1778322072032000001&sayfa=5
20000014019061,Pınar 10'lu Ekonomik Sosis 430 G,599.0,599.0,True,https://images.migrosone.com/sanalmarket/product/14019061/14019061_1-177e93-105x105.jpg,Pınar,PIECE,Dana Sosis,,et-tavuk-balik,https://www.migros.com.tr/rest/search/screens/et-tavuk-balik-c-3?reid=1778322072032000001&sayfa=5
20000014900136,Şahin Füme Et Karabiberli Roast Beef 100 G,299.0,389.9,True,https://images.migrosone.com/sanalmarket/product/14900136/14900136_1-621ab1-105x105.jpg,Şahin,PIECE,Dana Füme,"389,90 TL | MİGROSKOP",et-tavuk-balik,https://www.migros.com.tr/rest/search/screens/et-tavuk-balik-c-3?reid=1778322072032000001&sayfa=5
20000011011520,Migros %3 Yağlı Uht Süt 1 L,49.95,49.95,True,https://images.migrosone.com/sanalmarket/product/11011520/11011520-0da5c0-105x105.jpg,Migros,PIECE,Uzun Ömürlü Süt,,sut-kahvaltilik,https://www.migros.com.tr/rest/search/screens/sut-kahvaltilik-c-4?reid=1778322119438000001&sayfa=1
20000020000243,Güres M - Orta Boy Yumurta 30'lu ( 53 - 63 G),169.9,169.9,True,https://images.migrosone.com/sanalmarket/product/20000243/20000243_1-84f770-105x105.jpg,Güres,PIECE,Yumurta,,sut-kahvaltilik,https://www.migros.com.tr/rest/search/screens/sut-kahvaltilik-c-4?reid=1778322119438000001&sayfa=1
20000020000040,Keskinoglu 15'li L Büyük Boy  Yumurta (63-72 G),94.75,94.75,True,https://images.migrosone.com/sanalmarket/product/20000040/20000040_1-b5e0aa-105x105.jpg,Keskinoğlu,PIECE,Yumurta,,sut-kahvaltilik,https://www.migros.com.tr/rest/search/screens/sut-kahvaltilik-c-4?reid=1778322119438000001&sayfa=1
20000010019073,Altınkılıç Tam Yağlı Olgunlaştırılmış İnek Peyniri 500 G,349.95,349.95,True,https://images.migrosone.com/sanalmarket/product/10019073/10019073_1-e346bc-105x105.jpg,Altınkılıç,PIECE,İnek Peyniri,50 TL Sepette 219 TL,sut-kahvaltilik,https://www.migros.com.tr/rest/search/screens/sut-kahvaltilik-c-4?reid=1778322119438000001&sayfa=1
20000012500380,Sütaş Kaymaksız Yoğurt 1000 G,89.95,89.95,True,https://images.migrosone.com/sanalmarket/product/12500380/12500380-e81483-105x105.jpg,Sütaş,PIECE,Sade Yoğurt,,sut-kahvaltilik,https://www.migros.com.tr/rest/search/screens/sut-kahvaltilik-c-4?reid=1778322119438000001&sayfa=1
20000010406860,Sek Protein Quark 165 G,75.95,75.95,True,https://images.migrosone.com/sanalmarket/product/10406860/10406860-b88d7a-105x105.jpg,Sek,PIECE,Quark Peyniri,,sut-kahvaltilik,https://www.migros.com.tr/rest/search/screens/sut-kahvaltilik-c-4?reid=1778322119438000001&sayfa=1
20000012501956,Migros Tam Yağlı Homojenize Yoğurt 1500 G,97.5,97.5,True,https://images.migrosone.com/sanalmarket/product/12501956/12501956-df360a-105x105.jpg,Migros,PIECE,Sade Yoğurt,,sut-kahvaltilik,https://www.migros.com.tr/rest/search/screens/sut-kahvaltilik-c-4?reid=1778322119438000001&sayfa=1
20000012501957,Migros Tam Yağlı Homojenize Yoğurt 3000 G,181.95,181.95,True,https://images.migrosone.com/sanalmarket/product/12501957/12501957-e57f90-105x105.jpg,Migros,PIECE,Sade Yoğurt,,sut-kahvaltilik,https://www.migros.com.tr/rest/search/screens/sut-kahvaltilik-c-4?reid=1778322119438000001&sayfa=1
20000011552001,Tikveşli %18 Yağlı Krema 200 Ml,49.5,59.5,True,https://images.migrosone.com/sanalmarket/product/11552001/11552001-2923b1-105x105.jpg,Tikveşli,PIECE,Krema ve Sos,"59,50 TL | MİGROSKOP",sut-kahvaltilik,https://www.migros.com.tr/rest/search/screens/sut-kahvaltilik-c-4?reid=1778322119438000001&sayfa=1
20000011010167,Migros Yarım Yağlı Laktozsuz Uht Süt 1 L,59.5,59.5,True,https://images.migrosone.com/sanalmarket/product/11010167/11010167-f9b511-105x105.jpg,Migros,PIECE,Uzun Ömürlü Süt,,sut-kahvaltilik,https://www.migros.com.tr/rest/search/screens/sut-kahvaltilik-c-4?reid=1778322119438000001&sayfa=1
20000012500986,Sütaş Tava Yoğurt 1000 G,129.95,129.95,True,https://images.migrosone.com/sanalmarket/product/12500986/12500986-39f50e-105x105.jpg,Sütaş,PIECE,Kaymaklı Yoğurt,,sut-kahvaltilik,https://www.migros.com.tr/rest/search/screens/sut-kahvaltilik-c-4?reid=1778322119438000001&sayfa=1
20000010017205,Sütaş Süzme Peynir 250 G,79.95,99.95,True,https://images.migrosone.com/sanalmarket/product/10017205/sutas-suzme-peynir-250-gr-d51e94-105x105.jpg,Sütaş,PIECE,Süzme Peynir,"99,95 TL | MİGROSKOP",sut-kahvaltilik,https://www.migros.com.tr/rest/search/screens/sut-kahvaltilik-c-4?reid=1778322119438000001&sayfa=1
20000011010089,Pınar Denge Laktozsuz Süt 1 L,81.95,81.95,True,https://images.migrosone.com/sanalmarket/product/11010089/11010089_1-74fc9a-105x105.jpeg,Pınar,PIECE,Uzun Ömürlü Süt,,sut-kahvaltilik,https://www.migros.com.tr/rest/search/screens/sut-kahvaltilik-c-4?reid=1778322119438000001&sayfa=1
20000020001943,M Life Organik 10'lu M - Orta Boy Yumurta (53-62 G),149.95,149.95,True,https://images.migrosone.com/sanalmarket/product/20001943/20001943-9d9116-105x105.jpg,M Life,PIECE,Yumurta,,sut-kahvaltilik,https://www.migros.com.tr/rest/search/screens/sut-kahvaltilik-c-4?reid=1778322119438000001&sayfa=1
20000010108647,İçim Taze Kaşar Peyniri 700 G,412.95,412.95,True,https://images.migrosone.com/sanalmarket/product/10108647/10108647_1-f1b223-105x105.jpg,İçim,PIECE,Taze Kaşar,,sut-kahvaltilik,https://www.migros.com.tr/rest/search/screens/sut-kahvaltilik-c-4?reid=1778322119438000001&sayfa=1
20000010350036,Pınar Labne 400 G,165.9,165.9,True,https://images.migrosone.com/sanalmarket/product/10350036/10350036_1-459361-105x105.jpg,Pınar,PIECE,Krem Peynir,,sut-kahvaltilik,https://www.migros.com.tr/rest/search/screens/sut-kahvaltilik-c-4?reid=1778322119438000001&sayfa=1
20000011010168,Danone Uht Laktozsuz İçme Sütü 1 L,76.5,76.5,True,https://images.migrosone.com/sanalmarket/product/11010168/11010168-6084b8-105x105.jpg,Danone,PIECE,Uzun Ömürlü Süt,,sut-kahvaltilik,https://www.migros.com.tr/rest/search/screens/sut-kahvaltilik-c-4?reid=1778322119438000001&sayfa=1
20000010109862,Altınkılıç Gurme Eski Kaşar 250 G,246.0,246.0,True,https://images.migrosone.com/sanalmarket/product/10109862/10109862_1-1613ae-105x105.jpg,Altınkılıç,PIECE,Eski Kaşar,,sut-kahvaltilik,https://www.migros.com.tr/rest/search/screens/sut-kahvaltilik-c-4?reid=1778322119438000001&sayfa=1
20000011010066,İçim Rahat Laktozsuz Süt 1 L,79.5,79.5,True,https://images.migrosone.com/sanalmarket/product/11010066/11010066-90d964-105x105.jpg,İçim,PIECE,Uzun Ömürlü Süt,,sut-kahvaltilik,https://www.migros.com.tr/rest/search/screens/sut-kahvaltilik-c-4?reid=1778322119438000001&sayfa=1
20000046054277,Naturaköy Gezen 15'li Yumurta M Orta Boy (53-62) G,169.95,169.95,True,https://images.migrosone.com/sanalmarket/product/46054277/46054277-c36b51-105x105.jpg,Naturaköy,PIECE,Yumurta,,sut-kahvaltilik,https://www.migros.com.tr/rest/search/screens/sut-kahvaltilik-c-4?reid=1778322119438000001&sayfa=1
20000011019904,Torku Uht Süt 1 L,69.95,69.95,True,https://images.migrosone.com/sanalmarket/product/11019904/11019904_1-f55980-105x105.jpg,Torku,PIECE,Uzun Ömürlü Süt,,sut-kahvaltilik,https://www.migros.com.tr/rest/search/screens/sut-kahvaltilik-c-4?reid=1778322119438000001&sayfa=1
20000010101987,Bahçıvan Mozzarella Peyniri Rende 200 G,215.9,215.9,True,https://images.migrosone.com/sanalmarket/product/10101987/10101987-f7e0cb-105x105.jpg,Bahçıvan,PIECE,Taze Kaşar,,sut-kahvaltilik,https://www.migros.com.tr/rest/search/screens/sut-kahvaltilik-c-4?reid=1778322119438000001&sayfa=1
20000020001940,Orvital Organik 10'lu M Orta Boy Yumurta (53-62 G),149.95,149.95,True,https://images.migrosone.com/sanalmarket/product/20001940/orvital-organik-10-lu-m-orta-boy-yumurta-53-62-gr-51e514-105x105.jpg,Orvital,PIECE,Yumurta,,sut-kahvaltilik,https://www.migros.com.tr/rest/search/screens/sut-kahvaltilik-c-4?reid=1778322119438000001&sayfa=1
20000011012000,Sek Süt 1 L,68.95,68.95,True,https://images.migrosone.com/sanalmarket/product/11012000/11012000_1-ad06f1-105x105.jpg,Sek,PIECE,Uzun Ömürlü Süt,,sut-kahvaltilik,https://www.migros.com.tr/rest/search/screens/sut-kahvaltilik-c-4?reid=1778322119438000001&sayfa=1
20000010010051,Ünal Dilimli Klasik Beyaz Peynir 450 G,379.95,379.95,True,https://images.migrosone.com/sanalmarket/product/10010051/10010051-437ae1-105x105.jpg,Ünal,PIECE,İnek Peyniri,,sut-kahvaltilik,https://www.migros.com.tr/rest/search/screens/sut-kahvaltilik-c-4?reid=1778322119438000001&sayfa=1
20000012017027,Migros Tereyağı 250 G,155.9,155.9,True,https://images.migrosone.com/sanalmarket/product/12017027/12017027-ae031e-105x105.jpg,Migros,PIECE,Tereyağı,,sut-kahvaltilik,https://www.migros.com.tr/rest/search/screens/sut-kahvaltilik-c-4?reid=1778322119438000001&sayfa=1
20000011552590,İçim Şef %35 Yağlı Krema 200 Ml,64.9,81.9,True,https://images.migrosone.com/sanalmarket/product/11552590/11552590_1-baf912-105x105.jpeg,İçim,PIECE,Krema ve Sos,"81,90 TL | MİGROSKOP",sut-kahvaltilik,https://www.migros.com.tr/rest/search/screens/sut-kahvaltilik-c-4?reid=1778322119438000001&sayfa=1
20000011010267,Torku Laktozsuz Süt 1 L,59.9,72.5,True,https://images.migrosone.com/sanalmarket/product/11010267/11010267_1-9d0dbd-105x105.jpg,Torku,PIECE,Uzun Ömürlü Süt,"72,50 TL",sut-kahvaltilik,https://www.migros.com.tr/rest/search/screens/sut-kahvaltilik-c-4?reid=1778322119438000001&sayfa=1
20000012017028,Migros Tereyağı 1 Kg,479.9,479.9,True,https://images.migrosone.com/sanalmarket/product/12017028/12017028_1-824cb2-105x105.jpg,Migros,PIECE,Tereyağı,,sut-kahvaltilik,https://www.migros.com.tr/rest/search/screens/sut-kahvaltilik-c-4?reid=1778322119438000001&sayfa=1
20000012501082,Sütaş Kaymak Gibi Kaymaksız Yoğurt 1250 G,145.0,145.0,True,https://images.migrosone.com/sanalmarket/product/12501082/12501082-801c76-105x105.jpg,Sütaş,PIECE,Sade Yoğurt,,sut-kahvaltilik,https://www.migros.com.tr/rest/search/screens/sut-kahvaltilik-c-4?reid=1778322119438000001&sayfa=1
20000011010010,Pınar Süt 1 L,75.0,75.0,True,https://images.migrosone.com/sanalmarket/product/11010010/11010010-597764-105x105.jpg,Pınar,PIECE,Uzun Ömürlü Süt,,sut-kahvaltilik,https://www.migros.com.tr/rest/search/screens/sut-kahvaltilik-c-4?reid=1778322119438000001&sayfa=2
20000046054060,Torku Yarım Yağlı Süt 1 L,49.95,59.5,True,https://images.migrosone.com/sanalmarket/product/46054060/46054060_1-84662c-105x105.jpg,Torku,PIECE,Uzun Ömürlü Süt,"59,50 TL | MİGROSKOP",sut-kahvaltilik,https://www.migros.com.tr/rest/search/screens/sut-kahvaltilik-c-4?reid=1778322119438000001&sayfa=2
20000007155709,Nutella Kakaolu Fındık Kreması 750 G,272.5,272.5,True,https://images.migrosone.com/sanalmarket/product/07155709/7155709_1-fc84e2-105x105.jpg,Nutella,PIECE,"Kakao, Fındık Kremaları",MİGROSKOP,sut-kahvaltilik,https://www.migros.com.tr/rest/search/screens/sut-kahvaltilik-c-4?reid=1778322119438000001&sayfa=2
20000011011501,Migros Yarım Yağlı Uht Süt 1 L,40.75,40.75,True,https://images.migrosone.com/sanalmarket/product/11011501/11011501-6e817e-105x105.jpg,Migros,PIECE,Uzun Ömürlü Süt,,sut-kahvaltilik,https://www.migros.com.tr/rest/search/screens/sut-kahvaltilik-c-4?reid=1778322119438000001&sayfa=2
20000010100027,Tahsildaroğlu Taze Tam Yağlı Dil Peyniri 200 G,199.9,199.9,True,https://images.migrosone.com/sanalmarket/product/10100027/10100027-794c6a-105x105.jpg,Tahsildaroğlu,PIECE,Yerli Yöresel Peynir,,sut-kahvaltilik,https://www.migros.com.tr/rest/search/screens/sut-kahvaltilik-c-4?reid=1778322119438000001&sayfa=2
20000012502008,Tire Süt Kooperatifi Kaymaklı Yoğurt 1500 G,240.0,240.0,True,https://images.migrosone.com/sanalmarket/product/12502008/12502008-ac7fae-105x105.jpg,Tire Süt Kooperatifi,PIECE,Kaymaklı Yoğurt,,sut-kahvaltilik,https://www.migros.com.tr/rest/search/screens/sut-kahvaltilik-c-4?reid=1778322119438000001&sayfa=2
20000010019232,Tahsildaroğlu Dilimli Klasik İnek Beyaz Peynir 450 G,349.9,349.9,True,https://images.migrosone.com/sanalmarket/product/10019232/10019232-0e439b-105x105.jpg,Tahsildaroğlu,PIECE,İnek Peyniri,,sut-kahvaltilik,https://www.migros.com.tr/rest/search/screens/sut-kahvaltilik-c-4?reid=1778322119438000001&sayfa=2
20000011015050,Pınar Protein Kakaolu Süt 500 Ml,85.0,85.0,True,https://images.migrosone.com/sanalmarket/product/11015050/11015050-c2c73d-105x105.jpg,Pınar,PIECE,Uzun Ömürlü Süt,,sut-kahvaltilik,https://www.migros.com.tr/rest/search/screens/sut-kahvaltilik-c-4?reid=1778322119438000001&sayfa=2
20000010409127,Sek Quark Ananas 140 G,59.95,59.95,True,https://images.migrosone.com/sanalmarket/product/10409127/10409127-943506-105x105.jpg,Sek,PIECE,Quark Peyniri,,sut-kahvaltilik,https://www.migros.com.tr/rest/search/screens/sut-kahvaltilik-c-4?reid=1778322119438000001&sayfa=2
20000005099191,Eti Lifalif İnce Öğütülmüş Yulaf Ezmesi 350 G,90.95,90.95,True,https://images.migrosone.com/sanalmarket/product/05099191/05099191-4295ee-105x105.jpg,Lifalif,PIECE,Mısır Gevreği,,sut-kahvaltilik,https://www.migros.com.tr/rest/search/screens/sut-kahvaltilik-c-4?reid=1778322119438000001&sayfa=2
20000016011294,Cem Gemlik Sele Siyah Zeytin 261 - 290 Ad/Kg,380.0,380.0,True,https://images.migrosone.com/sanalmarket/product/16011294/cem-gemlik-sele-siyah-zeytin-261-290-adet-kg-e48033-105x105.jpg,Cem Zeytin,GRAM,Siyah Zeytin,,sut-kahvaltilik,https://www.migros.com.tr/rest/search/screens/sut-kahvaltilik-c-4?reid=1778322119438000001&sayfa=2
20000011011521,Migros %3 Yağlı UHT İçme Sütü 200 Ml,14.75,14.75,True,https://images.migrosone.com/sanalmarket/product/11011521/11011521-dc97c1-105x105.jpg,Migros,PIECE,Uzun Ömürlü Süt,,sut-kahvaltilik,https://www.migros.com.tr/rest/search/screens/sut-kahvaltilik-c-4?reid=1778322119438000001&sayfa=2
20000020000310,Raya Organik 8'li M Boy Yumurta (53 - 62 G),119.95,119.95,True,https://images.migrosone.com/sanalmarket/product/20000310/20000310-c327f8-105x105.jpg,Raya,PIECE,Yumurta,,sut-kahvaltilik,https://www.migros.com.tr/rest/search/screens/sut-kahvaltilik-c-4?reid=1778322119438000001&sayfa=2
20000011550031,Sek % 18 Yağlı Krema 200 Ml,64.95,64.95,True,https://images.migrosone.com/sanalmarket/product/11550031/11550031-3ec399-105x105.jpeg,Sek,PIECE,Krema ve Sos,,sut-kahvaltilik,https://www.migros.com.tr/rest/search/screens/sut-kahvaltilik-c-4?reid=1778322119438000001&sayfa=2
20000011015405,Sek Pastörize Günlük Şişe Süt 1 L,109.0,109.0,True,https://images.migrosone.com/sanalmarket/product/11015405/11015405-eb805e-105x105.jpg,Sek,PIECE,Günlük Süt,,sut-kahvaltilik,https://www.migros.com.tr/rest/search/screens/sut-kahvaltilik-c-4?reid=1778322119438000001&sayfa=2
20000012500375,Sütaş Kaymaksız Yoğurt 600 G,59.5,59.5,True,https://images.migrosone.com/sanalmarket/product/12500375/12500375-12899d-105x105.jpg,Sütaş,PIECE,Sade Yoğurt,,sut-kahvaltilik,https://www.migros.com.tr/rest/search/screens/sut-kahvaltilik-c-4?reid=1778322119438000001&sayfa=2
20000010302093,Pınar Beyaz 180 G,113.9,113.9,True,https://images.migrosone.com/sanalmarket/product/10302093/10302093-56888b-105x105.jpg,Pınar,PIECE,Krem Peynir,,sut-kahvaltilik,https://www.migros.com.tr/rest/search/screens/sut-kahvaltilik-c-4?reid=1778322119438000001&sayfa=2
20000020002026,Doğalım Organik Yumurta 10'lu M Boy (53-62 G),139.95,139.95,True,https://images.migrosone.com/sanalmarket/product/20002026/20002026-495c95-105x105.jpg,Doğalım,PIECE,Yumurta,,sut-kahvaltilik,https://www.migros.com.tr/rest/search/screens/sut-kahvaltilik-c-4?reid=1778322119438000001&sayfa=2
20000012500044,Migros Süzme Yoğurt 900 G,135.5,135.5,True,https://images.migrosone.com/sanalmarket/product/12500044/12500044-71fd65-105x105.jpg,Migros,PIECE,"Süzme, Çeşnili Yoğurt",,sut-kahvaltilik,https://www.migros.com.tr/rest/search/screens/sut-kahvaltilik-c-4?reid=1778322119438000001&sayfa=2
20000010019126,Taciroğlu 3 Dilimli Tam Yağlı Olgunlaştırılmış İnek Peyniri 450 G,279.9,379.9,True,https://images.migrosone.com/sanalmarket/product/10019126/10019126_1-4d4106-105x105.jpg,Taciroğlu,PIECE,İnek Peyniri,"379,90 TL | MİGROSKOP",sut-kahvaltilik,https://www.migros.com.tr/rest/search/screens/sut-kahvaltilik-c-4?reid=1778322119438000001&sayfa=2
20000007155050,Nutella Kakaolu Fındık Kreması 400 G,159.95,159.95,True,https://images.migrosone.com/sanalmarket/product/07155050/7155050-ccf08f-105x105.png,Nutella,PIECE,"Kakao, Fındık Kremaları",MİGROSKOP,sut-kahvaltilik,https://www.migros.com.tr/rest/search/screens/sut-kahvaltilik-c-4?reid=1778322119438000001&sayfa=2
20000010409126,Sek Quark Çilek 140 G,59.95,59.95,True,https://images.migrosone.com/sanalmarket/product/10409126/10409126-cc7f8e-105x105.jpg,Sek,PIECE,Quark Peyniri,,sut-kahvaltilik,https://www.migros.com.tr/rest/search/screens/sut-kahvaltilik-c-4?reid=1778322119438000001&sayfa=2
20000010403994,Mandıra Lezzeti Tam Yağlı Taze Çeçil Peyniri 250 G,149.9,149.9,True,https://images.migrosone.com/sanalmarket/product/10403994/10403994_1-9107dc-105x105.jpg,Mandıra Lezzeti,PIECE,Yerli Yöresel Peynir,,sut-kahvaltilik,https://www.migros.com.tr/rest/search/screens/sut-kahvaltilik-c-4?reid=1778322119438000001&sayfa=2
20000010013111,Bahçıvan Süzme Peynir 500 G,189.95,189.95,True,https://images.migrosone.com/sanalmarket/product/10013111/10013111-826d5a-105x105.jpg,Bahçıvan,PIECE,Süzme Peynir,,sut-kahvaltilik,https://www.migros.com.tr/rest/search/screens/sut-kahvaltilik-c-4?reid=1778322119438000001&sayfa=2
20000012500144,Migros Tam Yağlı Kaymaklı Yoğurt 1 Kg,86.9,86.9,True,https://images.migrosone.com/sanalmarket/product/12500144/12500144-2b2168-105x105.jpg,Migros,PIECE,Kaymaklı Yoğurt,,sut-kahvaltilik,https://www.migros.com.tr/rest/search/screens/sut-kahvaltilik-c-4?reid=1778322119438000001&sayfa=2
20000011013029,İçim Sade Süt 6X200 Ml,131.0,131.0,True,https://images.migrosone.com/sanalmarket/product/11013029/11013029-c36872-105x105.jpg,İçim,PIECE,Uzun Ömürlü Süt,,sut-kahvaltilik,https://www.migros.com.tr/rest/search/screens/sut-kahvaltilik-c-4?reid=1778322119438000001&sayfa=2
20000010100123,Onsüt Tam Yağlı Taze Kaşar Peyniri 700 G,309.9,309.9,True,https://images.migrosone.com/sanalmarket/product/10100123/10100123-dd2ade-105x105.jpg,Onsüt,PIECE,Taze Kaşar,,sut-kahvaltilik,https://www.migros.com.tr/rest/search/screens/sut-kahvaltilik-c-4?reid=1778322119438000001&sayfa=2
20000010019149,Migros İnek Peyniri 600G,275.0,275.0,True,https://images.migrosone.com/sanalmarket/product/10019149/10019149-0f4be4-105x105.jpg,Migros,PIECE,İnek Peyniri,,sut-kahvaltilik,https://www.migros.com.tr/rest/search/screens/sut-kahvaltilik-c-4?reid=1778322119438000001&sayfa=2
20000011015056,Pınar Protein Kahveli Süt 500 ml,85.0,85.0,True,https://images.migrosone.com/sanalmarket/product/11015056/11015056-14c1f9-105x105.jpg,Pınar,PIECE,Uzun Ömürlü Süt,,sut-kahvaltilik,https://www.migros.com.tr/rest/search/screens/sut-kahvaltilik-c-4?reid=1778322119438000001&sayfa=2
20000020000075,Atatürk Orman Çiftliği Organik Yumurta 10'lu M 53-63 G,149.95,149.95,True,https://images.migrosone.com/sanalmarket/product/20000075/20000075_1-0e43d1-105x105.jpg,Atatürk Orman Çiftliği,PIECE,Yumurta,,sut-kahvaltilik,https://www.migros.com.tr/rest/search/screens/sut-kahvaltilik-c-4?reid=1778322119438000001&sayfa=2
20000010019056,Migros Süzme Peynir 500 G,119.95,119.95,True,https://images.migrosone.com/sanalmarket/product/10019056/10019056-4c01ef-105x105.jpg,Migros,PIECE,Süzme Peynir,,sut-kahvaltilik,https://www.migros.com.tr/rest/search/screens/sut-kahvaltilik-c-4?reid=1778322119438000001&sayfa=3
20000020000077,M Life Kafessiz M Boy Tavuk Yumurtası 10'lu 53-62 G,89.95,89.95,True,https://images.migrosone.com/sanalmarket/product/20000077/20000077_1-4453f4-105x105.jpg,M Life,PIECE,Yumurta,,sut-kahvaltilik,https://www.migros.com.tr/rest/search/screens/sut-kahvaltilik-c-4?reid=1778322119438000001&sayfa=3
20000010403370,Muratbey Burgu Peyniri 200 G,152.9,216.9,True,https://images.migrosone.com/sanalmarket/product/10403370/10403370_1-eca25e-105x105.jpg,Muratbey,PIECE,Yerli Yöresel Peynir,"216,90 TL | MİGROSKOP",sut-kahvaltilik,https://www.migros.com.tr/rest/search/screens/sut-kahvaltilik-c-4?reid=1778322119438000001&sayfa=3
20000010017209,Ekici Beyaz Peynir Kg,295.0,295.0,True,https://images.migrosone.com/sanalmarket/product/10017209/ekici-beyaz-peynir-kg-a4d730-105x105.jpg,Ekici,GRAM,Süzme Peynir,İyi Fiyat | MİGROSKOP,sut-kahvaltilik,https://www.migros.com.tr/rest/search/screens/sut-kahvaltilik-c-4?reid=1778322119438000001&sayfa=3
20000012500700,Torku Yoğurt 1.5 Kg,114.95,142.95,True,https://images.migrosone.com/sanalmarket/product/12500700/12500700-bc3d66-105x105.jpg,Torku,PIECE,Sade Yoğurt,"142,95 TL | MİGROSKOP",sut-kahvaltilik,https://www.migros.com.tr/rest/search/screens/sut-kahvaltilik-c-4?reid=1778322119438000001&sayfa=3
20000012500184,Activia Probiyotik Laktozsuz Sade Yoğurt 4X100 G,114.5,114.5,True,https://images.migrosone.com/sanalmarket/product/12500184/12500184_1-5d11a4-105x105.jpg,Activia,PIECE,Diğer Yoğurtlar,,sut-kahvaltilik,https://www.migros.com.tr/rest/search/screens/sut-kahvaltilik-c-4?reid=1778322119438000001&sayfa=3
20000004201951,Teremyağ Paket Margarin 250 G,43.4,62.0,True,https://images.migrosone.com/sanalmarket/product/04201951/4201951_1-04614e-105x105.jpg,Teremyağ,PIECE,Paket Margarin,"62,00 TL | MİGROSKOP",sut-kahvaltilik,https://www.migros.com.tr/rest/search/screens/sut-kahvaltilik-c-4?reid=1778322119438000001&sayfa=3
20000007155930,Züber Original Fıstık Ezmesi 315 G,349.95,349.95,True,https://images.migrosone.com/sanalmarket/product/07155930/07155930_1-2d8d40-105x105.jpg,Züber,PIECE,Fıstık Ezmesi,50 TL Sepette 209 TL,sut-kahvaltilik,https://www.migros.com.tr/rest/search/screens/sut-kahvaltilik-c-4?reid=1778322119438000001&sayfa=3
20000046051849,Arslan Manda Sütlü Çömlek Yoğurt 1000 G,224.0,263.0,True,https://images.migrosone.com/sanalmarket/product/46051849/46051849-d0f3b3-105x105.jpg,Arslan,PIECE,Kaymaklı Yoğurt,"263,00 TL | MİGROSKOP",sut-kahvaltilik,https://www.migros.com.tr/rest/search/screens/sut-kahvaltilik-c-4?reid=1778322119438000001&sayfa=3
20000012500129,Activia Shot X2 Probiyotik Ahududu & Hibiskus 4X80 Ml,131.9,131.9,True,https://images.migrosone.com/sanalmarket/product/12500129/12500129_1-b96733-105x105.jpg,Activia,PIECE,Diğer Yoğurtlar,,sut-kahvaltilik,https://www.migros.com.tr/rest/search/screens/sut-kahvaltilik-c-4?reid=1778322119438000001&sayfa=3
20000010401060,Migros Hellim Peyniri 250 G,114.5,114.5,True,https://images.migrosone.com/sanalmarket/product/10401060/10401060-5a21f9-105x105.jpg,Migros,PIECE,Yerli Yöresel Peynir,İyi Fiyat | MİGROSKOP,sut-kahvaltilik,https://www.migros.com.tr/rest/search/screens/sut-kahvaltilik-c-4?reid=1778322119438000001&sayfa=3
20000012500197,Activia İyi Hisset Probiyotik Bowl Ahududu Yulaf Ceviz 150g,64.0,64.0,True,https://images.migrosone.com/sanalmarket/product/12500197/12500197_1-21049e-105x105.jpg,Activia,PIECE,Diğer Yoğurtlar,,sut-kahvaltilik,https://www.migros.com.tr/rest/search/screens/sut-kahvaltilik-c-4?reid=1778322119438000001&sayfa=3
20000010101938,Torku Tam Yağlı Taze Kaşar Peyniri 600 G,479.9,479.9,True,https://images.migrosone.com/sanalmarket/product/10101938/10101938_1-855445-105x105.jpg,Torku,PIECE,Taze Kaşar,,sut-kahvaltilik,https://www.migros.com.tr/rest/search/screens/sut-kahvaltilik-c-4?reid=1778322119438000001&sayfa=3
20000012501891,Eker Kaymaklı Tava Yoğurt 1 Kg,122.0,122.0,True,https://images.migrosone.com/sanalmarket/product/12501891/12501891_1-367792-105x105.jpg,Eker,PIECE,Kaymaklı Yoğurt,,sut-kahvaltilik,https://www.migros.com.tr/rest/search/screens/sut-kahvaltilik-c-4?reid=1778322119438000001&sayfa=3
20000010409125,Sek Quark Sade 140 G,59.95,59.95,True,https://images.migrosone.com/sanalmarket/product/10409125/10409125-572d57-105x105.jpg,Sek,PIECE,Quark Peyniri,,sut-kahvaltilik,https://www.migros.com.tr/rest/search/screens/sut-kahvaltilik-c-4?reid=1778322119438000001&sayfa=3
20000007078075,Balparmak Çıt Kapak Yayla Çiçek Balı 600 G,699.95,699.95,True,https://images.migrosone.com/sanalmarket/product/07078075/07078075-086e99-105x105.jpg,Balparmak,PIECE,Çiçek Balı,,sut-kahvaltilik,https://www.migros.com.tr/rest/search/screens/sut-kahvaltilik-c-4?reid=1778322119438000001&sayfa=3
20000012100021,Eker Kaymak 200 G,151.5,151.5,True,https://images.migrosone.com/sanalmarket/product/12100021/12100021_1-ec46b4-105x105.jpg,Eker,PIECE,Kaymak,,sut-kahvaltilik,https://www.migros.com.tr/rest/search/screens/sut-kahvaltilik-c-4?reid=1778322119438000001&sayfa=3
20000010101786,Muratbey Tam Yağlı Taze Kaşar 500 G,499.9,499.9,True,https://images.migrosone.com/sanalmarket/product/10101786/10101786_1-5ed385-105x105.jpg,Muratbey,PIECE,Taze Kaşar,,sut-kahvaltilik,https://www.migros.com.tr/rest/search/screens/sut-kahvaltilik-c-4?reid=1778322119438000001&sayfa=3
20000012500196,Migros Yarım Yağlı Homojenize Yoğurt 2 Kg,105.0,105.0,True,https://images.migrosone.com/sanalmarket/product/12500196/12500196_1-c803e1-105x105.jpg,Migros,PIECE,Sade Yoğurt,,sut-kahvaltilik,https://www.migros.com.tr/rest/search/screens/sut-kahvaltilik-c-4?reid=1778322119438000001&sayfa=3
20000020002001,Raya Gezen Tavuk Yumurtası 10'lu M Boy,114.95,114.95,True,https://images.migrosone.com/sanalmarket/product/20002001/20002001-8c38be-105x105.jpg,Raya,PIECE,Yumurta,,sut-kahvaltilik,https://www.migros.com.tr/rest/search/screens/sut-kahvaltilik-c-4?reid=1778322119438000001&sayfa=3
20000010302110,Migros Tam Yağlı Taze Labne Peynir 200 G,56.95,56.95,True,https://images.migrosone.com/sanalmarket/product/10302110/10302110-39aeef-105x105.jpg,Migros,PIECE,Krem Peynir,,sut-kahvaltilik,https://www.migros.com.tr/rest/search/screens/sut-kahvaltilik-c-4?reid=1778322119438000001&sayfa=3
20000011012260,Orvital Organik Yağlı  Pastorize Süt 1 L,139.9,139.9,True,https://images.migrosone.com/sanalmarket/product/11012260/orvital-organik-yagli-pastorize-sut-1-l-7692a9-105x105.jpg,Orvital,PIECE,Günlük Süt,,sut-kahvaltilik,https://www.migros.com.tr/rest/search/screens/sut-kahvaltilik-c-4?reid=1778322119438000001&sayfa=3
20000012010045,Özışık Tereyağı 1 Kg,479.0,699.9,True,https://images.migrosone.com/sanalmarket/product/12010045/12010045-91fd8e-105x105.jpg,Özışık,PIECE,Tereyağı,"699,90 TL",sut-kahvaltilik,https://www.migros.com.tr/rest/search/screens/sut-kahvaltilik-c-4?reid=1778322119438000001&sayfa=3
20000010209187,Altınkılıç Gurme Tulum Peyniri 250 G,277.5,277.5,True,https://images.migrosone.com/sanalmarket/product/10209187/10209187-6b2527-105x105.jpg,Altınkılıç,PIECE,Tulum Peyniri,,sut-kahvaltilik,https://www.migros.com.tr/rest/search/screens/sut-kahvaltilik-c-4?reid=1778322119438000001&sayfa=3
20000010100029,Tahsildaroğlu Taze Tam Yağlı Çeçil Peyniri 180 G,199.9,199.9,True,https://images.migrosone.com/sanalmarket/product/10100029/10100029-f3c2e7-105x105.jpg,Tahsildaroğlu,PIECE,Yerli Yöresel Peynir,,sut-kahvaltilik,https://www.migros.com.tr/rest/search/screens/sut-kahvaltilik-c-4?reid=1778322119438000001&sayfa=3
20000020001985,Coşkun Organik Yumurta 10'lu M Boy (53-62) G,147.95,147.95,True,https://images.migrosone.com/sanalmarket/product/20001985/20001985_1-7d6ddb-105x105.jpg,Coşkun,PIECE,Yumurta,,sut-kahvaltilik,https://www.migros.com.tr/rest/search/screens/sut-kahvaltilik-c-4?reid=1778322119438000001&sayfa=3
20000010109084,Mandıra Lezzeti Tam Yağlı Taze Kaşar Peyniri 700 G,379.9,379.9,True,https://images.migrosone.com/sanalmarket/product/10109084/10109084_1-3881cb-105x105.jpg,Mandıra Lezzeti,PIECE,Taze Kaşar,,sut-kahvaltilik,https://www.migros.com.tr/rest/search/screens/sut-kahvaltilik-c-4?reid=1778322119438000001&sayfa=3
20000020001997,Flotty Organik 10'lu M Orta Boy Yumurta (53-62 G),149.95,149.95,True,https://images.migrosone.com/sanalmarket/product/20001997/20001997-363d65-105x105.jpg,Flotty,PIECE,Yumurta,,sut-kahvaltilik,https://www.migros.com.tr/rest/search/screens/sut-kahvaltilik-c-4?reid=1778322119438000001&sayfa=3
20000020001057,Naturaköy Kahverengi L Büyük Boy Yumurta 20'li (63-72 G),154.95,154.95,True,https://images.migrosone.com/sanalmarket/product/20001057/20001057_1-d2132c-105x105.jpg,Naturaköy,PIECE,Yumurta,,sut-kahvaltilik,https://www.migros.com.tr/rest/search/screens/sut-kahvaltilik-c-4?reid=1778322119438000001&sayfa=3
20000011019912,Torku Çiftçi Sütü Günlük 1 L,75.95,99.95,True,https://images.migrosone.com/sanalmarket/product/11019912/11019912_1-7eb886-105x105.jpg,Torku,PIECE,Günlük Süt,"99,95 TL | MİGROSKOP",sut-kahvaltilik,https://www.migros.com.tr/rest/search/screens/sut-kahvaltilik-c-4?reid=1778322119438000001&sayfa=3
20000012509986,Pınar Organik Yoğurt 1000 G,153.0,153.0,True,https://images.migrosone.com/sanalmarket/product/12509986/12509986-bf0012-105x105.png,Pınar,PIECE,Sade Yoğurt,,sut-kahvaltilik,https://www.migros.com.tr/rest/search/screens/sut-kahvaltilik-c-4?reid=1778322119438000001&sayfa=4
20000011014567,İçim Yarım Yağlı Süt 1 L,59.75,59.75,True,https://images.migrosone.com/sanalmarket/product/11014567/11014567-50f9b6-105x105.jpg,İçim,PIECE,Uzun Ömürlü Süt,,sut-kahvaltilik,https://www.migros.com.tr/rest/search/screens/sut-kahvaltilik-c-4?reid=1778322119438000001&sayfa=4
20000010017159,Ünal Lüks Klasik İnek Peyniri Kg,691.9,691.9,True,https://images.migrosone.com/sanalmarket/product/10017159/unal-luks-klasik-inek-peyniri-kg-56faee-105x105.jpg,Ünal,GRAM,İnek Peyniri,,sut-kahvaltilik,https://www.migros.com.tr/rest/search/screens/sut-kahvaltilik-c-4?reid=1778322119438000001&sayfa=4
20000011019001,Pınar Organik Süt 1 L,89.95,89.95,True,https://images.migrosone.com/sanalmarket/product/11019001/11019001-3a44f3-105x105.jpg,Pınar,PIECE,Uzun Ömürlü Süt,,sut-kahvaltilik,https://www.migros.com.tr/rest/search/screens/sut-kahvaltilik-c-4?reid=1778322119438000001&sayfa=4
20000010409195,Meriç Hellim Peyniri 225 G,133.95,133.95,True,https://images.migrosone.com/sanalmarket/product/10409195/10409195-225442-105x105.jpg,Meriç,PIECE,Yerli Yöresel Peynir,,sut-kahvaltilik,https://www.migros.com.tr/rest/search/screens/sut-kahvaltilik-c-4?reid=1778322119438000001&sayfa=4
20000012509973,İçim Doğal Yoğurt Yarım Yağlı 2000 G,129.9,157.5,True,https://images.migrosone.com/sanalmarket/product/12509973/12509973-76e639-105x105.jpg,İçim,PIECE,Sade Yoğurt,"157,50 TL | MİGROSKOP",sut-kahvaltilik,https://www.migros.com.tr/rest/search/screens/sut-kahvaltilik-c-4?reid=1778322119438000001&sayfa=4
20000011019550,Sek Yeni Nesil Pastörize Günlük Süt 1 L,99.95,99.95,True,https://images.migrosone.com/sanalmarket/product/11019550/11019550-0aa0ab-105x105.jpg,Sek,PIECE,Günlük Süt,,sut-kahvaltilik,https://www.migros.com.tr/rest/search/screens/sut-kahvaltilik-c-4?reid=1778322119438000001&sayfa=4
20000011013025,İçim Süt 1 L,69.5,69.5,True,https://images.migrosone.com/sanalmarket/product/11013025/11013025_1-195cf0-105x105.jpg,İçim,PIECE,Uzun Ömürlü Süt,,sut-kahvaltilik,https://www.migros.com.tr/rest/search/screens/sut-kahvaltilik-c-4?reid=1778322119438000001&sayfa=4
20000020000301,Green Ranch M Boy Yumurta 10'lu (53 - 62 G),99.95,99.95,True,https://images.migrosone.com/sanalmarket/product/20000301/20000301-93d535-105x105.jpg,Green Ranch,PIECE,Yumurta,,sut-kahvaltilik,https://www.migros.com.tr/rest/search/screens/sut-kahvaltilik-c-4?reid=1778322119438000001&sayfa=4
20000046054061,Torku Yoğurt Tam Yağlı 2 Kg,185.0,185.0,True,https://images.migrosone.com/sanalmarket/product/46054061/46054061-b410e5-105x105.jpg,Torku,PIECE,Sade Yoğurt,,sut-kahvaltilik,https://www.migros.com.tr/rest/search/screens/sut-kahvaltilik-c-4?reid=1778322119438000001&sayfa=4
20000005093202,Eti Lifalif Yulaf Ezmesi 500 G,90.95,90.95,True,https://images.migrosone.com/sanalmarket/product/05093202/5093202-422adc-105x105.jpg,Lifalif,PIECE,Mısır Gevreği,,sut-kahvaltilik,https://www.migros.com.tr/rest/search/screens/sut-kahvaltilik-c-4?reid=1778322119438000001&sayfa=4
20000010100025,Altınkılıç Tam Yağlı Taze Kaşar 600 G,429.9,429.9,True,https://images.migrosone.com/sanalmarket/product/10100025/10100025_1-398768-105x105.jpg,Altınkılıç,PIECE,Taze Kaşar,,sut-kahvaltilik,https://www.migros.com.tr/rest/search/screens/sut-kahvaltilik-c-4?reid=1778322119438000001&sayfa=4
20000007155947,Züber %100 Fıstık Ezmesi 315 G,349.95,349.95,True,https://images.migrosone.com/sanalmarket/product/07155947/07155947_1-6b9510-105x105.jpg,Züber,PIECE,Fıstık Ezmesi,50 TL Sepette 209 TL,sut-kahvaltilik,https://www.migros.com.tr/rest/search/screens/sut-kahvaltilik-c-4?reid=1778322119438000001&sayfa=4
20000010019233,Tahsildaroğlu Klasik İnek Beyaz Peyniri 500 G,349.9,349.9,True,https://images.migrosone.com/sanalmarket/product/10019233/10019233_1-aa9e99-105x105.jpg,Tahsildaroğlu,PIECE,İnek Peyniri,,sut-kahvaltilik,https://www.migros.com.tr/rest/search/screens/sut-kahvaltilik-c-4?reid=1778322119438000001&sayfa=4
20000010409280,Tire Süt Kooperatifi Tam Yağlı Taze Çeçil Peyniri 200 G,183.5,183.5,True,https://images.migrosone.com/sanalmarket/product/10409280/10409280-869569-105x105.jpg,Tire Süt Kooperatifi,PIECE,Yerli Yöresel Peynir,,sut-kahvaltilik,https://www.migros.com.tr/rest/search/screens/sut-kahvaltilik-c-4?reid=1778322119438000001&sayfa=4
20000010403155,Muratbey Tel Peyniri 200 G,152.9,234.0,True,https://images.migrosone.com/sanalmarket/product/10403155/10403155-956464-105x105.png,Muratbey,PIECE,Yerli Yöresel Peynir,"234,00 TL | MİGROSKOP",sut-kahvaltilik,https://www.migros.com.tr/rest/search/screens/sut-kahvaltilik-c-4?reid=1778322119438000001&sayfa=4
20000011018882,İçim Pastörize Şişe Süt 1 L,113.95,113.95,True,https://images.migrosone.com/sanalmarket/product/11018882/11018882-dd7753-105x105.png,İçim,PIECE,Günlük Süt,,sut-kahvaltilik,https://www.migros.com.tr/rest/search/screens/sut-kahvaltilik-c-4?reid=1778322119438000001&sayfa=4
20000012017038,Migros Tereyağ 500 G,309.9,309.9,True,https://images.migrosone.com/sanalmarket/product/12017038/12017038-988677-105x105.jpg,Migros,PIECE,Tereyağı,,sut-kahvaltilik,https://www.migros.com.tr/rest/search/screens/sut-kahvaltilik-c-4?reid=1778322119438000001&sayfa=4
20000010103129,İçim Kaşar Peyniri 400 G,249.0,249.0,True,https://images.migrosone.com/sanalmarket/product/10103129/10103129-7297cd-105x105.jpg,İçim,PIECE,Taze Kaşar,,sut-kahvaltilik,https://www.migros.com.tr/rest/search/screens/sut-kahvaltilik-c-4?reid=1778322119438000001&sayfa=4
20000011552002,Danone Bitkisel Yağlı  Krema Sos 200 Ml,34.5,34.5,True,https://images.migrosone.com/sanalmarket/product/11552002/11552002_1-a2012f-105x105.jpg,Danone,PIECE,Krema ve Sos,,sut-kahvaltilik,https://www.migros.com.tr/rest/search/screens/sut-kahvaltilik-c-4?reid=1778322119438000001&sayfa=4
20000011552675,İçim Şef %18 Yağlı Krema 200 Ml,61.9,61.9,True,https://images.migrosone.com/sanalmarket/product/11552675/11552675_1-c9b1c4-105x105.jpeg,İçim,PIECE,Krema ve Sos,,sut-kahvaltilik,https://www.migros.com.tr/rest/search/screens/sut-kahvaltilik-c-4?reid=1778322119438000001&sayfa=4
20000010409287,Onur Yağsız Lor Peyniri 500 G,65.9,65.9,True,https://images.migrosone.com/sanalmarket/product/10409287/10409287-633bfb-105x105.jpg,Onur,PIECE,Yerli Yöresel Peynir,,sut-kahvaltilik,https://www.migros.com.tr/rest/search/screens/sut-kahvaltilik-c-4?reid=1778322119438000001&sayfa=4
20000010101923,İçim Dilimli Tost Peyniri 200 G,155.5,155.5,True,https://images.migrosone.com/sanalmarket/product/10101923/10101923_1-b5e655-105x105.jpg,İçim,PIECE,Taze Kaşar,,sut-kahvaltilik,https://www.migros.com.tr/rest/search/screens/sut-kahvaltilik-c-4?reid=1778322119438000001&sayfa=4
20000012500386,Sütaş Süzme Yoğurt 750 G,147.95,147.95,True,https://images.migrosone.com/sanalmarket/product/12500386/12500386-8c433e-105x105.jpg,Sütaş,PIECE,"Süzme, Çeşnili Yoğurt",,sut-kahvaltilik,https://www.migros.com.tr/rest/search/screens/sut-kahvaltilik-c-4?reid=1778322119438000001&sayfa=4
20000010302087,President Cheddarlı Üçgen Peynir 100 G,62.95,62.95,True,https://images.migrosone.com/sanalmarket/product/10302087/10302087-ea77db-105x105.jpg,President,PIECE,Üçgen & Burger Peynir,,sut-kahvaltilik,https://www.migros.com.tr/rest/search/screens/sut-kahvaltilik-c-4?reid=1778322119438000001&sayfa=4
20000011015052,Pınar Protein Çilekli Süt 500 ml,85.0,85.0,True,https://images.migrosone.com/sanalmarket/product/11015052/11015052-2faba2-105x105.jpg,Pınar,PIECE,Uzun Ömürlü Süt,,sut-kahvaltilik,https://www.migros.com.tr/rest/search/screens/sut-kahvaltilik-c-4?reid=1778322119438000001&sayfa=4
20000011015055,Pınar Protein Yer Fıstığı & Muz Aromalı Süt 500 ml,85.0,85.0,True,https://images.migrosone.com/sanalmarket/product/11015055/11015055-28fd8b-105x105.jpg,Pınar,PIECE,Uzun Ömürlü Süt,,sut-kahvaltilik,https://www.migros.com.tr/rest/search/screens/sut-kahvaltilik-c-4?reid=1778322119438000001&sayfa=4
20000010403392,Tahsildaroğlu Torba Lor Peyniri 350 G,91.9,91.9,True,https://images.migrosone.com/sanalmarket/product/10403392/10403392_1-e613c6-105x105.jpg,Tahsildaroğlu,PIECE,Yerli Yöresel Peynir,,sut-kahvaltilik,https://www.migros.com.tr/rest/search/screens/sut-kahvaltilik-c-4?reid=1778322119438000001&sayfa=4
20000010300209,Biogurme Organik Labne 200 G,124.95,124.95,True,https://images.migrosone.com/sanalmarket/product/10300209/10300209-de0ca0-105x105.jpg,Biogurme,PIECE,Krem Peynir,,sut-kahvaltilik,https://www.migros.com.tr/rest/search/screens/sut-kahvaltilik-c-4?reid=1778322119438000001&sayfa=4
20000012500203,Yörsan Tam Yağlı Kaymaklı Tava Yoğurt 1 Kg,123.5,123.5,True,https://images.migrosone.com/sanalmarket/product/12500203/12500203_1-527da4-105x105.jpg,Yörsan,PIECE,Kaymaklı Yoğurt,,sut-kahvaltilik,https://www.migros.com.tr/rest/search/screens/sut-kahvaltilik-c-4?reid=1778322119438000001&sayfa=4
20000010403063,Bahçıvan Suda Top Mozzarella 125 G,114.9,139.9,True,https://images.migrosone.com/sanalmarket/product/10403063/10403063-28c54e-105x105.jpg,Bahçıvan,PIECE,Yabancı Yöresel Peynir,"139,90 TL | MİGROSKOP",sut-kahvaltilik,https://www.migros.com.tr/rest/search/screens/sut-kahvaltilik-c-4?reid=1778322119438000001&sayfa=5
20000016021186,Cem Ayvalık Taş Kırma Zeytin 291 - 350 Ad/Kg,239.0,239.0,True,https://images.migrosone.com/sanalmarket/product/16021186/cem-ayvalik-tas-kirma-zeytin-291-350-adet-kg-a7f9e3-105x105.jpg,Cem Zeytin,GRAM,Özel Yeşil Zeytin,,sut-kahvaltilik,https://www.migros.com.tr/rest/search/screens/sut-kahvaltilik-c-4?reid=1778322119438000001&sayfa=5
20000012501143,Activia Shot Çilek & Muz 80 Ml,38.25,38.25,True,https://images.migrosone.com/sanalmarket/product/12501143/12501143_1-85763a-105x105.jpg,Activia,PIECE,Diğer Yoğurtlar,,sut-kahvaltilik,https://www.migros.com.tr/rest/search/screens/sut-kahvaltilik-c-4?reid=1778322119438000001&sayfa=5
20000046051848,Arslan Kaymaklı Yoğurt 900 G,136.9,136.9,True,https://images.migrosone.com/sanalmarket/product/46051848/46051848-cb05ea-105x105.jpg,Arslan,PIECE,Kaymaklı Yoğurt,,sut-kahvaltilik,https://www.migros.com.tr/rest/search/screens/sut-kahvaltilik-c-4?reid=1778322119438000001&sayfa=5
20000012500198,Activia İyi Hisset Probiyotik Bowl Muz Yulaf Fındık 150G,64.0,64.0,True,https://images.migrosone.com/sanalmarket/product/12500198/12500198_1-1d6e18-105x105.jpg,Activia,PIECE,Diğer Yoğurtlar,,sut-kahvaltilik,https://www.migros.com.tr/rest/search/screens/sut-kahvaltilik-c-4?reid=1778322119438000001&sayfa=5
20000010104371,Onsüt Dilimli Tam Yağlı Taze Tost Peyniri 500 G,234.95,234.95,True,https://images.migrosone.com/sanalmarket/product/10104371/10104371-41cb1a-105x105.jpg,Onsüt,PIECE,Taze Kaşar,,sut-kahvaltilik,https://www.migros.com.tr/rest/search/screens/sut-kahvaltilik-c-4?reid=1778322119438000001&sayfa=5
20000010019224,Bahçıvan Yarım Yağlı Laktozsuz Süzme Peynir 500G,209.9,209.9,True,https://images.migrosone.com/sanalmarket/product/10019224/10019224-4e2454-105x105.jpg,Bahçıvan,PIECE,Süzme Peynir,,sut-kahvaltilik,https://www.migros.com.tr/rest/search/screens/sut-kahvaltilik-c-4?reid=1778322119438000001&sayfa=5
20000010017285,İçim Süzme Peynir 500 G,164.9,164.9,True,https://images.migrosone.com/sanalmarket/product/10017285/10017285_1-026ab2-105x105.jpg,İçim,PIECE,Süzme Peynir,,sut-kahvaltilik,https://www.migros.com.tr/rest/search/screens/sut-kahvaltilik-c-4?reid=1778322119438000001&sayfa=5
20000011014322,Nesquik Kakaolu Süt 6x180 Ml,129.56,172.75,True,https://images.migrosone.com/sanalmarket/product/11014322/11014322_1-0ef73c-105x105.jpg,Nesquik,PIECE,Uzun Ömürlü Süt,"172,75 TL | MİGROSKOP",sut-kahvaltilik,https://www.migros.com.tr/rest/search/screens/sut-kahvaltilik-c-4?reid=1778322119438000001&sayfa=5
20000010403118,Kervan Kaşar Loru Kg,183.95,183.95,True,https://images.migrosone.com/sanalmarket/product/10403118/kervan-kasar-loru-kg-c7ecda-105x105.jpg,Kervan,GRAM,Yerli Yöresel Peynir,,sut-kahvaltilik,https://www.migros.com.tr/rest/search/screens/sut-kahvaltilik-c-4?reid=1778322119438000001&sayfa=5
20000010404060,Babybel Mini Tam Yağlı Olgunlaştırılmış Peynir 5'li 100 G,199.0,199.0,True,https://images.migrosone.com/sanalmarket/product/10404060/10404060_1-17b4a4-105x105.jpeg,Babybel,PIECE,Yabancı Yöresel Peynir,,sut-kahvaltilik,https://www.migros.com.tr/rest/search/screens/sut-kahvaltilik-c-4?reid=1778322119438000001&sayfa=5
20000020000080,Keskinoğlu L - Büyük Boy Yumurta 10'lu ( 63 - 72 G ),84.95,84.95,True,https://images.migrosone.com/sanalmarket/product/20000080/20000080_1-c48a0e-105x105.jpg,Keskinoğlu,PIECE,Yumurta,,sut-kahvaltilik,https://www.migros.com.tr/rest/search/screens/sut-kahvaltilik-c-4?reid=1778322119438000001&sayfa=5
20000011559516,President Krema %35 Yağlı 200 Ml,81.9,81.9,True,https://images.migrosone.com/sanalmarket/product/11559516/11559516-42a9f6-105x105.jpg,President,PIECE,Krema ve Sos,,sut-kahvaltilik,https://www.migros.com.tr/rest/search/screens/sut-kahvaltilik-c-4?reid=1778322119438000001&sayfa=5
20000012509627,Activia Doğal Probiyotik Sade Yoğurt 4x100 G,114.5,114.5,True,https://images.migrosone.com/sanalmarket/product/12509627/12509627_1-83768c-105x105.jpg,Activia,PIECE,Diğer Yoğurtlar,,sut-kahvaltilik,https://www.migros.com.tr/rest/search/screens/sut-kahvaltilik-c-4?reid=1778322119438000001&sayfa=5
20000010017222,Ekici Lokum Kıvamında Tam Yağlı Beyaz Peynir 1000 G,299.95,299.95,True,https://images.migrosone.com/sanalmarket/product/10017222/ekici-lokum-kivaminda-tam-yagli-beyaz-peynir-1000-gr-d9ed0b-105x105.jpg,Ekici,PIECE,Süzme Peynir,,sut-kahvaltilik,https://www.migros.com.tr/rest/search/screens/sut-kahvaltilik-c-4?reid=1778322119438000001&sayfa=5
20000004201351,Sabah Margarin 250 G,29.95,29.95,True,https://images.migrosone.com/sanalmarket/product/04201351/04201351_1-cbfde7-105x105.jpg,Sabah,PIECE,Paket Margarin,,sut-kahvaltilik,https://www.migros.com.tr/rest/search/screens/sut-kahvaltilik-c-4?reid=1778322119438000001&sayfa=5
20000010403112,Ünal Taze  Lor Peyniri Kg,275.95,275.95,True,https://images.migrosone.com/sanalmarket/product/10403112/unal-taze-lor-peyniri-kg-122246-105x105.jpg,Ünal,GRAM,Yerli Yöresel Peynir,,sut-kahvaltilik,https://www.migros.com.tr/rest/search/screens/sut-kahvaltilik-c-4?reid=1778322119438000001&sayfa=5
20000010103652,Tahsildaroğlu Taze Kaşar Peyniri 600 G,499.9,499.9,True,https://images.migrosone.com/sanalmarket/product/10103652/10103652-82da39-105x105.jpg,Tahsildaroğlu,PIECE,Taze Kaşar,,sut-kahvaltilik,https://www.migros.com.tr/rest/search/screens/sut-kahvaltilik-c-4?reid=1778322119438000001&sayfa=5
20000010200029,Sancak Tam Yağlı Olgunlaştırılmış İzmir Tulum Peyniri 250 G,139.9,209.0,True,https://images.migrosone.com/sanalmarket/product/10200029/10200029_1-e98bb3-105x105.JPG,Sancak,PIECE,Tulum Peyniri,"209,00 TL | MİGROSKOP",sut-kahvaltilik,https://www.migros.com.tr/rest/search/screens/sut-kahvaltilik-c-4?reid=1778322119438000001&sayfa=5
20000012509352,Danette Çikolatalı Puding 4X100 G,99.9,99.9,True,https://images.migrosone.com/sanalmarket/product/12509352/12509352-24ac17-105x105.jpg,Danette,PIECE,Puding,,sut-kahvaltilik,https://www.migros.com.tr/rest/search/screens/sut-kahvaltilik-c-4?reid=1778322119438000001&sayfa=5
20000046054104,Torku Süt Çilekli 6X180 Ml,89.9,119.9,True,https://images.migrosone.com/sanalmarket/product/46054104/46054104-701f3a-105x105.jpg,Torku,PIECE,Uzun Ömürlü Süt,"119,90 TL | MİGROSKOP",sut-kahvaltilik,https://www.migros.com.tr/rest/search/screens/sut-kahvaltilik-c-4?reid=1778322119438000001&sayfa=5
20000016021301,İlyada Geyikli Çizik Yeşil Zeytin 261-290 Ad/kg,549.0,549.0,True,https://images.migrosone.com/sanalmarket/product/16021301/16021301-5ded0e-105x105.jpg,İlyada,GRAM,Çizik Yeşil Zeytin,,sut-kahvaltilik,https://www.migros.com.tr/rest/search/screens/sut-kahvaltilik-c-4?reid=1778322119438000001&sayfa=5
20000010302023,İçim Burger Dilimli Peynir 200 G,169.9,169.9,True,https://images.migrosone.com/sanalmarket/product/10302023/10302023-e075bf-105x105.jpg,İçim,PIECE,Üçgen & Burger Peynir,,sut-kahvaltilik,https://www.migros.com.tr/rest/search/screens/sut-kahvaltilik-c-4?reid=1778322119438000001&sayfa=5
20000016020053,Migros Kırmızı Biber Dolgulu Yeşil Zeytin 161-200 Adet / Kg 720 G,89.9,89.9,True,https://images.migrosone.com/sanalmarket/product/16020053/16020053-730798-105x105.jpg,Migros,PIECE,Biberli Yeşil Zeytin,,sut-kahvaltilik,https://www.migros.com.tr/rest/search/screens/sut-kahvaltilik-c-4?reid=1778322119438000001&sayfa=5
20000010302098,Pınar Labne 180 G,94.95,94.95,True,https://images.migrosone.com/sanalmarket/product/10302098/10302098-c06992-105x105.jpg,Pınar,PIECE,Krem Peynir,,sut-kahvaltilik,https://www.migros.com.tr/rest/search/screens/sut-kahvaltilik-c-4?reid=1778322119438000001&sayfa=5
20000020000290,Doğalım M - Orta Boy Yumurta 6'lı ( 53 - 62 G ),57.95,57.95,True,https://images.migrosone.com/sanalmarket/product/20000290/dogalim-m-orta-boy-yumurta-6-li-53-62-gr-7f78f5-105x105.jpg,Doğalım,PIECE,Yumurta,,sut-kahvaltilik,https://www.migros.com.tr/rest/search/screens/sut-kahvaltilik-c-4?reid=1778322119438000001&sayfa=5
20000010103546,Sek Tam Yağlı Taze Kaşar Peyniri 600 G,399.95,399.95,True,https://images.migrosone.com/sanalmarket/product/10103546/10103546_1-4d73dd-105x105.jpg,Sek,PIECE,Taze Kaşar,,sut-kahvaltilik,https://www.migros.com.tr/rest/search/screens/sut-kahvaltilik-c-4?reid=1778322119438000001&sayfa=5
20000010250728,Karper Sade 6'lı 108 G,70.0,70.0,True,https://images.migrosone.com/sanalmarket/product/10250728/10250728-1b5241-105x105.jpg,Karper,PIECE,Üçgen & Burger Peynir,,sut-kahvaltilik,https://www.migros.com.tr/rest/search/screens/sut-kahvaltilik-c-4?reid=1778322119438000001&sayfa=5
20000010019052,Pınar Süzme Peynir 500 G,190.9,190.9,True,https://images.migrosone.com/sanalmarket/product/10019052/10019052-0f7953-105x105.jpg,Pınar,PIECE,Süzme Peynir,,sut-kahvaltilik,https://www.migros.com.tr/rest/search/screens/sut-kahvaltilik-c-4?reid=1778322119438000001&sayfa=5
20000008028231,Hamidiye Kaynak Suyu Pet  5 L,36.5,36.5,True,https://images.migrosone.com/sanalmarket/product/08028231/8028231-6e1062-105x105.jpg,Hamidiye,PIECE,Su,,icecek,https://www.migros.com.tr/rest/search/screens/icecek-c-6?reid=1778322163106000001&sayfa=1
20000003211601,Kurukahveci Mehmet Efendi Türk Kahvesi 100 G,75.9,75.9,True,https://images.migrosone.com/sanalmarket/product/03211601/03211601-a57e01-105x105.jpg,Kurukahveci Mehmet Efendi,PIECE,Türk Kahvesi,İyi Fiyat,icecek,https://www.migros.com.tr/rest/search/screens/icecek-c-6?reid=1778322163106000001&sayfa=1
20000008060192,Abant Doğal Kaynak Suyu 5 L,36.5,36.5,True,https://images.migrosone.com/sanalmarket/product/8060192/8060192-a20417-105x105.jpg,Abant,PIECE,Su,,icecek,https://www.migros.com.tr/rest/search/screens/icecek-c-6?reid=1778322163106000001&sayfa=1
20000008040710,Beypazarı Maden Suyu 6 x 200 Ml,59.95,59.95,True,https://images.migrosone.com/sanalmarket/product/08040710/beypazari-maden-suyu-6x200-ml-ea0f41-105x105.jpg,Beypazarı,PIECE,Maden Suyu,,icecek,https://www.migros.com.tr/rest/search/screens/icecek-c-6?reid=1778322163106000001&sayfa=1
20000008040057,Saka Doğal Maden Suyu 6 x 200 Ml,49.95,64.95,True,https://images.migrosone.com/sanalmarket/product/08040057/08040057-f616c3-105x105.jpg,Saka,PIECE,Maden Suyu,"64,95 TL | MİGROSKOP",icecek,https://www.migros.com.tr/rest/search/screens/icecek-c-6?reid=1778322163106000001&sayfa=1
20000008060053,Hamidiye Kaynak Suyu Pet 1.5 L,11.95,11.95,True,https://images.migrosone.com/sanalmarket/product/08060053/8060053-d3f999-105x105.jpg,Hamidiye,PIECE,Su,,icecek,https://www.migros.com.tr/rest/search/screens/icecek-c-6?reid=1778322163106000001&sayfa=1
20000011550470,Sütaş Pratik Şişe Ayran 1 L,49.95,56.75,True,https://images.migrosone.com/sanalmarket/product/11550470/sutas-pratik-sise-ayran-1-l-6ffab1-105x105.jpg,Sütaş,PIECE,Ayran,"56,75 TL | MİGROSKOP",icecek,https://www.migros.com.tr/rest/search/screens/icecek-c-6?reid=1778322163106000001&sayfa=1
20000008010905,Coca-Cola Orijinal Tat Pet 4x1 L,228.5,228.5,True,https://images.migrosone.com/sanalmarket/product/08010905/08010905_1-3e4b46-105x105.jpg,Coca-Cola,PIECE,Kola,"50 TL Sepette 159,9 TL",icecek,https://www.migros.com.tr/rest/search/screens/icecek-c-6?reid=1778322163106000001&sayfa=1
20000011559376,Migros Ayran 1500 Ml,59.5,59.5,True,https://images.migrosone.com/sanalmarket/product/11559376/11559376-84c114-105x105.jpg,Migros,PIECE,Ayran,,icecek,https://www.migros.com.tr/rest/search/screens/icecek-c-6?reid=1778322163106000001&sayfa=1
20000008060059,Assu Mineralli Su 5 L,36.5,36.5,True,https://images.migrosone.com/sanalmarket/product/08060059/8060059-acc0ef-105x105.jpg,Assu,PIECE,Su,,icecek,https://www.migros.com.tr/rest/search/screens/icecek-c-6?reid=1778322163106000001&sayfa=1
20000008060191,"Abant Doğal Kaynak Suyu 1,5 L",11.95,11.95,True,https://images.migrosone.com/sanalmarket/product/08060191/abant-dogal-kaynak-suyu-1-5-l-aa2331-105x105.jpg,Abant,PIECE,Su,,icecek,https://www.migros.com.tr/rest/search/screens/icecek-c-6?reid=1778322163106000001&sayfa=1
20000003111315,Çaykur Tiryaki Çayı 1 Kg,295.95,295.95,True,https://images.migrosone.com/sanalmarket/product/03111315/03111315_1-2c713b-105x105.jpg,Çaykur,PIECE,Dökme Çay,"50 TL Sepette 249,95 TL",icecek,https://www.migros.com.tr/rest/search/screens/icecek-c-6?reid=1778322163106000001&sayfa=1
20000008060028,Erikli Su 12 x 500 Ml,159.0,229.95,True,https://images.migrosone.com/sanalmarket/product/08060028/08060028_1-bed12b-105x105.jpg,Erikli,PIECE,Su,"229,95 TL | MİGROSKOP",icecek,https://www.migros.com.tr/rest/search/screens/icecek-c-6?reid=1778322163106000001&sayfa=1
20000008060056,Hamidiye Kaynak Suyu 500 Ml,5.95,5.95,True,https://images.migrosone.com/sanalmarket/product/08060056/8060056-ac89d8-105x105.jpg,Hamidiye,PIECE,Su,,icecek,https://www.migros.com.tr/rest/search/screens/icecek-c-6?reid=1778322163106000001&sayfa=1
20000008060190,Abant Doğal Kaynak Suyu 500 Ml,5.95,5.95,True,https://images.migrosone.com/sanalmarket/product/08060190/08060190-9fa3d8-105x105.jpg,Abant,PIECE,Su,,icecek,https://www.migros.com.tr/rest/search/screens/icecek-c-6?reid=1778322163106000001&sayfa=1
20000008010903,"Coca-Cola Orijinal Tat Pet 1,5 L",70.0,70.0,True,https://images.migrosone.com/sanalmarket/product/08010903/8010903_yan-2e2bcb-105x105.jpg,Coca-Cola,PIECE,Kola,,icecek,https://www.migros.com.tr/rest/search/screens/icecek-c-6?reid=1778322163106000001&sayfa=1
20000008010909,Coca-Cola Zero Sugar Pet 4x1 L,228.5,228.5,True,https://images.migrosone.com/sanalmarket/product/08010909/08010909_1-e2d497-105x105.jpg,Coca-Cola,PIECE,Kola,"50 TL Sepette 159,9 TL",icecek,https://www.migros.com.tr/rest/search/screens/icecek-c-6?reid=1778322163106000001&sayfa=1
20000008900069,Kızılay Erzincan Doğal Maden Suyu 6 x 200 Ml,59.95,59.95,True,https://images.migrosone.com/sanalmarket/product/08900069/08900069-762db2-105x105.jpg,Kızılay,PIECE,Maden Suyu,,icecek,https://www.migros.com.tr/rest/search/screens/icecek-c-6?reid=1778322163106000001&sayfa=1
20000008040900,Sırma Maden Suyu 6 x 200 Ml,75.9,75.9,True,https://images.migrosone.com/sanalmarket/product/08040900/8040900-f2d38f-105x105.jpg,Sırma,PIECE,Maden Suyu,,icecek,https://www.migros.com.tr/rest/search/screens/icecek-c-6?reid=1778322163106000001&sayfa=1
20000008062216,Erikli Su Avantajlı Paket 6 x 1.5 L,159.0,219.95,True,https://images.migrosone.com/sanalmarket/product/08062216/08062216_1-0f5d9c-105x105.jpg,Erikli,PIECE,Su,"219,95 TL | MİGROSKOP",icecek,https://www.migros.com.tr/rest/search/screens/icecek-c-6?reid=1778322163106000001&sayfa=1
20000008063005,Saka Doğal Mineralli Su 5 L,44.95,50.95,True,https://images.migrosone.com/sanalmarket/product/08063005/8063005-ebfeed-105x105.jpg,Saka,PIECE,Su,"50,95 TL | MİGROSKOP",icecek,https://www.migros.com.tr/rest/search/screens/icecek-c-6?reid=1778322163106000001&sayfa=1
20000008058583,Caprı-sun Multi Vitamin 200 Ml,18.5,18.5,True,https://images.migrosone.com/sanalmarket/product/08058583/08058583-a4a42c-105x105.jpg,Capri-Sun,PIECE,Meyve Suyu,,icecek,https://www.migros.com.tr/rest/search/screens/icecek-c-6?reid=1778322163106000001&sayfa=1
20000008010700,Coca-Cola Orijinal Tat Pet 1 L,49.9,60.0,True,https://images.migrosone.com/sanalmarket/product/08010700/8010700_yan-a2f3a9-105x105.jpg,Coca-Cola,PIECE,Kola,"60,00 TL | MİGROSKOP",icecek,https://www.migros.com.tr/rest/search/screens/icecek-c-6?reid=1778322163106000001&sayfa=1
20000008062203,Erikli Su 5 L,74.95,74.95,True,https://images.migrosone.com/sanalmarket/product/08062203/08062203_1-895e5f-105x105.jpg,Erikli,PIECE,Su,,icecek,https://www.migros.com.tr/rest/search/screens/icecek-c-6?reid=1778322163106000001&sayfa=1
20000011550995,Altınkılıç Laktozsuz Kefir 1 L,125.95,125.95,True,https://images.migrosone.com/sanalmarket/product/11550995/11550995-dd267b-105x105.jpg,Altınkılıç,PIECE,Kefir,,icecek,https://www.migros.com.tr/rest/search/screens/icecek-c-6?reid=1778322163106000001&sayfa=1
20000008060058,Assu Mineralli Su 1.5 L,11.95,11.95,True,https://images.migrosone.com/sanalmarket/product/08060058/8060058-7825d0-105x105.jpg,Assu,PIECE,Su,,icecek,https://www.migros.com.tr/rest/search/screens/icecek-c-6?reid=1778322163106000001&sayfa=1
20000011550900,Altınkılıç Kefir 1 L,121.5,121.5,True,https://images.migrosone.com/sanalmarket/product/11550900/11550900-d78a47-105x105.jpg,Altınkılıç,PIECE,Kefir,,icecek,https://www.migros.com.tr/rest/search/screens/icecek-c-6?reid=1778322163106000001&sayfa=1
20000008040650,Uludağ Doğal Maden Suyu 6X200 Ml,66.0,66.0,True,https://images.migrosone.com/sanalmarket/product/08040650/08040650-1e05f1-105x105.jpg,Uludağ,PIECE,Maden Suyu,,icecek,https://www.migros.com.tr/rest/search/screens/icecek-c-6?reid=1778322163106000001&sayfa=1
20000008060057,Assu Mineralli Su 500 Ml,5.95,5.95,True,https://images.migrosone.com/sanalmarket/product/08060057/8060057-0c0d01-105x105.jpg,Assu,PIECE,Su,,icecek,https://www.migros.com.tr/rest/search/screens/icecek-c-6?reid=1778322163106000001&sayfa=1
20000008019111,Coca-Cola Kutu 6 x 250 Ml,275.0,275.0,True,https://images.migrosone.com/sanalmarket/product/08019111/08019111_1-0e0747-105x105.jpg,Coca-Cola,PIECE,Kola,,icecek,https://www.migros.com.tr/rest/search/screens/icecek-c-6?reid=1778322163106000001&sayfa=1
20000008040960,Kınık Maden Suyu  6 x 200 Ml,59.95,59.95,True,https://images.migrosone.com/sanalmarket/product/08040960/8040960_1-13964d-105x105.jpg,Kınık,PIECE,Maden Suyu,,icecek,https://www.migros.com.tr/rest/search/screens/icecek-c-6?reid=1778322163106000001&sayfa=2
20000008060172,Uludağ Limonata Şekersiz 1 L,52.5,52.5,True,https://images.migrosone.com/sanalmarket/product/08060172/8060172_1-96b3fb-105x105.jpg,Uludağ,PIECE,Limonata,MİGROSKOP,icecek,https://www.migros.com.tr/rest/search/screens/icecek-c-6?reid=1778322163106000001&sayfa=2
20000011554131,Kefirzadem 1 L,175.0,175.0,True,https://images.migrosone.com/sanalmarket/product/11554131/11554131-663c82-105x105.JPG,Danem,PIECE,Kefir,,icecek,https://www.migros.com.tr/rest/search/screens/icecek-c-6?reid=1778322163106000001&sayfa=2
20000011550473,Sütaş Pratik Şişe Ayran 2 L,105.0,105.0,True,https://images.migrosone.com/sanalmarket/product/11550473/sutas-pratik-sise-ayran-2-l-f781c2-105x105.jpg,Sütaş,PIECE,Ayran,,icecek,https://www.migros.com.tr/rest/search/screens/icecek-c-6?reid=1778322163106000001&sayfa=2
20000008040655,Kızılay Maden Suyu Afyon 6 x 200 Ml,59.95,59.95,True,https://images.migrosone.com/sanalmarket/product/08040655/08040655-11a188-105x105.jpg,Kızılay,PIECE,Maden Suyu,,icecek,https://www.migros.com.tr/rest/search/screens/icecek-c-6?reid=1778322163106000001&sayfa=2
20000008062215,Erikli Su 6 x 1 L,199.0,199.0,True,https://images.migrosone.com/sanalmarket/product/08062215/08062215_1-e40108-105x105.jpg,Erikli,PIECE,Su,,icecek,https://www.migros.com.tr/rest/search/screens/icecek-c-6?reid=1778322163106000001&sayfa=2
20000008010701,Coca-Cola Zero Sugar Pet 1 L,49.9,60.0,True,https://images.migrosone.com/sanalmarket/product/08010701/8010701_yan-77167c-105x105.jpg,Coca-Cola,PIECE,Kola,"60,00 TL | MİGROSKOP",icecek,https://www.migros.com.tr/rest/search/screens/icecek-c-6?reid=1778322163106000001&sayfa=2
20000008010904,"Coca-Cola Zero Sugar Pet 1,5 L",70.0,70.0,True,https://images.migrosone.com/sanalmarket/product/08010904/8010904_yan-6c327d-105x105.jpg,Coca-Cola,PIECE,Kola,,icecek,https://www.migros.com.tr/rest/search/screens/icecek-c-6?reid=1778322163106000001&sayfa=2
20000003118300,Doğuş Karadeniz Demlik Poşet Çay 100'lü 320 G,165.0,165.0,True,https://images.migrosone.com/sanalmarket/product/03118300/3118300-e3e536-105x105.jpg,Doğuş,PIECE,Demlik Poşet Çay,,icecek,https://www.migros.com.tr/rest/search/screens/icecek-c-6?reid=1778322163106000001&sayfa=2
20000008030128,Lipton Ice Tea Sparkling Tropikal Pet 1 L,49.9,57.0,True,https://images.migrosone.com/sanalmarket/product/08030128/08030128_1-878555-105x105.jpg,Lipton,PIECE,Soğuk Çay,"57,00 TL | MİGROSKOP",icecek,https://www.migros.com.tr/rest/search/screens/icecek-c-6?reid=1778322163106000001&sayfa=2
20000008011010,"Pepsi Zero Sugar Kola 1,5 L",52.9,67.0,True,https://images.migrosone.com/sanalmarket/product/08011010/08011010_1-291140-105x105.jpg,Pepsi,PIECE,Kola,"67,00 TL",icecek,https://www.migros.com.tr/rest/search/screens/icecek-c-6?reid=1778322163106000001&sayfa=2
20000008060171,Uludağ Limonata 1 L,52.5,52.5,True,https://images.migrosone.com/sanalmarket/product/8060171/8060171-1d7d5e-105x105.jpg,Uludağ,PIECE,Limonata,MİGROSKOP,icecek,https://www.migros.com.tr/rest/search/screens/icecek-c-6?reid=1778322163106000001&sayfa=2
20000008054610,Cappy Pulpy Portakal 1 L,69.95,69.95,True,https://images.migrosone.com/sanalmarket/product/08054610/08054610_1-8dea5a-105x105.jpg,Cappy,PIECE,Meyve Suyu,İyi Fiyat | MİGROSKOP,icecek,https://www.migros.com.tr/rest/search/screens/icecek-c-6?reid=1778322163106000001&sayfa=2
20000003271968,Tchibo Gold Selection Filtre Kahve 250 G,259.95,349.95,True,https://images.migrosone.com/sanalmarket/product/03271968/3271968_1-65a371-105x105.jpg,Tchibo,PIECE,Filtre Kahve,"349,95 TL | MİGROSKOP",icecek,https://www.migros.com.tr/rest/search/screens/icecek-c-6?reid=1778322163106000001&sayfa=2
20000003113406,Lipton Earl Grey Demlik Poşet Çay 100'lü 320 G,217.46,289.95,True,https://images.migrosone.com/sanalmarket/product/03113406/3113406-7e165e-105x105.jpg,Lipton,PIECE,Demlik Poşet Çay,"289,95 TL | MİGROSKOP",icecek,https://www.migros.com.tr/rest/search/screens/icecek-c-6?reid=1778322163106000001&sayfa=2
20000008010907,Fanta Portakal Aromalı Pet 4x1 L,228.5,228.5,True,https://images.migrosone.com/sanalmarket/product/08010907/08010907_1-902f2e-105x105.jpg,Fanta,PIECE,Gazoz,"50 TL Sepette 159,9 TL",icecek,https://www.migros.com.tr/rest/search/screens/icecek-c-6?reid=1778322163106000001&sayfa=2
20000011552604,"Eker Ayran 1,5 L",89.95,89.95,True,https://images.migrosone.com/sanalmarket/product/11552604/11552604_1-5647f2-105x105.jpg,Eker,PIECE,Ayran,,icecek,https://www.migros.com.tr/rest/search/screens/icecek-c-6?reid=1778322163106000001&sayfa=2
20000003210009,Migros Türk Kahvesi 100 G,71.45,71.45,True,https://images.migrosone.com/sanalmarket/product/03210009/03210009_1-a5d012-105x105.jpg,Migros,PIECE,Türk Kahvesi,,icecek,https://www.migros.com.tr/rest/search/screens/icecek-c-6?reid=1778322163106000001&sayfa=2
20000003221309,Nescafé Classic Ekonomik Paket 100 G,149.63,199.5,True,https://images.migrosone.com/sanalmarket/product/03221309/3221309-409c19-105x105.jpg,Nescafe,PIECE,Hazır Kahve,"199,50 TL | MİGROSKOP",icecek,https://www.migros.com.tr/rest/search/screens/icecek-c-6?reid=1778322163106000001&sayfa=2
20000008050544,Sizzle-Pop Summer Champ Şeftali Elma Ananas 200 Ml,19.5,19.5,True,https://images.migrosone.com/sanalmarket/product/08050544/08050544_1-a4a057-105x105.jpg,Sizzle-Pop,PIECE,Meyve Suyu,,icecek,https://www.migros.com.tr/rest/search/screens/icecek-c-6?reid=1778322163106000001&sayfa=2
20000008059599,Lipton Ice Tea Sofra Şeftali Aromalı Soğuk Çay Pet 2 L,64.9,76.0,True,https://images.migrosone.com/sanalmarket/product/08059599/08059599_1-20ce20-105x105.jpg,Lipton,PIECE,Soğuk Çay,"76,00 TL | MİGROSKOP",icecek,https://www.migros.com.tr/rest/search/screens/icecek-c-6?reid=1778322163106000001&sayfa=2
20000008019112,Coca-Cola Zero Sugar Kutu 6 x 250 Ml,275.0,275.0,True,https://images.migrosone.com/sanalmarket/product/08019112/08019112_1-365e81-105x105.jpg,Coca-Cola,PIECE,Kola,,icecek,https://www.migros.com.tr/rest/search/screens/icecek-c-6?reid=1778322163106000001&sayfa=2
20000008054820,Dimes Vişne Nektarı 200 Ml,17.5,17.5,True,https://images.migrosone.com/sanalmarket/product/08054820/8054820_1-1d9520-105x105.jpg,Dimes,PIECE,Meyve Suyu,,icecek,https://www.migros.com.tr/rest/search/screens/icecek-c-6?reid=1778322163106000001&sayfa=2
20000011550904,Altınkılıç Çilekli Kefirix 250 Ml,49.95,49.95,True,https://images.migrosone.com/sanalmarket/product/11550904/11550904-fc2ea9-105x105.jpg,Altınkılıç,PIECE,Kefir,,icecek,https://www.migros.com.tr/rest/search/screens/icecek-c-6?reid=1778322163106000001&sayfa=2
20000011550996,Altınkılıç Laktozsuz Kefir 250 Ml,55.0,55.0,True,https://images.migrosone.com/sanalmarket/product/11550996/11550996-ccb34e-105x105.jpg,Altınkılıç,PIECE,Kefir,,icecek,https://www.migros.com.tr/rest/search/screens/icecek-c-6?reid=1778322163106000001&sayfa=2
20000008060140,Munzur Su Pet Şişe 5 L,72.0,72.0,True,https://images.migrosone.com/sanalmarket/product/08060140/08060140_1-6f489e-105x105.jpg,Munzur,PIECE,Su,,icecek,https://www.migros.com.tr/rest/search/screens/icecek-c-6?reid=1778322163106000001&sayfa=2
20000008011105,"Pepsi Kola 1,5 L",52.9,67.0,True,https://images.migrosone.com/sanalmarket/product/08011105/08011105_1-da6ab0-105x105.jpg,Pepsi,PIECE,Kola,"67,00 TL",icecek,https://www.migros.com.tr/rest/search/screens/icecek-c-6?reid=1778322163106000001&sayfa=2
20000008054821,Dimes Şeftali Nektarı 200 Ml,17.5,17.5,True,https://images.migrosone.com/sanalmarket/product/08054821/8054821_1-710d6c-105x105.jpg,Dimes,PIECE,Meyve Suyu,,icecek,https://www.migros.com.tr/rest/search/screens/icecek-c-6?reid=1778322163106000001&sayfa=2
20000011554141,Eker Tombul Ayran 6X195 Ml,89.95,116.95,True,https://images.migrosone.com/sanalmarket/product/11554141/11554141_1-ecf873-105x105.jpg,Eker,PIECE,Ayran,"116,95 TL | MİGROSKOP",icecek,https://www.migros.com.tr/rest/search/screens/icecek-c-6?reid=1778322163106000001&sayfa=2
20000011554127,Altınkılıç Kefir 250 Ml,49.95,49.95,True,https://images.migrosone.com/sanalmarket/product/11554127/11554127-8a7c4f-105x105.jpg,Altınkılıç,PIECE,Kefir,,icecek,https://www.migros.com.tr/rest/search/screens/icecek-c-6?reid=1778322163106000001&sayfa=2
20000008062217,Erikli Su Avantajlı Paket 2 x 5 L,147.5,147.5,True,https://images.migrosone.com/sanalmarket/product/08062217/08062217_1-b1850f-105x105.jpg,Erikli,PIECE,Su,,icecek,https://www.migros.com.tr/rest/search/screens/icecek-c-6?reid=1778322163106000001&sayfa=3
20000008060103,Mila Doğal Kaynak Suyu Pet 12 x 200 Ml,66.5,66.5,True,https://images.migrosone.com/sanalmarket/product/08060103/8060103_1-b64b84-105x105.jpg,Mila,PIECE,Su,,icecek,https://www.migros.com.tr/rest/search/screens/icecek-c-6?reid=1778322163106000001&sayfa=3
20000008040800,Sırma Maden Suyu 1 L,41.5,41.5,True,https://images.migrosone.com/sanalmarket/product/08040800/08040800-eca482-105x105.jpg,Sırma,PIECE,Maden Suyu,,icecek,https://www.migros.com.tr/rest/search/screens/icecek-c-6?reid=1778322163106000001&sayfa=3
20000003220072,Nescafe 2'si 1 Arada Paket 15 x 10 G,99.5,151.0,True,https://images.migrosone.com/sanalmarket/product/03220072/03220072_1-459053-105x105.jpg,Nescafe,PIECE,Hazır Kahve,"151,00 TL | MİGROSKOP",icecek,https://www.migros.com.tr/rest/search/screens/icecek-c-6?reid=1778322163106000001&sayfa=3
20000008022710,Schweppes Mandalina 1 L,69.95,80.0,True,https://images.migrosone.com/sanalmarket/product/08022710/8022710_yan-27f504-105x105.png,Schweppes,PIECE,Gazoz,"80,00 TL | MİGROSKOP",icecek,https://www.migros.com.tr/rest/search/screens/icecek-c-6?reid=1778322163106000001&sayfa=3
20000008059596,"Lipton Ice Tea Şeftali Aromalı Soğuk Çay Pet 1,5 L",70.0,70.0,True,https://images.migrosone.com/sanalmarket/product/08059596/08059596_1-42b844-105x105.jpg,Lipton,PIECE,Soğuk Çay,,icecek,https://www.migros.com.tr/rest/search/screens/icecek-c-6?reid=1778322163106000001&sayfa=3
20000011550910,Eker Kefir 1 L,104.95,104.95,True,https://images.migrosone.com/sanalmarket/product/11550910/11550910_1-952748-105x105.jpg,Eker,PIECE,Kefir,,icecek,https://www.migros.com.tr/rest/search/screens/icecek-c-6?reid=1778322163106000001&sayfa=3
20000008010810,Pepsi Zero Sugar Kola 1 L,57.0,57.0,True,https://images.migrosone.com/sanalmarket/product/08010810/08010810_1-befec3-105x105.jpg,Pepsi,PIECE,Kola,,icecek,https://www.migros.com.tr/rest/search/screens/icecek-c-6?reid=1778322163106000001&sayfa=3
20000008059546,Lipton Ice Tea Şeftali 6 x 330 Ml,199.9,278.0,True,https://images.migrosone.com/sanalmarket/product/08059546/08059546_1-8fa892-105x105.jpg,Lipton,PIECE,Soğuk Çay,"278,00 TL | MİGROSKOP",icecek,https://www.migros.com.tr/rest/search/screens/icecek-c-6?reid=1778322163106000001&sayfa=3
20000008011118,Coca-Cola 450 Ml,50.0,50.0,True,https://images.migrosone.com/sanalmarket/product/08011118/8011118_yan-9ce33f-105x105.jpg,Coca-Cola,PIECE,Kola,3 Al 2 Öde,icecek,https://www.migros.com.tr/rest/search/screens/icecek-c-6?reid=1778322163106000001&sayfa=3
20000008078930,Doğanay Şalgam Suyu Sade 1 L,44.9,54.0,True,https://images.migrosone.com/sanalmarket/product/08078930/8078930_1-d0ba15-105x105.jpg,Doğanay,PIECE,Şalgam Suyu,"54,00 TL | MİGROSKOP",icecek,https://www.migros.com.tr/rest/search/screens/icecek-c-6?reid=1778322163106000001&sayfa=3
20000008040965,Damla Minera Mineralli Su 6 x 200 Ml,61.5,61.5,True,https://images.migrosone.com/sanalmarket/product/08040965/08040965_1-e9b9a9-105x105.jpg,Damla,PIECE,Maden Suyu,,icecek,https://www.migros.com.tr/rest/search/screens/icecek-c-6?reid=1778322163106000001&sayfa=3
20000003118160,Lipton Doğu Karadeniz Demlik Poşet Çay 100'lü 320 G,187.46,249.95,True,https://images.migrosone.com/sanalmarket/product/03118160/3118160-5a3726-105x105.jpg,Lipton,PIECE,Demlik Poşet Çay,"249,95 TL | MİGROSKOP",icecek,https://www.migros.com.tr/rest/search/screens/icecek-c-6?reid=1778322163106000001&sayfa=3
20000008053429,Tamek Şeftali Nektarı Kahverengi Şişe 200 Ml,39.95,39.95,True,https://images.migrosone.com/sanalmarket/product/08053429/tamek-seftali-nektari-kahverengi-sise-200-ml-6e8629-105x105.jpg,Tamek,PIECE,Meyve Suyu,,icecek,https://www.migros.com.tr/rest/search/screens/icecek-c-6?reid=1778322163106000001&sayfa=3
20000003222651,Nescafe 3'ü 1 Arada 15 x 17.5 G,99.5,151.0,True,https://images.migrosone.com/sanalmarket/product/03222651/03222651_1-fe3f0e-105x105.jpg,Nescafe,PIECE,Hazır Kahve,"151,00 TL | MİGROSKOP",icecek,https://www.migros.com.tr/rest/search/screens/icecek-c-6?reid=1778322163106000001&sayfa=3
20000008050418,Dimes Ananas Aromalı İçecek 200 Ml,17.5,17.5,True,https://images.migrosone.com/sanalmarket/product/08050418/8050418_1-c43fb4-105x105.jpg,Dimes,PIECE,Meyve Suyu,,icecek,https://www.migros.com.tr/rest/search/screens/icecek-c-6?reid=1778322163106000001&sayfa=3
20000008055173,Cappy Atom Ballı Karışık Meyve Nektarı Karton Kutu 200 ML,17.5,17.5,True,https://images.migrosone.com/sanalmarket/product/08055173/08055173_1-236ae1-105x105.jpg,Cappy,PIECE,Meyve Suyu,,icecek,https://www.migros.com.tr/rest/search/screens/icecek-c-6?reid=1778322163106000001&sayfa=3
20000008061112,"Saka Doğal Mineralli Su 6 x 1,5 L",151.5,151.5,True,https://images.migrosone.com/sanalmarket/product/08061112/8061112-27a0b2-105x105.jpg,Saka,PIECE,Su,,icecek,https://www.migros.com.tr/rest/search/screens/icecek-c-6?reid=1778322163106000001&sayfa=3
20000008020223,Pin Beyaz Şeftali 1 L,74.9,74.9,True,https://images.migrosone.com/sanalmarket/product/08020223/8020223_1-8c44c7-105x105.jpg,Pin Drinks,PIECE,Soğuk Çay,,icecek,https://www.migros.com.tr/rest/search/screens/icecek-c-6?reid=1778322163106000001&sayfa=3
20000011550890,Altınkılıç Karamaya Ekşi Ayran 1 L,109.5,109.5,True,https://images.migrosone.com/sanalmarket/product/11550890/11550890_1-9c56b4-105x105.jpg,Altınkılıç,PIECE,Ayran,,icecek,https://www.migros.com.tr/rest/search/screens/icecek-c-6?reid=1778322163106000001&sayfa=3
20000008040082,Sırma B+ Karadut Frenk Üzümü Maden Suyu 6 x 200 Ml,82.0,82.0,True,https://images.migrosone.com/sanalmarket/product/08040082/8040082-23e989-105x105.jpg,Sırma,PIECE,Maden Suyu,,icecek,https://www.migros.com.tr/rest/search/screens/icecek-c-6?reid=1778322163106000001&sayfa=3
20000008010800,Pepsi Kola 1 L,57.0,57.0,True,https://images.migrosone.com/sanalmarket/product/08010800/08010800_1-bf2921-105x105.jpg,Pepsi,PIECE,Kola,,icecek,https://www.migros.com.tr/rest/search/screens/icecek-c-6?reid=1778322163106000001&sayfa=3
20000003111303,Çaykur Rize Turist Çay 1 Kg,299.95,299.95,True,https://images.migrosone.com/sanalmarket/product/03111303/03111303_1-949450-105x105.jpg,Çaykur,PIECE,Dökme Çay,,icecek,https://www.migros.com.tr/rest/search/screens/icecek-c-6?reid=1778322163106000001&sayfa=3
20000003230008,Migros Gold Kahve 100 G,110.9,110.9,True,https://images.migrosone.com/sanalmarket/product/03230008/3230008_1-e9f73f-105x105.jpg,Migros,PIECE,Hazır Kahve,,icecek,https://www.migros.com.tr/rest/search/screens/icecek-c-6?reid=1778322163106000001&sayfa=3
20000011550059,"Yörsan Susurluk Ayran %2,3 Yağlı 1 L",74.95,74.95,True,https://images.migrosone.com/sanalmarket/product/11550059/11550059_1-48ec85-105x105.jpg,Yörsan,PIECE,Ayran,,icecek,https://www.migros.com.tr/rest/search/screens/icecek-c-6?reid=1778322163106000001&sayfa=3
20000046054715,Sütaş 200 Ml Ayran,15.0,15.0,True,https://images.migrosone.com/sanalmarket/product/46054715/46054715-8a2faf-105x105.jpg,Sütaş,PIECE,Ayran,,icecek,https://www.migros.com.tr/rest/search/screens/icecek-c-6?reid=1778322163106000001&sayfa=3
20000003212017,Kocatepe 1949 Türk Kahvesi 100 G,69.9,93.5,True,https://images.migrosone.com/sanalmarket/product/03212017/03212017_1-a7c9c0-105x105.jpg,Kocatepe,PIECE,Türk Kahvesi,"93,50 TL | MİGROSKOP",icecek,https://www.migros.com.tr/rest/search/screens/icecek-c-6?reid=1778322163106000001&sayfa=3
20000011550907,Altınkılıç Kefirix Orman Meyveli 250 Ml,49.95,49.95,True,https://images.migrosone.com/sanalmarket/product/11550907/11550907-3f13b2-105x105.jpg,Altınkılıç,PIECE,Kefir,,icecek,https://www.migros.com.tr/rest/search/screens/icecek-c-6?reid=1778322163106000001&sayfa=3
20000008072639,Exotic Portakal Suyu 750 Ml,114.0,228.0,True,https://images.migrosone.com/sanalmarket/product/08072639/8072639_1-6f756d-105x105.jpg,Exotic,PIECE,Meyve Suyu,"228,00 TL",icecek,https://www.migros.com.tr/rest/search/screens/icecek-c-6?reid=1778322163106000001&sayfa=3
20000008020083,Cappy Vişneli İçecek Karton Kutu 1 L,70.0,70.0,True,https://images.migrosone.com/sanalmarket/product/08020083/08020083_1-605171-105x105.jpg,Cappy,PIECE,Meyve Suyu,,icecek,https://www.migros.com.tr/rest/search/screens/icecek-c-6?reid=1778322163106000001&sayfa=3
20000003117303,Çaykur Tomurcuk Çayı 125 G,87.95,87.95,True,https://images.migrosone.com/sanalmarket/product/03117303/caykur-tomurcuk-cayi-125-gr-9a0f8b-105x105.jpg,Çaykur,PIECE,Dökme Çay,,icecek,https://www.migros.com.tr/rest/search/screens/icecek-c-6?reid=1778322163106000001&sayfa=4
20000008022000,Fanta Portakal Aromalı Pet 1 L,49.9,60.0,True,https://images.migrosone.com/sanalmarket/product/08022000/8022000_yan-d36055-105x105.png,Fanta,PIECE,Gazoz,"60,00 TL | MİGROSKOP",icecek,https://www.migros.com.tr/rest/search/screens/icecek-c-6?reid=1778322163106000001&sayfa=4
20000008010902,"Coca-Cola Light Pet 1,5 L",70.0,70.0,True,https://images.migrosone.com/sanalmarket/product/08010902/8010902_yan-f3a088-105x105.jpg,Coca-Cola,PIECE,Kola,,icecek,https://www.migros.com.tr/rest/search/screens/icecek-c-6?reid=1778322163106000001&sayfa=4
20000003111307,Çaykur Filiz Çay 500 G,191.95,191.95,True,https://images.migrosone.com/sanalmarket/product/03111307/03111307_1-4ce14c-105x105.jpg,Çaykur,PIECE,Dökme Çay,,icecek,https://www.migros.com.tr/rest/search/screens/icecek-c-6?reid=1778322163106000001&sayfa=4
20000008072645,Exotic Portakal Nar Suyu 750 Ml,127.5,255.0,True,https://images.migrosone.com/sanalmarket/product/08072645/8072645_1-bb73f6-105x105.jpg,Exotic,PIECE,Meyve Suyu,"255,00 TL",icecek,https://www.migros.com.tr/rest/search/screens/icecek-c-6?reid=1778322163106000001&sayfa=4
20000008040177,Avoya Meyveli Limon & Limon Çiçeği Maden Suyu 6 x 200 Ml,89.95,89.95,True,https://images.migrosone.com/sanalmarket/product/08040177/08040177_1-67476f-105x105.jpeg,Avoya,PIECE,Maden Suyu,,icecek,https://www.migros.com.tr/rest/search/screens/icecek-c-6?reid=1778322163106000001&sayfa=4
20000011559515,Özerhisar Cam Şişe Ayran 1 L,144.95,144.95,True,https://images.migrosone.com/sanalmarket/product/11559515/11559515-e66eda-105x105.jpg,Özerhisar,PIECE,Ayran,,icecek,https://www.migros.com.tr/rest/search/screens/icecek-c-6?reid=1778322163106000001&sayfa=4
20000008060126,Mila Doğal Kaynak Suyu 5 L,42.5,42.5,True,https://images.migrosone.com/sanalmarket/product/08060126/8060126_1-46b4a0-105x105.jpg,Mila,PIECE,Su,,icecek,https://www.migros.com.tr/rest/search/screens/icecek-c-6?reid=1778322163106000001&sayfa=4
20000008061657,Nestle Pure Life Su 5 L,59.0,59.0,True,https://images.migrosone.com/sanalmarket/product/08061657/nestle-pure-life-su-5-l-28db11-105x105.jpg,Nestle,PIECE,Su,,icecek,https://www.migros.com.tr/rest/search/screens/icecek-c-6?reid=1778322163106000001&sayfa=4
20000008040144,Sırma C+ Elmalı Doğal Maden Suyu 6x200 Ml,82.0,82.0,True,https://images.migrosone.com/sanalmarket/product/08040144/8040144-fa8d39-105x105.jpg,Sırma,PIECE,Maden Suyu,,icecek,https://www.migros.com.tr/rest/search/screens/icecek-c-6?reid=1778322163106000001&sayfa=4
20000008022862,Uludağ Efsane Şekersiz 6x250 Ml Cam,149.9,224.5,True,https://images.migrosone.com/sanalmarket/product/08022862/08022862-b6dc21-105x105.jpg,Uludağ,PIECE,Gazoz,"224,50 TL | MİGROSKOP",icecek,https://www.migros.com.tr/rest/search/screens/icecek-c-6?reid=1778322163106000001&sayfa=4
20000008035400,"Çamlıca Gazoz 1,5 L",55.0,55.0,True,https://images.migrosone.com/sanalmarket/product/08035400/08035400_1-6f7fb8-105x105.jpg,Çamlıca,PIECE,Gazoz,,icecek,https://www.migros.com.tr/rest/search/screens/icecek-c-6?reid=1778322163106000001&sayfa=4
20000011552592,İçim Kefir 1 L,99.0,99.0,True,https://images.migrosone.com/sanalmarket/product/11552592/11552592-98bd46-105x105.jpg,İçim,PIECE,Kefir,,icecek,https://www.migros.com.tr/rest/search/screens/icecek-c-6?reid=1778322163106000001&sayfa=4
20000008054594,Cappy Geleneksel Limonata Pet 1 L,50.0,50.0,True,https://images.migrosone.com/sanalmarket/product/08054594/08054594_1-bcdf97-105x105.jpg,Cappy,PIECE,Limonata,,icecek,https://www.migros.com.tr/rest/search/screens/icecek-c-6?reid=1778322163106000001&sayfa=4
20000003270025,Starbucks By Nespresso Blonde Espresso Kapsül Kahve 10'lu 53 G,314.5,314.5,True,https://images.migrosone.com/sanalmarket/product/03270025/3270025_1-5e9fe8-105x105.jpg,Starbucks,PIECE,Kapsül Kahve,,icecek,https://www.migros.com.tr/rest/search/screens/icecek-c-6?reid=1778322163106000001&sayfa=4
20000011559531,Arslan Karamaya Ayran 1 L,129.9,129.9,True,https://images.migrosone.com/sanalmarket/product/11559531/11559531_1-861174-105x105.jpg,Arslan,PIECE,Ayran,,icecek,https://www.migros.com.tr/rest/search/screens/icecek-c-6?reid=1778322163106000001&sayfa=4
20000008054400,Cappy Şeftali Nektarı Karton Kutu 1 L,62.95,70.0,True,https://images.migrosone.com/sanalmarket/product/08054400/08054400_1-6cbc02-105x105.jpg,Cappy,PIECE,Meyve Suyu,"70,00 TL",icecek,https://www.migros.com.tr/rest/search/screens/icecek-c-6?reid=1778322163106000001&sayfa=4
20000008053430,Tamek Vişne Nektari Kahverengi Şişe 200 Ml,39.95,39.95,True,https://images.migrosone.com/sanalmarket/product/08053430/tamek-visne-nektari-kahverengi-sise-200-ml-993267-105x105.jpg,Tamek,PIECE,Meyve Suyu,,icecek,https://www.migros.com.tr/rest/search/screens/icecek-c-6?reid=1778322163106000001&sayfa=4
20000008040141,Sırma C+ Limon Aromalı 6 x 200 Ml,82.0,82.0,True,https://images.migrosone.com/sanalmarket/product/08040141/8040141-f6116b-105x105.jpg,Sırma,PIECE,Maden Suyu,,icecek,https://www.migros.com.tr/rest/search/screens/icecek-c-6?reid=1778322163106000001&sayfa=4
20000008054510,Cappy %100 Elma Suyu Karton Kutu 1 L,105.0,105.0,True,https://images.migrosone.com/sanalmarket/product/08054510/08054510_1-a47582-105x105.jpg,Cappy,PIECE,Meyve Suyu,,icecek,https://www.migros.com.tr/rest/search/screens/icecek-c-6?reid=1778322163106000001&sayfa=4
20000008078920,Doğanay Şalgam Suyu Acılı 1 L,44.9,54.0,True,https://images.migrosone.com/sanalmarket/product/08078920/8078920_1-d368c9-105x105.jpg,Doğanay,PIECE,Şalgam Suyu,"54,00 TL | MİGROSKOP",icecek,https://www.migros.com.tr/rest/search/screens/icecek-c-6?reid=1778322163106000001&sayfa=4
20000008050550,Sizzle-Pop Stay Funny Havuç Kırmızı Elma Çilek 200 Ml,19.5,19.5,True,https://images.migrosone.com/sanalmarket/product/08050550/08050550_1-6c3e3b-105x105.jpg,Sizzle-Pop,PIECE,Meyve Suyu,,icecek,https://www.migros.com.tr/rest/search/screens/icecek-c-6?reid=1778322163106000001&sayfa=4
20000008040009,San Pellegrino Doğal Mineralli Su 6x250 Ml,299.95,465.0,True,https://images.migrosone.com/sanalmarket/product/08040009/san-pellegrino-dogal-mineralli-su-6x250-cl-dca651-105x105.jpg,San Pellegrino,PIECE,Maden Suyu,"465,00 TL | MİGROSKOP",icecek,https://www.migros.com.tr/rest/search/screens/icecek-c-6?reid=1778322163106000001&sayfa=4
20000003222688,Nescafé 2si1 Arada 10 x 10 G,105.0,105.0,True,https://images.migrosone.com/sanalmarket/product/03222688/3222688_1-3baa1e-105x105.jpg,Nescafe,PIECE,Hazır Kahve,,icecek,https://www.migros.com.tr/rest/search/screens/icecek-c-6?reid=1778322163106000001&sayfa=4
20000008054825,Dimes Premium %100 Elma Suyu 200 Ml,17.5,17.5,True,https://images.migrosone.com/sanalmarket/product/08054825/8054825_1-123c6a-105x105.jpg,Dimes,PIECE,Meyve Suyu,,icecek,https://www.migros.com.tr/rest/search/screens/icecek-c-6?reid=1778322163106000001&sayfa=4
20000003113022,Doğadan Gizli Bahçe Demlik Poşet Çay 100'lü 320 G,149.95,195.5,True,https://images.migrosone.com/sanalmarket/product/03113022/03113022_1-7eacb7-105x105.jpg,Doğadan,PIECE,Demlik Poşet Çay,"195,50 TL | MİGROSKOP",icecek,https://www.migros.com.tr/rest/search/screens/icecek-c-6?reid=1778322163106000001&sayfa=4
20000008050360,Dimes %100 İlk Hasat Narenciye 1 L,120.0,120.0,True,https://images.migrosone.com/sanalmarket/product/08050360/08050360-072750-105x105.jpg,Dimes,PIECE,Meyve Suyu,,icecek,https://www.migros.com.tr/rest/search/screens/icecek-c-6?reid=1778322163106000001&sayfa=4
20000008058416,Cappy Karışık Meyve Nektarı Karton Kutu 200 ML,17.5,17.5,True,https://images.migrosone.com/sanalmarket/product/08058416/08058416_1-0b1733-105x105.jpg,Cappy,PIECE,Meyve Suyu,,icecek,https://www.migros.com.tr/rest/search/screens/icecek-c-6?reid=1778322163106000001&sayfa=4
20000008038949,Çamlıca Limon Aromalı Gazoz 6x200 Ml,104.5,104.5,True,https://images.migrosone.com/sanalmarket/product/8038949/8038949-95d5a0-105x105.jpg,Çamlıca,PIECE,Gazoz,,icecek,https://www.migros.com.tr/rest/search/screens/icecek-c-6?reid=1778322163106000001&sayfa=4
20000008079641,Nescafé Xpress Café Latte Şeker İlavesiz Soğuk Kahve 250 Ml,54.9,70.0,True,https://images.migrosone.com/sanalmarket/product/08079641/8079641_1-c5d520-105x105.jpg,Nescafe,PIECE,Soğuk Kahve,"70,00 TL | MİGROSKOP",icecek,https://www.migros.com.tr/rest/search/screens/icecek-c-6?reid=1778322163106000001&sayfa=4
20000003111410,Lipton Yellow Label Çay 1 Kg,279.95,279.95,True,https://images.migrosone.com/sanalmarket/product/03111410/03111410_1-38e059-105x105.jpg,Lipton,PIECE,Dökme Çay,İyi Fiyat | MİGROSKOP,icecek,https://www.migros.com.tr/rest/search/screens/icecek-c-6?reid=1778322163106000001&sayfa=5
20000008035000,Sprite Limon Aromalı Pet 1 L,49.9,60.0,True,https://images.migrosone.com/sanalmarket/product/08035000/8035000_yan-485529-105x105.png,Sprite,PIECE,Gazoz,"60,00 TL | MİGROSKOP",icecek,https://www.migros.com.tr/rest/search/screens/icecek-c-6?reid=1778322163106000001&sayfa=5
20000003231310,Nescafé Gold Ekonomik Paket 100 G,339.5,339.5,True,https://images.migrosone.com/sanalmarket/product/03231310/03231310_1-ab1de3-105x105.jpg,Nescafe,PIECE,Hazır Kahve,,icecek,https://www.migros.com.tr/rest/search/screens/icecek-c-6?reid=1778322163106000001&sayfa=5
20000008059620,Nescafe Xpress Original 250 Ml,54.9,70.0,True,https://images.migrosone.com/sanalmarket/product/08059620/08059620_1-a91fd3-105x105.jpg,Nescafe,PIECE,Soğuk Kahve,"70,00 TL | MİGROSKOP",icecek,https://www.migros.com.tr/rest/search/screens/icecek-c-6?reid=1778322163106000001&sayfa=5
20000008058550,Cappy Portakallı İçecek Karton Kutu 200 ML,17.5,17.5,True,https://images.migrosone.com/sanalmarket/product/08058550/08058550_1-f58b62-105x105.jpg,Cappy,PIECE,Meyve Suyu,,icecek,https://www.migros.com.tr/rest/search/screens/icecek-c-6?reid=1778322163106000001&sayfa=5
20000008054612,Cappy Pulpy Karışık 1 L,69.95,69.95,True,https://images.migrosone.com/sanalmarket/product/08054612/08054612_1-d130bc-105x105.jpg,Cappy,PIECE,Meyve Suyu,İyi Fiyat | MİGROSKOP,icecek,https://www.migros.com.tr/rest/search/screens/icecek-c-6?reid=1778322163106000001&sayfa=5
20000011559370,Eker Çilekli Kefir 200 Ml,41.5,41.5,True,https://images.migrosone.com/sanalmarket/product/11559370/11559370_1-eec759-105x105.jpg,Eker,PIECE,Kefir,,icecek,https://www.migros.com.tr/rest/search/screens/icecek-c-6?reid=1778322163106000001&sayfa=5
20000011559371,Eker Şeftali Kayısılı Kefir 200 Ml,41.5,41.5,True,https://images.migrosone.com/sanalmarket/product/11559371/11559371_1-95a5af-105x105.jpg,Eker,PIECE,Kefir,,icecek,https://www.migros.com.tr/rest/search/screens/icecek-c-6?reid=1778322163106000001&sayfa=5
20000008059442,Lipton Ice Tea Şekersiz Şeftali Aromalı Soğuk Çay Kutu 6 x 330 Ml,199.9,278.0,True,https://images.migrosone.com/sanalmarket/product/08059442/08059442_1-64c480-105x105.jpg,Lipton,PIECE,Soğuk Çay,"278,00 TL | MİGROSKOP",icecek,https://www.migros.com.tr/rest/search/screens/icecek-c-6?reid=1778322163106000001&sayfa=5
20000008060301,Damla Doğal Kaynak Suyu Pet 500 ML,18.0,18.0,True,https://images.migrosone.com/sanalmarket/product/08060301/8060301_yan-8e923a-105x105.jpg,Damla,PIECE,Su,,icecek,https://www.migros.com.tr/rest/search/screens/icecek-c-6?reid=1778322163106000001&sayfa=5
20000011550100,Eker Ayran 1 L,57.9,57.9,True,https://images.migrosone.com/sanalmarket/product/11550100/11550100_1-0ca5fa-105x105.jpg,Eker,PIECE,Ayran,,icecek,https://www.migros.com.tr/rest/search/screens/icecek-c-6?reid=1778322163106000001&sayfa=5
20000008050357,Dimes %100 Orman Meyveli 1 L,120.0,120.0,True,https://images.migrosone.com/sanalmarket/product/08050357/8050357_1-f76156-105x105.jpg,Dimes,PIECE,Meyve Suyu,,icecek,https://www.migros.com.tr/rest/search/screens/icecek-c-6?reid=1778322163106000001&sayfa=5
20000008040143,Sırma C+ Mandalinalı 6 x 200 Ml,82.0,82.0,True,https://images.migrosone.com/sanalmarket/product/08040143/8040143-8df9bd-105x105.jpg,Sırma,PIECE,Maden Suyu,,icecek,https://www.migros.com.tr/rest/search/screens/icecek-c-6?reid=1778322163106000001&sayfa=5
20000003118652,Migros Demlik Poşet Siyah Çay 100 x 3.2 G,99.95,99.95,True,https://images.migrosone.com/sanalmarket/product/03118652/03118652-73b449-105x105.jpg,Migros,PIECE,Demlik Poşet Çay,,icecek,https://www.migros.com.tr/rest/search/screens/icecek-c-6?reid=1778322163106000001&sayfa=5
20000008054838,Dimes %100 Kırmızı Meyvelerden Meyve Suyu 1 L,105.0,105.0,True,https://images.migrosone.com/sanalmarket/product/08054838/8054838_1-e58c88-105x105.jpg,Dimes,PIECE,Meyve Suyu,,icecek,https://www.migros.com.tr/rest/search/screens/icecek-c-6?reid=1778322163106000001&sayfa=5
20000008035152,Uludağ Efsane Portakal Pet Şekersiz 1 L,59.5,59.5,True,https://images.migrosone.com/sanalmarket/product/08035152/8035152_1-db8f00-105x105.jpg,Uludağ,PIECE,Gazoz,,icecek,https://www.migros.com.tr/rest/search/screens/icecek-c-6?reid=1778322163106000001&sayfa=5
20000008040145,Sırma +C Mango Ananas Aromalı Mineralli İçecek 6 x 200 Ml,82.0,82.0,True,https://images.migrosone.com/sanalmarket/product/08040145/8040145-12b777-105x105.jpg,Sırma,PIECE,Maden Suyu,,icecek,https://www.migros.com.tr/rest/search/screens/icecek-c-6?reid=1778322163106000001&sayfa=5
20000008053428,Tamek Kayısı Nektari Kahverengi Şişe 200 Ml,39.95,39.95,True,https://images.migrosone.com/sanalmarket/product/08053428/tamek-kayisi-nektari-kahverengi-sise-200-ml-0e169f-105x105.jpg,Tamek,PIECE,Meyve Suyu,,icecek,https://www.migros.com.tr/rest/search/screens/icecek-c-6?reid=1778322163106000001&sayfa=5
20000003231564,Tchibo Gold  Ekonomik Paket 150 G,314.96,419.95,True,https://images.migrosone.com/sanalmarket/product/03231564/3231564_1-4e1faa-105x105.jpg,Tchibo,PIECE,Hazır Kahve,"419,95 TL | MİGROSKOP",icecek,https://www.migros.com.tr/rest/search/screens/icecek-c-6?reid=1778322163106000001&sayfa=5
20000008054924,Dimes Moments Sıkma Nar Suyu 700 Ml,200.0,200.0,True,https://images.migrosone.com/sanalmarket/product/08054924/08054924_1-812bd9-105x105.jpg,Dimes,PIECE,Meyve Suyu,,icecek,https://www.migros.com.tr/rest/search/screens/icecek-c-6?reid=1778322163106000001&sayfa=5
20000003270120,Starbucks By Nespresso Smooth Caramel Kapsül Kahve 10'lu 51 G,369.5,369.5,True,https://images.migrosone.com/sanalmarket/product/03270120/03270120_1-18dc91-105x105.jpg,Starbucks,PIECE,Kapsül Kahve,,icecek,https://www.migros.com.tr/rest/search/screens/icecek-c-6?reid=1778322163106000001&sayfa=5
20000008060115,Saka Doğal Mineralli Su 6x1 L,141.5,141.5,True,https://images.migrosone.com/sanalmarket/product/08060115/08060115-8c2cfa-105x105.jpg,Saka,PIECE,Su,,icecek,https://www.migros.com.tr/rest/search/screens/icecek-c-6?reid=1778322163106000001&sayfa=5
20000011559399,Eker Orman Meyveli Kefir 1L,131.5,131.5,True,https://images.migrosone.com/sanalmarket/product/11559399/11559399_1-500f28-105x105.jpg,Eker,PIECE,Kefir,,icecek,https://www.migros.com.tr/rest/search/screens/icecek-c-6?reid=1778322163106000001&sayfa=5
20000008030301,"Sprite Limon Aromalı Pet 1,5 L",70.0,70.0,True,https://images.migrosone.com/sanalmarket/product/08030301/8030301_yan-6ba588-105x105.png,Sprite,PIECE,Gazoz,,icecek,https://www.migros.com.tr/rest/search/screens/icecek-c-6?reid=1778322163106000001&sayfa=5
20000008054601,Cappy Karışık Meyve Nektarı Karton Kutu 1 L,62.95,70.0,True,https://images.migrosone.com/sanalmarket/product/08054601/8054601_yan-a22761-105x105.jpg,Cappy,PIECE,Meyve Suyu,"70,00 TL",icecek,https://www.migros.com.tr/rest/search/screens/icecek-c-6?reid=1778322163106000001&sayfa=5
20000008011150,Pepsi Zero Sugar Kola 4 x 1 L,224.95,224.95,True,https://images.migrosone.com/sanalmarket/product/08011150/08011150_1-fcafc1-105x105.jpg,Pepsi,PIECE,Kola,,icecek,https://www.migros.com.tr/rest/search/screens/icecek-c-6?reid=1778322163106000001&sayfa=5
20000003132924,Doğadan Papatya Çayı Bardak Poşet 20'li,77.0,110.0,True,https://images.migrosone.com/sanalmarket/product/03132924/03132924_1-f7d535-105x105.jpg,Doğadan,PIECE,Bitki Çayı,"110,00 TL | MİGROSKOP",icecek,https://www.migros.com.tr/rest/search/screens/icecek-c-6?reid=1778322163106000001&sayfa=5
20000003271993,Kurukahveci Mehmet Efendi Colombian Filtre Kahve 250 G,285.5,285.5,True,https://images.migrosone.com/sanalmarket/product/03271993/03271993-dbd07c-105x105.jpg,Kurukahveci Mehmet Efendi,PIECE,Filtre Kahve,,icecek,https://www.migros.com.tr/rest/search/screens/icecek-c-6?reid=1778322163106000001&sayfa=5
20000003220028,Kahve Dünyası 2si1 Arada 8 x 12 G,59.95,59.95,True,https://images.migrosone.com/sanalmarket/product/03220028/03220028-f0499a-105x105.jpeg,Kahve Dünyası,PIECE,Hazır Kahve,,icecek,https://www.migros.com.tr/rest/search/screens/icecek-c-6?reid=1778322163106000001&sayfa=5
20000008050545,Sizzle-Pop Dancing Friends Ananas Mango Yaban Mersini 200 Ml,19.5,19.5,True,https://images.migrosone.com/sanalmarket/product/08050545/08050545_1-b118cc-105x105.jpg,Sizzle-Pop,PIECE,Meyve Suyu,,icecek,https://www.migros.com.tr/rest/search/screens/icecek-c-6?reid=1778322163106000001&sayfa=5
20000027060000,Ceviz Kabuklu Kg,189.95,189.95,True,https://images.migrosone.com/sanalmarket/product/27060000/27060000-62c1c2-105x105.jpg,Reyondan,GRAM,Kabuklu Kuruyemiş,İyi Fiyat,atistirmalik,https://www.migros.com.tr/rest/search/screens/atistirmalik-c-113fb?reid=1778322987254000001&sayfa=1
20000008089819,Tadım Kavrulmuş Siyah Ayçekirdeği 180 G,56.0,56.0,True,https://images.migrosone.com/sanalmarket/product/08089819/8089819-5f54d6-105x105.jpg,Tadım,PIECE,Ayçekirdeği,,atistirmalik,https://www.migros.com.tr/rest/search/screens/atistirmalik-c-113fb?reid=1778322987254000001&sayfa=1
20000008079827,Migros İç Ceviz 150 G,105.0,105.0,True,https://images.migrosone.com/sanalmarket/product/08079827/08079827-a4c8ee-105x105.jpg,Migros,PIECE,Ceviz İçi,İyi Fiyat | MİGROSKOP,atistirmalik,https://www.migros.com.tr/rest/search/screens/atistirmalik-c-113fb?reid=1778322987254000001&sayfa=1
20000007033745,Eti Canga 45 G,15.05,22.5,True,https://images.migrosone.com/sanalmarket/product/07033745/07033745-8f97e5-105x105.jpg,Eti,PIECE,Çikolata Bar,"22,50 TL",atistirmalik,https://www.migros.com.tr/rest/search/screens/atistirmalik-c-113fb?reid=1778322987254000001&sayfa=1
20000008079756,Master Nut Kavrulmuş Tuzlu Kaju Fıstığı 140gr,99.9,136.9,True,https://images.migrosone.com/sanalmarket/product/08079756/8079756_1-afb84b-105x105.jpg,Master Nut,PIECE,Kaju,"136,90 TL | MİGROSKOP",atistirmalik,https://www.migros.com.tr/rest/search/screens/atistirmalik-c-113fb?reid=1778322987254000001&sayfa=1
20000008079757,Master Farm Yerli Ceviz İçi 150 G,99.9,164.95,True,https://images.migrosone.com/sanalmarket/product/08079757/08079757_1-3f070e-105x105.jpg,Master Farm,PIECE,Ceviz İçi,"164,95 TL | MİGROSKOP",atistirmalik,https://www.migros.com.tr/rest/search/screens/atistirmalik-c-113fb?reid=1778322987254000001&sayfa=1
20000007160256,Kitkat Chunky Sütlü Çikolatalı Gofret 4 x 38 G,119.95,119.95,True,https://images.migrosone.com/sanalmarket/product/07160256/07160256_1-7f74e3-105x105.jpg,Kitkat,PIECE,Çikolatalı Gofret,"50 TL Sepette 84,9 TL",atistirmalik,https://www.migros.com.tr/rest/search/screens/atistirmalik-c-113fb?reid=1778322987254000001&sayfa=1
20000007010209,Ülker Tuzlu Çubuk Kraker 40 G,7.5,7.5,True,https://images.migrosone.com/sanalmarket/product/07010209/07010209-1747ff-105x105.jpg,Ülker,PIECE,Kraker,,atistirmalik,https://www.migros.com.tr/rest/search/screens/atistirmalik-c-113fb?reid=1778322987254000001&sayfa=1
20000007160817,Eti Karam Gurme Bitter Çikolatalı Gofret 50 g,29.5,29.5,True,https://images.migrosone.com/sanalmarket/product/7160817/7160817-b58034-105x105.jpg,Eti,PIECE,Çikolatalı Gofret,,atistirmalik,https://www.migros.com.tr/rest/search/screens/atistirmalik-c-113fb?reid=1778322987254000001&sayfa=1
20000007012145,Eti Gong Mısır ve Pirinç Patlağı 64 G,21.5,25.9,True,https://images.migrosone.com/sanalmarket/product/07012145/07012145-36cdc0-105x105.jpg,Eti,PIECE,Mısır ve Pirinç Patlağı,"25,90 TL | MİGROSKOP",atistirmalik,https://www.migros.com.tr/rest/search/screens/atistirmalik-c-113fb?reid=1778322987254000001&sayfa=1
20000007010355,Wefood Karabuğday Patlağı 100 G,62.9,62.9,True,https://images.migrosone.com/sanalmarket/product/07010355/07010355_1-719a6b-105x105.jpg,Wefood,PIECE,Mısır ve Pirinç Patlağı,,atistirmalik,https://www.migros.com.tr/rest/search/screens/atistirmalik-c-113fb?reid=1778322987254000001&sayfa=1
20000007040121,Kinder Bueno Çikolata 43 gr,36.9,43.95,True,https://images.migrosone.com/sanalmarket/product/07040121/kinder-bueno-43-gr-d9b956-105x105.jpg,Kinder,PIECE,Çikolatalı Gofret,"43,95 TL | MİGROSKOP",atistirmalik,https://www.migros.com.tr/rest/search/screens/atistirmalik-c-113fb?reid=1778322987254000001&sayfa=1
20000008080298,Migros Çiğ İç Badem 150 G,109.9,109.9,True,https://images.migrosone.com/sanalmarket/product/08080298/08080298-4f7bb9-105x105.jpg,Migros,PIECE,Badem Çiğ,,atistirmalik,https://www.migros.com.tr/rest/search/screens/atistirmalik-c-113fb?reid=1778322987254000001&sayfa=1
20000005054050,Uno Çikolata Kremalı Kruvasan 8'li 240 G,89.9,115.0,True,https://images.migrosone.com/sanalmarket/product/05054050/05054050-741d2e-105x105.jpg,Uno,PIECE,Kruvasan,"115,00 TL | MİGROSKOP",atistirmalik,https://www.migros.com.tr/rest/search/screens/atistirmalik-c-113fb?reid=1778322987254000001&sayfa=1
20000007010201,Eti Crax Çubuk Kraker 40 G,7.5,7.5,True,https://images.migrosone.com/sanalmarket/product/07010201/07010201-e024e5-105x105.jpg,Eti,PIECE,Kraker,,atistirmalik,https://www.migros.com.tr/rest/search/screens/atistirmalik-c-113fb?reid=1778322987254000001&sayfa=1
20000007035529,Nestle Sütlü ve Bitter  Madlen Çikolata 224 G,449.95,449.95,True,https://images.migrosone.com/sanalmarket/product/07035529/07035529_1-1244e2-105x105.png,Nestle,PIECE,Hediye Çikolata,"50 TL Sepette 224,9 TL",atistirmalik,https://www.migros.com.tr/rest/search/screens/atistirmalik-c-113fb?reid=1778322987254000001&sayfa=1
20000005089582,Lay's Ruffles Doritos 2'li Avantaj Paketi 176 G,74.95,74.95,True,https://images.migrosone.com/sanalmarket/product/05089582/05089582-43d0a7-105x105.jpg,Lay's,PIECE,Patates Cipsi,,atistirmalik,https://www.migros.com.tr/rest/search/screens/atistirmalik-c-113fb?reid=1778322987254000001&sayfa=1
20000007124238,Falım 5’li Damla Şekersiz Sakız 35 G,42.95,59.95,True,https://images.migrosone.com/sanalmarket/product/07124238/7124238_1-a3e3dc-105x105.jpg,Falım,PIECE,Sakız,"59,95 TL | MİGROSKOP",atistirmalik,https://www.migros.com.tr/rest/search/screens/atistirmalik-c-113fb?reid=1778322987254000001&sayfa=1
20000005082036,Lay's Klasik Mega Boy 193 G,84.95,84.95,True,https://images.migrosone.com/sanalmarket/product/05082036/05082036-915572-105x105.jpg,Lay's,PIECE,Patates Cipsi,,atistirmalik,https://www.migros.com.tr/rest/search/screens/atistirmalik-c-113fb?reid=1778322987254000001&sayfa=1
20000008080234,Migros Kabak Çekirdeği 200 G,69.9,69.9,True,https://images.migrosone.com/sanalmarket/product/08080234/08080234-a0263e-105x105.jpg,Migros,PIECE,Kabak Çekirdeği,,atistirmalik,https://www.migros.com.tr/rest/search/screens/atistirmalik-c-113fb?reid=1778322987254000001&sayfa=1
20000008077438,Züber %100 Fıstık Ezmeli Noutos 55 G,69.95,69.95,True,https://images.migrosone.com/sanalmarket/product/08077438/08077438_1-2f0f9e-105x105.jpg,Züber,PIECE,"Pelet, Nohut ve Diğer Cips",,atistirmalik,https://www.migros.com.tr/rest/search/screens/atistirmalik-c-113fb?reid=1778322987254000001&sayfa=1
20000005104002,Eti Browni Gold Çikolatalı Kek 45 G,15.25,15.25,True,https://images.migrosone.com/sanalmarket/product/05104002/5104002_1-1cbfbd-105x105.jpg,Eti,PIECE,Mini Kek,,atistirmalik,https://www.migros.com.tr/rest/search/screens/atistirmalik-c-113fb?reid=1778322987254000001&sayfa=1
20000008089962,Tadım Bol Tuzlu Kavrulmuş Siyah Ayçekirdek 180 G,56.0,56.0,True,https://images.migrosone.com/sanalmarket/product/08089962/8089962-d53d61-105x105.jpg,Tadım,PIECE,Ayçekirdeği,,atistirmalik,https://www.migros.com.tr/rest/search/screens/atistirmalik-c-113fb?reid=1778322987254000001&sayfa=1
20000005080144,Lay’s Fırınlanmış Yoğurtu & Mevsim Yeşillikli Süper Boy 110 G,59.0,59.0,True,https://images.migrosone.com/sanalmarket/product/05080144/05080144_1-16783a-105x105.jpg,Lay's,PIECE,Patates Cipsi,,atistirmalik,https://www.migros.com.tr/rest/search/screens/atistirmalik-c-113fb?reid=1778322987254000001&sayfa=1
20000007012390,Eti Tutku Tart 45 G,20.0,20.0,True,https://images.migrosone.com/sanalmarket/product/07012390/07012390_1-aa0216-105x105.jpg,Eti,PIECE,Kremalı Bisküvi,,atistirmalik,https://www.migros.com.tr/rest/search/screens/atistirmalik-c-113fb?reid=1778322987254000001&sayfa=1
20000005080189,Master Pops Biftek Soğan Aromalı Mısır Çerezi 90 G,24.95,34.95,True,https://images.migrosone.com/sanalmarket/product/05080189/5080189_1-ff31ea-105x105.jpg,Master Nut,PIECE,Mısır Cipsi,"34,95 TL | MİGROSKOP",atistirmalik,https://www.migros.com.tr/rest/search/screens/atistirmalik-c-113fb?reid=1778322987254000001&sayfa=1
20000007160318,Tadelle Çikolatalı Gofret Poşet 5 x 28 G,49.9,78.95,True,https://images.migrosone.com/sanalmarket/product/07160318/07160318_1-83defa-105x105.jpg,Tadelle,PIECE,Wafer Gofret,"78,95 TL | MİGROSKOP",atistirmalik,https://www.migros.com.tr/rest/search/screens/atistirmalik-c-113fb?reid=1778322987254000001&sayfa=1
20000008079815,Master Farm Kuru Erik 120 G,69.9,84.9,True,https://images.migrosone.com/sanalmarket/product/08079815/8079815_1-9d34f4-105x105.jpg,Master,PIECE,Kuru Erik,"84,90 TL | MİGROSKOP",atistirmalik,https://www.migros.com.tr/rest/search/screens/atistirmalik-c-113fb?reid=1778322987254000001&sayfa=1
20000008080049,Migros Çifte Kavrulmuş Sarı Leblebi 200G,53.5,53.5,True,https://images.migrosone.com/sanalmarket/product/08080049/08080049-3774c9-105x105.jpg,Migros,PIECE,Leblebi,,atistirmalik,https://www.migros.com.tr/rest/search/screens/atistirmalik-c-113fb?reid=1778322987254000001&sayfa=1
20000007030476,Ülker Laviva Dolgulu ve Bisküvili Çikolata 35 G,23.5,27.5,True,https://images.migrosone.com/sanalmarket/product/07030476/ulker-laviva-dolgulu-ve-biskuvili-cikolata-35-gr-80ac2b-105x105.jpg,Laviva,PIECE,Çikolata Bar,"27,50 TL | MİGROSKOP",atistirmalik,https://www.migros.com.tr/rest/search/screens/atistirmalik-c-113fb?reid=1778322987254000001&sayfa=1
20000005080154,Ruffles Originals Patates Cipsi  Parti Boy 160 G,76.95,76.95,True,https://images.migrosone.com/sanalmarket/product/05080154/05080154_1-11f013-105x105.jpg,Ruffles,PIECE,Patates Cipsi,,atistirmalik,https://www.migros.com.tr/rest/search/screens/atistirmalik-c-113fb?reid=1778322987254000001&sayfa=2
20000008089679,Tadım Sultaniye Kuru Üzüm 140 G,45.95,45.95,True,https://images.migrosone.com/sanalmarket/product/08089679/8089679-5114b7-105x105.jpg,Tadım,PIECE,Kuru Üzüm,,atistirmalik,https://www.migros.com.tr/rest/search/screens/atistirmalik-c-113fb?reid=1778322987254000001&sayfa=2
20000007010133,Eti Burçak Tam Buğday Unlu Bisküvi 3 x 131 G,59.95,72.95,True,https://images.migrosone.com/sanalmarket/product/07010133/07010133-2cad2d-105x105.jpg,Eti,PIECE,Tahıllı Bisküvi,"72,95 TL | MİGROSKOP",atistirmalik,https://www.migros.com.tr/rest/search/screens/atistirmalik-c-113fb?reid=1778322987254000001&sayfa=2
20000008079835,Master Farm Çiğ Kaju Fıstığı 140 G,99.9,136.9,True,https://images.migrosone.com/sanalmarket/product/08079835/08079835-fc25fe-105x105.jpg,Master Farm,PIECE,Çiğ Kaju,"136,90 TL | MİGROSKOP",atistirmalik,https://www.migros.com.tr/rest/search/screens/atistirmalik-c-113fb?reid=1778322987254000001&sayfa=2
20000007031520,Tadelle Fındık Dolgulu Sütlü Çikolata 3 x 52 G,144.9,187.5,True,https://images.migrosone.com/sanalmarket/product/07031520/07031520_1-e7eb46-105x105.jpg,Tadelle,PIECE,Sütlü Çikolata,"187,50 TL | MİGROSKOP",atistirmalik,https://www.migros.com.tr/rest/search/screens/atistirmalik-c-113fb?reid=1778322987254000001&sayfa=2
20000007160087,Eti Hoşbeş Fındık Kremalı Gofret 142 G,59.9,59.9,True,https://images.migrosone.com/sanalmarket/product/07160087/07160087_1-f67967-105x105.jpg,Eti,PIECE,Wafer Gofret,,atistirmalik,https://www.migros.com.tr/rest/search/screens/atistirmalik-c-113fb?reid=1778322987254000001&sayfa=2
20000005089579,Master Potato Soğanlı & Ekşi Kremalı Cips 160 G,120.0,120.0,True,https://images.migrosone.com/sanalmarket/product/05089579/5089579_1-5e73f3-105x105.jpg,Master,PIECE,Patates Cipsi,,atistirmalik,https://www.migros.com.tr/rest/search/screens/atistirmalik-c-113fb?reid=1778322987254000001&sayfa=2
20000005089580,Master Potato Orijinal Cips 160 G,120.0,120.0,True,https://images.migrosone.com/sanalmarket/product/05089580/5089580_1-6ccb1d-105x105.jpg,Master,PIECE,Patates Cipsi,,atistirmalik,https://www.migros.com.tr/rest/search/screens/atistirmalik-c-113fb?reid=1778322987254000001&sayfa=2
20000005081206,Doritos Taco Mega Boy 218 G,81.95,81.95,True,https://images.migrosone.com/sanalmarket/product/05081206/05081206-06472e-105x105.jpg,Doritos,PIECE,Mısır Cipsi,,atistirmalik,https://www.migros.com.tr/rest/search/screens/atistirmalik-c-113fb?reid=1778322987254000001&sayfa=2
20000008080299,Migros Kavrulmuş Badem İçi 150 G,109.9,109.9,True,https://images.migrosone.com/sanalmarket/product/08080299/08080299_1-a464c1-105x105.jpg,Migros,PIECE,Badem,,atistirmalik,https://www.migros.com.tr/rest/search/screens/atistirmalik-c-113fb?reid=1778322987254000001&sayfa=2
20000007160381,Ülker Çikolatalı Gofret 4'lü Paket 144 G,62.95,62.95,True,https://images.migrosone.com/sanalmarket/product/07160381/07160381-233a82-105x105.jpg,Ülker,PIECE,Çikolatalı Gofret,,atistirmalik,https://www.migros.com.tr/rest/search/screens/atistirmalik-c-113fb?reid=1778322987254000001&sayfa=2
20000007010983,Eti Puf Kakaolu Bisküvi 18 G,5.95,5.95,True,https://images.migrosone.com/sanalmarket/product/07010983/07010983_1-0e9d2e-105x105.jpg,Eti,PIECE,Kaplamalı Bisküvi,,atistirmalik,https://www.migros.com.tr/rest/search/screens/atistirmalik-c-113fb?reid=1778322987254000001&sayfa=2
20000008090082,Migros Çiğ İç Fındık 150 G,140.0,140.0,True,https://images.migrosone.com/sanalmarket/product/08090082/8090082-34a845-105x105.jpg,Migros,PIECE,Fındık Çiğ,,atistirmalik,https://www.migros.com.tr/rest/search/screens/atistirmalik-c-113fb?reid=1778322987254000001&sayfa=2
20000007031248,Tadelle Bitter Çikolata Kaplamalı Kakaolu Gofret 28 G,15.95,15.95,True,https://images.migrosone.com/sanalmarket/product/07031248/07031248_1-9dba6f-105x105.jpg,Tadelle,PIECE,Çikolatalı Gofret,,atistirmalik,https://www.migros.com.tr/rest/search/screens/atistirmalik-c-113fb?reid=1778322987254000001&sayfa=2
20000008079619,Kara Sevda Yerli Tuzsuz Siyah Ayçekirdeği 125 G,29.9,39.9,True,https://images.migrosone.com/sanalmarket/product/08079619/8079619-e26e5d-105x105.jpg,Kara Sevda,PIECE,Ayçekirdeği,"39,90 TL | MİGROSKOP",atistirmalik,https://www.migros.com.tr/rest/search/screens/atistirmalik-c-113fb?reid=1778322987254000001&sayfa=2
20000008080398,Datella Medjoul Hurma Medium 500 G,199.9,299.95,True,https://images.migrosone.com/sanalmarket/product/08080398/08080398-cdca96-105x105.jpg,Datella,PIECE,Hurma,"299,95 TL",atistirmalik,https://www.migros.com.tr/rest/search/screens/atistirmalik-c-113fb?reid=1778322987254000001&sayfa=2
20000007209072,Züber Yer Fıstıklı Kuruyemiş Bar 3 x 30 G,99.95,99.95,True,https://images.migrosone.com/sanalmarket/product/07209072/07209072_1-2f2d3e-105x105.jpg,Züber,PIECE,Tahıllı Bar,İyi Fiyat,atistirmalik,https://www.migros.com.tr/rest/search/screens/atistirmalik-c-113fb?reid=1778322987254000001&sayfa=2
20000008080274,Migros Kavrulmuş Antep Fıstığı 150 G,199.0,199.0,True,https://images.migrosone.com/sanalmarket/product/08080274/08080274-8df072-105x105.jpg,Migros,PIECE,Antep Fıstığı,,atistirmalik,https://www.migros.com.tr/rest/search/screens/atistirmalik-c-113fb?reid=1778322987254000001&sayfa=2
20000007163345,Tadelle Fındık Dolgulu Sütlü Çikolata King Size 52 G,62.5,62.5,True,https://images.migrosone.com/sanalmarket/product/07163345/tadelle-sutlu-cikolata-52-gr-f4034e-105x105.jpg,Tadelle,PIECE,Sütlü Çikolata,2 Al 1 Öde,atistirmalik,https://www.migros.com.tr/rest/search/screens/atistirmalik-c-113fb?reid=1778322987254000001&sayfa=2
20000007031339,Züber Fıstrık Yer Fıstıklı Kuruyemiş Bar 30 G,44.95,44.95,True,https://images.migrosone.com/sanalmarket/product/07031339/07031339_1-db52c2-105x105.jpeg,Züber,PIECE,Tahıllı Bar,,atistirmalik,https://www.migros.com.tr/rest/search/screens/atistirmalik-c-113fb?reid=1778322987254000001&sayfa=2
20000005080160,Doritos Nacho Süper Boy 130 G,57.0,57.0,True,https://images.migrosone.com/sanalmarket/product/05080160/05080160_1-bcfc8c-105x105.jpg,Doritos,PIECE,Mısır Cipsi,,atistirmalik,https://www.migros.com.tr/rest/search/screens/atistirmalik-c-113fb?reid=1778322987254000001&sayfa=2
20000007049998,Milka Oreolu Çikolata 100 G,79.95,129.95,True,https://images.migrosone.com/sanalmarket/product/07049998/7049998_1-0840dd-105x105.jpg,Milka,PIECE,Sütlü Çikolata,"129,95 TL | MİGROSKOP",atistirmalik,https://www.migros.com.tr/rest/search/screens/atistirmalik-c-113fb?reid=1778322987254000001&sayfa=2
20000005080158,Doritos Taco Baharatlı Mısır Cipsi Süper Boy 135 G,57.0,57.0,True,https://images.migrosone.com/sanalmarket/product/05080158/05080158_1-bc8451-105x105.jpg,Doritos,PIECE,Mısır Cipsi,,atistirmalik,https://www.migros.com.tr/rest/search/screens/atistirmalik-c-113fb?reid=1778322987254000001&sayfa=2
20000007010979,Eti Tutku Kakao Kremalı Mozaik Bisküvi 100 G,25.5,25.5,True,https://images.migrosone.com/sanalmarket/product/7010979/7010979-37b062-105x105.jpg,Eti,PIECE,Kremalı Bisküvi,,atistirmalik,https://www.migros.com.tr/rest/search/screens/atistirmalik-c-113fb?reid=1778322987254000001&sayfa=2
20000007011050,Ülker Pötibör Bisküvi 450 G,59.9,69.95,True,https://images.migrosone.com/sanalmarket/product/07011050/07011050-e50eee-105x105.jpg,Pötibör,PIECE,Petibör,"69,95 TL | MİGROSKOP",atistirmalik,https://www.migros.com.tr/rest/search/screens/atistirmalik-c-113fb?reid=1778322987254000001&sayfa=2
20000005090097,Nestle Nesfit Proteinli Kakaolu Tam Tahıllı Bar 20 G,39.95,39.95,True,https://images.migrosone.com/sanalmarket/product/05090097/5090097_1-49b73a-105x105.jpg,Nesfit,PIECE,Tahıllı Bar,2 Al 1 Öde,atistirmalik,https://www.migros.com.tr/rest/search/screens/atistirmalik-c-113fb?reid=1778322987254000001&sayfa=2
20000008079865,Otto Dried Fruits Medjoul Hurma Büyük 150 G,74.9,114.95,True,https://images.migrosone.com/sanalmarket/product/08079865/8079865_1-30a61c-105x105.jpg,Otto Nuts,PIECE,Hurma,"114,95 TL | MİGROSKOP",atistirmalik,https://www.migros.com.tr/rest/search/screens/atistirmalik-c-113fb?reid=1778322987254000001&sayfa=2
20000007010210,Ülker Tuzlu Çubuk Kraker 80 G,14.0,14.0,True,https://images.migrosone.com/sanalmarket/product/07010210/07010210-fc9e90-105x105.jpg,Ülker,PIECE,Kraker,,atistirmalik,https://www.migros.com.tr/rest/search/screens/atistirmalik-c-113fb?reid=1778322987254000001&sayfa=2
20000008090095,Migros Kavrulmuş Tuzlu Kaju Fıstığı 150 G,106.0,106.0,True,https://images.migrosone.com/sanalmarket/product/08090095/8090095-99af9a-105x105.jpg,Migros,PIECE,Kaju,,atistirmalik,https://www.migros.com.tr/rest/search/screens/atistirmalik-c-113fb?reid=1778322987254000001&sayfa=2
20000005099134,Eti Gong Ballı Hardallı Mısır ve Pirinç Patlağı 68 G,26.9,32.5,True,https://images.migrosone.com/sanalmarket/product/05099134/05099134-4c9630-105x105.jpg,Eti,PIECE,Mısır ve Pirinç Patlağı,"32,50 TL | MİGROSKOP",atistirmalik,https://www.migros.com.tr/rest/search/screens/atistirmalik-c-113fb?reid=1778322987254000001&sayfa=2
20000008079830,Emsal Ceviz İçi 150 G,129.95,129.95,True,https://images.migrosone.com/sanalmarket/product/08079830/08079830_1-507985-105x105.jpg,Emsal,PIECE,Ceviz İçi,,atistirmalik,https://www.migros.com.tr/rest/search/screens/atistirmalik-c-113fb?reid=1778322987254000001&sayfa=3
20000005080150,Lay’s Yoğurt & Mevsim Yeşillikli Parti Boy 160 G,76.95,76.95,True,https://images.migrosone.com/sanalmarket/product/05080150/05080150_1-5c5839-105x105.jpg,Lay's,PIECE,Patates Cipsi,,atistirmalik,https://www.migros.com.tr/rest/search/screens/atistirmalik-c-113fb?reid=1778322987254000001&sayfa=3
20000007017995,Ülker Hanımeller Asorti Karışık Tatlı Kurabiye 150 G,39.95,39.95,True,https://images.migrosone.com/sanalmarket/product/7017995/7017995-152779-105x105.jpg,Ülker,PIECE,Bisküvi Tatlı,,atistirmalik,https://www.migros.com.tr/rest/search/screens/atistirmalik-c-113fb?reid=1778322987254000001&sayfa=3
20000005089297,Seven Days Kakaolu Kruvasan 60 G,34.95,34.95,True,https://images.migrosone.com/sanalmarket/product/05089297/05089297-e570f2-105x105.jpg,7 Days,PIECE,Kruvasan,,atistirmalik,https://www.migros.com.tr/rest/search/screens/atistirmalik-c-113fb?reid=1778322987254000001&sayfa=3
20000007010425,Eti Nero Kakaolu Bisküvi 3 x 110 G,87.5,87.5,True,https://images.migrosone.com/sanalmarket/product/07010425/07010425-722c58-105x105.jpg,Eti,PIECE,Kremalı Bisküvi,,atistirmalik,https://www.migros.com.tr/rest/search/screens/atistirmalik-c-113fb?reid=1778322987254000001&sayfa=3
20000005080155,Ruffles Peynir ve Soğan Aromalı Patates Cipsi Süper Boy 125 G,59.0,59.0,True,https://images.migrosone.com/sanalmarket/product/05080155/05080155_1-6d79f3-105x105.jpg,Ruffles,PIECE,Patates Cipsi,,atistirmalik,https://www.migros.com.tr/rest/search/screens/atistirmalik-c-113fb?reid=1778322987254000001&sayfa=3
20000007031456,Fellas Antep Fıstık.çikolata Kaplı Meyve Bar 35 G,64.95,89.95,True,https://images.migrosone.com/sanalmarket/product/07031456/07031456_1-27f412-105x105.jpg,Fellas,PIECE,Meyve Bar,"89,95 TL | MİGROSKOP",atistirmalik,https://www.migros.com.tr/rest/search/screens/atistirmalik-c-113fb?reid=1778322987254000001&sayfa=3
20000007163522,Tadelle Fındık Dolgulu Sütlü Çikolata 30 G,38.95,38.95,True,https://images.migrosone.com/sanalmarket/product/07163522/7163522_1-f0caeb-105x105.jpg,Tadelle,PIECE,Sütlü Çikolata,2 Al 1 Öde,atistirmalik,https://www.migros.com.tr/rest/search/screens/atistirmalik-c-113fb?reid=1778322987254000001&sayfa=3
20000007011122,Hanımeller Çokodamla Rulo 82 G,20.95,20.95,True,https://images.migrosone.com/sanalmarket/product/07011122/07011122-dbde41-105x105.png,Hanımeller,PIECE,Bisküvi Tatlı,,atistirmalik,https://www.migros.com.tr/rest/search/screens/atistirmalik-c-113fb?reid=1778322987254000001&sayfa=3
20000007028856,Oreo Strawberry 95 G,49.9,79.95,True,https://images.migrosone.com/sanalmarket/product/07028856/07028856_1-935c21-105x105.jpg,Oreo,PIECE,Kremalı Bisküvi,"79,95 TL | MİGROSKOP",atistirmalik,https://www.migros.com.tr/rest/search/screens/atistirmalik-c-113fb?reid=1778322987254000001&sayfa=3
20000007036674,McVitie's Karamelli Tarçınlı Kremalı Bisküvi  88 G,28.9,34.95,True,https://images.migrosone.com/sanalmarket/product/07036674/7036674_1-f8ac42-105x105.jpg,Mcvitie's,PIECE,Kremalı Bisküvi,"34,95 TL | MİGROSKOP",atistirmalik,https://www.migros.com.tr/rest/search/screens/atistirmalik-c-113fb?reid=1778322987254000001&sayfa=3
20000008070029,Züber Noutos Ekşi Krema ve Soğan 55 G,69.95,69.95,True,https://images.migrosone.com/sanalmarket/product/08070029/08070029_1-369fd3-105x105.jpg,Züber,PIECE,"Pelet, Nohut ve Diğer Cips",,atistirmalik,https://www.migros.com.tr/rest/search/screens/atistirmalik-c-113fb?reid=1778322987254000001&sayfa=3
20000008080097,Migros Kavrulmuş Fındık İçi 150G,189.0,189.0,True,https://images.migrosone.com/sanalmarket/product/08080097/8080097-6fd8ec-105x105.jpg,Migros,PIECE,Fındık,,atistirmalik,https://www.migros.com.tr/rest/search/screens/atistirmalik-c-113fb?reid=1778322987254000001&sayfa=3
20000005087053,Ruffles Originals Patates Cipsi  Mega Boy 193 G,84.95,84.95,True,https://images.migrosone.com/sanalmarket/product/05087053/05087053-2afd18-105x105.jpg,Ruffles,PIECE,Patates Cipsi,,atistirmalik,https://www.migros.com.tr/rest/search/screens/atistirmalik-c-113fb?reid=1778322987254000001&sayfa=3
20000007160071,Çizmeci Time Fındıklı Wafer Master Teneke 400 G,199.95,240.0,True,https://images.migrosone.com/sanalmarket/product/07160071/07160071-5f0361-105x105.jpg,Çizmeci Time,PIECE,Rulo Gofret,"240,00 TL | MİGROSKOP",atistirmalik,https://www.migros.com.tr/rest/search/screens/atistirmalik-c-113fb?reid=1778322987254000001&sayfa=3
20000005080184,Cipso Tırtıklı Original Deniz Tuzlu Patates Cipsi 160 G,52.9,75.5,True,https://images.migrosone.com/sanalmarket/product/05080184/05080184_1-3488c3-105x105.jpg,Cipso,PIECE,Patates Cipsi,"75,50 TL | MİGROSKOP",atistirmalik,https://www.migros.com.tr/rest/search/screens/atistirmalik-c-113fb?reid=1778322987254000001&sayfa=3
20000008079843,Migros 5'li Kavrulmuş Karışık Kuruyemiş 200 G,186.0,186.0,True,https://images.migrosone.com/sanalmarket/product/08079843/08079843-96111a-105x105.jpg,Migros,PIECE,Karışık Kuruyemiş,,atistirmalik,https://www.migros.com.tr/rest/search/screens/atistirmalik-c-113fb?reid=1778322987254000001&sayfa=3
20000007011120,Haylayf Bisküvi 64 G,12.5,12.5,True,https://images.migrosone.com/sanalmarket/product/07011120/7011120_1-629a8c-105x105.jpg,Haylayf,PIECE,Bisküvi Tatlı,,atistirmalik,https://www.migros.com.tr/rest/search/screens/atistirmalik-c-113fb?reid=1778322987254000001&sayfa=3
20000007019484,Ülker Halley Çikolata Kaplamalı Sandviç Bisküvi 8'li 240 G,79.9,94.95,True,https://images.migrosone.com/sanalmarket/product/07019484/07019484-b48423-105x105.jpg,Halley,PIECE,Kaplamalı Bisküvi,"94,95 TL | MİGROSKOP",atistirmalik,https://www.migros.com.tr/rest/search/screens/atistirmalik-c-113fb?reid=1778322987254000001&sayfa=3
20000005080153,Ruffles Originals Patates Cipsi  Süper Boy 125 G,59.0,59.0,True,https://images.migrosone.com/sanalmarket/product/05080153/05080153_1-9bcb5d-105x105.jpg,Ruffles,PIECE,Patates Cipsi,,atistirmalik,https://www.migros.com.tr/rest/search/screens/atistirmalik-c-113fb?reid=1778322987254000001&sayfa=3
20000007013767,Eti Balık Kraker 160 G,36.5,36.5,True,https://images.migrosone.com/sanalmarket/product/07013767/07013767-79d2b9-105x105.jpg,Eti,PIECE,Kraker,,atistirmalik,https://www.migros.com.tr/rest/search/screens/atistirmalik-c-113fb?reid=1778322987254000001&sayfa=3
20000005080151,Ruffles Ketçap Aromalı Patates Cipsi Süper Boy 125 G,59.0,59.0,True,https://images.migrosone.com/sanalmarket/product/05080151/05080151_1-677c65-105x105.jpg,Ruffles,PIECE,Patates Cipsi,,atistirmalik,https://www.migros.com.tr/rest/search/screens/atistirmalik-c-113fb?reid=1778322987254000001&sayfa=3
20000005080175,Master Pops Peynir Aromalı Mısır Çerezi 90 G,24.95,34.95,True,https://images.migrosone.com/sanalmarket/product/05080175/5080175_1-f2146a-105x105.jpg,Master Nut,PIECE,Mısır Cipsi,"34,95 TL | MİGROSKOP",atistirmalik,https://www.migros.com.tr/rest/search/screens/atistirmalik-c-113fb?reid=1778322987254000001&sayfa=3
20000008080765,Kelebek Ceviz İçi 250 G,229.9,299.95,True,https://images.migrosone.com/sanalmarket/product/08080765/08080765_1-111ac3-105x105.jpg,Avşarlar,PIECE,Ceviz İçi,"299,95 TL | MİGROSKOP",atistirmalik,https://www.migros.com.tr/rest/search/screens/atistirmalik-c-113fb?reid=1778322987254000001&sayfa=3
20000007017002,Ülker Altınbaşak Çörek Otlu & Kinoalı Kraker 5 x 40 G,73.5,73.5,True,https://images.migrosone.com/sanalmarket/product/07017002/07017002_1-570262-105x105.jpg,Altınbaşak,PIECE,Form Bisküvi,,atistirmalik,https://www.migros.com.tr/rest/search/screens/atistirmalik-c-113fb?reid=1778322987254000001&sayfa=3
20000008079687,Tadım Tuzlu Yer Fıstığı 180 G,63.95,63.95,True,https://images.migrosone.com/sanalmarket/product/08079687/8079687_1-15d0f4-105x105.jpg,Tadım,PIECE,Fıstık,,atistirmalik,https://www.migros.com.tr/rest/search/screens/atistirmalik-c-113fb?reid=1778322987254000001&sayfa=3
20000007036673,McVitie's Sütlü Kakaolu Kremalı Bisküvi 90 G,28.9,34.95,True,https://images.migrosone.com/sanalmarket/product/07036673/7036673_1-2b0f37-105x105.jpg,Mcvitie's,PIECE,Kremalı Bisküvi,"34,95 TL | MİGROSKOP",atistirmalik,https://www.migros.com.tr/rest/search/screens/atistirmalik-c-113fb?reid=1778322987254000001&sayfa=3
20000007017996,Ülker Hanımeller Çokodamla Kakaolu Damla Bisküvi 150 G,39.95,39.95,True,https://images.migrosone.com/sanalmarket/product/7017996/7017996-e1f286-105x105.jpg,Ülker,PIECE,Bisküvi Tatlı,,atistirmalik,https://www.migros.com.tr/rest/search/screens/atistirmalik-c-113fb?reid=1778322987254000001&sayfa=3
20000008097405,Tadım Beyaz Leblebi 180 G,69.9,69.9,True,https://images.migrosone.com/sanalmarket/product/08097405/8097405_1-5ae9cb-105x105.jpg,Tadım,PIECE,Leblebi,,atistirmalik,https://www.migros.com.tr/rest/search/screens/atistirmalik-c-113fb?reid=1778322987254000001&sayfa=3
20000008079704,Migros Osmaniye Yer Fıstığı 200 G,47.5,47.5,True,https://images.migrosone.com/sanalmarket/product/08079704/08079704-1c5f17-105x105.png,Migros,PIECE,Fıstık,,atistirmalik,https://www.migros.com.tr/rest/search/screens/atistirmalik-c-113fb?reid=1778322987254000001&sayfa=3
20000007010237,Ülker Altınbaşak Tahıl Cipsi 50 G,22.0,22.0,True,https://images.migrosone.com/sanalmarket/product/07010237/07010237-fe8588-105x105.jpg,Altınbaşak,PIECE,Form Bisküvi,,atistirmalik,https://www.migros.com.tr/rest/search/screens/atistirmalik-c-113fb?reid=1778322987254000001&sayfa=4
20000005098261,Eti Browni Intense Mini Çikolatalı Kek 160 G,85.95,85.95,True,https://images.migrosone.com/sanalmarket/product/05098261/05098261_1-f25afe-105x105.jpg,Eti,PIECE,Mini Kek,,atistirmalik,https://www.migros.com.tr/rest/search/screens/atistirmalik-c-113fb?reid=1778322987254000001&sayfa=4
20000007028859,Oreo Classic 228 G,129.9,189.95,True,https://images.migrosone.com/sanalmarket/product/07028859/07028859_1-8717d5-105x105.jpg,Oreo,PIECE,Kremalı Bisküvi,"189,95 TL | MİGROSKOP",atistirmalik,https://www.migros.com.tr/rest/search/screens/atistirmalik-c-113fb?reid=1778322987254000001&sayfa=4
20000008070018,Kara Sevda Klasik Siyah Ayçekirdeği 135 G,29.9,39.9,True,https://images.migrosone.com/sanalmarket/product/08070018/8070018-510913-105x105.jpg,Kara Sevda,PIECE,Ayçekirdeği,"39,90 TL | MİGROSKOP",atistirmalik,https://www.migros.com.tr/rest/search/screens/atistirmalik-c-113fb?reid=1778322987254000001&sayfa=4
20000008089677,Tadım Kavrulmuş Tuzsuz Kabak Çekirdeği 180 G,110.0,110.0,True,https://images.migrosone.com/sanalmarket/product/08089677/8089677_1-feacd2-105x105.jpg,Tadım,PIECE,Kabak Çekirdeği,,atistirmalik,https://www.migros.com.tr/rest/search/screens/atistirmalik-c-113fb?reid=1778322987254000001&sayfa=4
20000005080149,Lay’s Yoğurt & Mevsim Yeşillikleri Süper Boy 125 G,59.0,59.0,True,https://images.migrosone.com/sanalmarket/product/05080149/05080149_1-f39c7d-105x105.jpg,Lay's,PIECE,Patates Cipsi,,atistirmalik,https://www.migros.com.tr/rest/search/screens/atistirmalik-c-113fb?reid=1778322987254000001&sayfa=4
20000007010051,Eti Cicibebe Bisküvi 400 G,96.95,96.95,True,https://images.migrosone.com/sanalmarket/product/07010051/07010051-183d22-105x105.jpg,Eti,PIECE,Bebe Bisküvisi,,atistirmalik,https://www.migros.com.tr/rest/search/screens/atistirmalik-c-113fb?reid=1778322987254000001&sayfa=4
20000007011102,Ülker Hanımeller Fındıklı Rulo 82 G,20.95,20.95,True,https://images.migrosone.com/sanalmarket/product/07011102/07011102-fc775b-105x105.png,Hanımeller,PIECE,Bisküvi Tatlı,,atistirmalik,https://www.migros.com.tr/rest/search/screens/atistirmalik-c-113fb?reid=1778322987254000001&sayfa=4
20000007040651,Milka Sütlü Çikolata 80 G,79.95,129.95,True,https://images.migrosone.com/sanalmarket/product/07040651/7040651_1-03a7ac-105x105.jpg,Milka,PIECE,Sütlü Çikolata,"129,95 TL | MİGROSKOP",atistirmalik,https://www.migros.com.tr/rest/search/screens/atistirmalik-c-113fb?reid=1778322987254000001&sayfa=4
20000007163020,Ülker Napoliten 33 G,44.95,44.95,True,https://images.migrosone.com/sanalmarket/product/07163020/07163020-74f24f-105x105.jpg,Ülker,PIECE,Sütlü Çikolata,2 Al 1 Öde,atistirmalik,https://www.migros.com.tr/rest/search/screens/atistirmalik-c-113fb?reid=1778322987254000001&sayfa=4
20000007124236,Falım 5'li Çilek Aromalı Şekersiz Sakız 35 G,42.95,59.95,True,https://images.migrosone.com/sanalmarket/product/07124236/07124236-8bd1e0-105x105.jpg,Falım,PIECE,Sakız,"59,95 TL | MİGROSKOP",atistirmalik,https://www.migros.com.tr/rest/search/screens/atistirmalik-c-113fb?reid=1778322987254000001&sayfa=4
20000007120291,First Sensations Yeşil Nane Aromalı 27 G,37.95,59.95,True,https://images.migrosone.com/sanalmarket/product/07120291/07120291-c95372-105x105.jpg,First,PIECE,Sakız,"59,95 TL | MİGROSKOP",atistirmalik,https://www.migros.com.tr/rest/search/screens/atistirmalik-c-113fb?reid=1778322987254000001&sayfa=4
20000005099120,"Nestle Nesfit Çilekli Tam Tahıllı Bar 23,5 G",39.95,39.95,True,https://images.migrosone.com/sanalmarket/product/05099120/5099120_1-dfd163-105x105.jpg,Nesfit,PIECE,Tahıllı Bar,2 Al 1 Öde,atistirmalik,https://www.migros.com.tr/rest/search/screens/atistirmalik-c-113fb?reid=1778322987254000001&sayfa=4
20000005096420,Eti Popkek Çikolatalı Kek 60 G,12.5,14.95,True,https://images.migrosone.com/sanalmarket/product/5096420/5096420-75c70d-105x105.jpg,Eti,PIECE,Mini Kek,"14,95 TL | MİGROSKOP",atistirmalik,https://www.migros.com.tr/rest/search/screens/atistirmalik-c-113fb?reid=1778322987254000001&sayfa=4
20000005081716,Çerezza Sinema Peynir Soğan Aromalı Mısır Çerezi Süper Boy 117 G,49.95,49.95,True,https://images.migrosone.com/sanalmarket/product/05081716/05081716-226839-105x105.jpg,Çerezza,PIECE,Mısır Çerezi,,atistirmalik,https://www.migros.com.tr/rest/search/screens/atistirmalik-c-113fb?reid=1778322987254000001&sayfa=4
20000007040550,Milka Çikolata Rüyası 100 G,79.95,129.95,True,https://images.migrosone.com/sanalmarket/product/07040550/7040550_1-8985e1-105x105.jpg,Milka,PIECE,Sütlü Çikolata,"129,95 TL | MİGROSKOP",atistirmalik,https://www.migros.com.tr/rest/search/screens/atistirmalik-c-113fb?reid=1778322987254000001&sayfa=4
20000007124237,Falım 5'li Nane Aromalı Şekersiz Sakız 35 G,42.95,59.95,True,https://images.migrosone.com/sanalmarket/product/07124237/7124237_1-72fb94-105x105.jpg,Falım,PIECE,Sakız,"59,95 TL | MİGROSKOP",atistirmalik,https://www.migros.com.tr/rest/search/screens/atistirmalik-c-113fb?reid=1778322987254000001&sayfa=4
20000007040280,Kinder Chocolate 8'li 100 G,99.95,99.95,True,https://images.migrosone.com/sanalmarket/product/07040280/7040280-bc7e5c-105x105.jpg,Kinder,PIECE,Çocuk Çikolata,İyi Fiyat | MİGROSKOP,atistirmalik,https://www.migros.com.tr/rest/search/screens/atistirmalik-c-113fb?reid=1778322987254000001&sayfa=4
20000008079844,Migros Gün Kurusu Malatya Kayısısı Jumbo 200 G,242.5,242.5,True,https://images.migrosone.com/sanalmarket/product/08079844/08079844-391b72-105x105.jpg,Migros,PIECE,Kuru Kayısı,,atistirmalik,https://www.migros.com.tr/rest/search/screens/atistirmalik-c-113fb?reid=1778322987254000001&sayfa=4
20000008080094,Migros Osmaniye Kızartılmış Tuzlu Yer Fıstığı 150 G,36.0,36.0,True,https://images.migrosone.com/sanalmarket/product/08080094/08080094_1-b9db97-105x105.jpg,Migros,PIECE,Fıstık,,atistirmalik,https://www.migros.com.tr/rest/search/screens/atistirmalik-c-113fb?reid=1778322987254000001&sayfa=4
20000007034274,Ülker Çikolatalı Gofret Mini Çoklu Paket 82 G,48.95,48.95,True,https://images.migrosone.com/sanalmarket/product/07034274/7034274-90ddd0-105x105.jpg,Ülker,PIECE,Çikolatalı Gofret,İyi Fiyat,atistirmalik,https://www.migros.com.tr/rest/search/screens/atistirmalik-c-113fb?reid=1778322987254000001&sayfa=4
20000005080152,Ruffles Ketçap Aromalı Patates Cipsi Parti Boy 160 G,76.95,76.95,True,https://images.migrosone.com/sanalmarket/product/05080152/05080152_1-2a7106-105x105.jpg,Ruffles,PIECE,Patates Cipsi,,atistirmalik,https://www.migros.com.tr/rest/search/screens/atistirmalik-c-113fb?reid=1778322987254000001&sayfa=4
20000008079841,Tadım Çifte Kavrulmuş Sarı Leblebi 180 G,79.95,79.95,True,https://images.migrosone.com/sanalmarket/product/08079841/8079841_1-a65089-105x105.jpg,Tadım,PIECE,Leblebi,,atistirmalik,https://www.migros.com.tr/rest/search/screens/atistirmalik-c-113fb?reid=1778322987254000001&sayfa=4
20000008080089,Çiğ Badem İçi 300 G,249.9,349.95,True,https://images.migrosone.com/sanalmarket/product/08080089/08080089-f0f4ee-105x105.jpg,Reyondan,PIECE,Badem,"349,95 TL | MİGROSKOP",atistirmalik,https://www.migros.com.tr/rest/search/screens/atistirmalik-c-113fb?reid=1778322987254000001&sayfa=4
20000007012424,Ülker Probis Şeker İlavesiz Midi Boy 101 G,34.95,34.95,True,https://images.migrosone.com/sanalmarket/product/07012424/07012424_1-ffd71f-105x105.png,Ülker,PIECE,Kremalı Bisküvi,,atistirmalik,https://www.migros.com.tr/rest/search/screens/atistirmalik-c-113fb?reid=1778322987254000001&sayfa=4
20000005095959,"Nestle Nesfit Kırmızı Meyveli Tam Tahıllı Bar 23,5 G",39.95,39.95,True,https://images.migrosone.com/sanalmarket/product/05095959/5095959_1-121ed3-105x105.jpg,Nesfit,PIECE,Tahıllı Bar,2 Al 1 Öde,atistirmalik,https://www.migros.com.tr/rest/search/screens/atistirmalik-c-113fb?reid=1778322987254000001&sayfa=4
20000008079759,Master Farm Cranberry Turna Yemişi 150 G,119.95,119.95,True,https://images.migrosone.com/sanalmarket/product/08079759/8079759_1-1499cf-105x105.jpg,Master Farm,PIECE,Diğer Kuru Meyve,,atistirmalik,https://www.migros.com.tr/rest/search/screens/atistirmalik-c-113fb?reid=1778322987254000001&sayfa=4
20000008089129,Tadım Festival 180 G,199.95,199.95,True,https://images.migrosone.com/sanalmarket/product/08089129/8089129_1-6ca222-105x105.jpg,Tadım,PIECE,Karışık Kuruyemiş,,atistirmalik,https://www.migros.com.tr/rest/search/screens/atistirmalik-c-113fb?reid=1778322987254000001&sayfa=4
20000007013796,Luppo Sandviç Kek 8'li Paket 184 G,78.95,78.95,True,https://images.migrosone.com/sanalmarket/product/07013796/07013796-87ac38-105x105.jpg,Luppo,PIECE,Kaplamalı Bisküvi,,atistirmalik,https://www.migros.com.tr/rest/search/screens/atistirmalik-c-113fb?reid=1778322987254000001&sayfa=4
20000007010601,Eti Balık Kraker 40 G,11.0,11.0,True,https://images.migrosone.com/sanalmarket/product/07010601/7010601_1-3b9460-105x105.jpg,Eti,PIECE,Kraker,,atistirmalik,https://www.migros.com.tr/rest/search/screens/atistirmalik-c-113fb?reid=1778322987254000001&sayfa=4
20000007011168,Biscolata Stix Sütlü 40 G,30.9,30.9,True,https://images.migrosone.com/sanalmarket/product/07011168/7011168-1c510f-105x105.jpg,Biscolata,PIECE,Kaplamalı Bisküvi,,atistirmalik,https://www.migros.com.tr/rest/search/screens/atistirmalik-c-113fb?reid=1778322987254000001&sayfa=5
20000007124234,Falım Işıl 5'li Naneli Şekersiz Sakız 40 G,42.95,59.95,True,https://images.migrosone.com/sanalmarket/product/07124234/07124234-a5d208-105x105.jpg,Falım,PIECE,Sakız,"59,95 TL | MİGROSKOP",atistirmalik,https://www.migros.com.tr/rest/search/screens/atistirmalik-c-113fb?reid=1778322987254000001&sayfa=5
20000005098209,Eti Browni Intense Çikolatalı Kek 50 G,25.5,25.5,True,https://images.migrosone.com/sanalmarket/product/05098209/eti-browni-intense-50-gr-bb8473-105x105.jpg,Eti,PIECE,Mini Kek,,atistirmalik,https://www.migros.com.tr/rest/search/screens/atistirmalik-c-113fb?reid=1778322987254000001&sayfa=5
20000005080241,Topzcorn Deniz Tuzlu Glütensiz Full Popcorn 105 G,39.95,39.95,True,https://images.migrosone.com/sanalmarket/product/05080241/05080241_1-a5468e-105x105.jpg,Topzcorn,PIECE,Patlamış Mısır,,atistirmalik,https://www.migros.com.tr/rest/search/screens/atistirmalik-c-113fb?reid=1778322987254000001&sayfa=5
20000007045144,Milka Biscoff 90 G,79.95,129.95,True,https://images.migrosone.com/sanalmarket/product/07045144/7045144_1-dc5886-105x105.jpg,Milka,PIECE,Sütlü Çikolata,"129,95 TL | MİGROSKOP",atistirmalik,https://www.migros.com.tr/rest/search/screens/atistirmalik-c-113fb?reid=1778322987254000001&sayfa=5
20000007209085,Protein Ocean Protein Bar Tiramisu 50 G,69.95,69.95,True,https://images.migrosone.com/sanalmarket/product/07209085/07209085_1-abae8b-105x105.jpg,ProteinOcean,PIECE,Protein & Fonksiyonel Bar,,atistirmalik,https://www.migros.com.tr/rest/search/screens/atistirmalik-c-113fb?reid=1778322987254000001&sayfa=5
20000005080236,Lay's Fırından Deniz Tuzlu Patates Cipsi 110 G,59.0,59.0,True,https://images.migrosone.com/sanalmarket/product/05080236/05080236_1-06cbe3-105x105.jpg,Lay's,PIECE,Patates Cipsi,,atistirmalik,https://www.migros.com.tr/rest/search/screens/atistirmalik-c-113fb?reid=1778322987254000001&sayfa=5
20000005080081,Rolling Pops Süt Mısırlı Nohut Cipsi 56 G,44.95,44.95,True,https://images.migrosone.com/sanalmarket/product/05080081/05080081-f0ebf6-105x105.jpg,Rolling Pops,PIECE,Mısır Çerezi,,atistirmalik,https://www.migros.com.tr/rest/search/screens/atistirmalik-c-113fb?reid=1778322987254000001&sayfa=5
20000007031417,Nestle Kitkat Chunky Sütlü & Beyaz Çikolata Kaplı Gofret 4 x 38 G,119.95,119.95,True,https://images.migrosone.com/sanalmarket/product/07031417/07031417_1-196840-105x105.jpg,Nestle,PIECE,Çikolatalı Gofret,"50 TL Sepette 84,9 TL",atistirmalik,https://www.migros.com.tr/rest/search/screens/atistirmalik-c-113fb?reid=1778322987254000001&sayfa=5
20000007010101,Eti Cicibebe Bisküvi 172 G,53.5,53.5,True,https://images.migrosone.com/sanalmarket/product/07010101/07010101-ae368c-105x105.jpg,Eti,PIECE,Bebe Bisküvisi,,atistirmalik,https://www.migros.com.tr/rest/search/screens/atistirmalik-c-113fb?reid=1778322987254000001&sayfa=5
20000005089518,Cheetos 3'lü Paket Mısır Çerezi 60 G,35.95,35.95,True,https://images.migrosone.com/sanalmarket/product/5089518/5089518-242f88-105x105.jpg,Cheetos,PIECE,Mısır Çerezi,,atistirmalik,https://www.migros.com.tr/rest/search/screens/atistirmalik-c-113fb?reid=1778322987254000001&sayfa=5
20000005088278,Lay’s Fırından Parti Boy 134 G,76.95,76.95,True,https://images.migrosone.com/sanalmarket/product/05088278/05088278-0ebcfe-105x105.jpg,Lay's,PIECE,Patates Cipsi,,atistirmalik,https://www.migros.com.tr/rest/search/screens/atistirmalik-c-113fb?reid=1778322987254000001&sayfa=5
20000007011169,Ozmo Cornet 25 G,15.0,15.0,True,https://images.migrosone.com/sanalmarket/product/07011169/7011169_1-15872a-105x105.jpeg,Ozmo,PIECE,Çocuk Çikolata,2 Al 1 Öde,atistirmalik,https://www.migros.com.tr/rest/search/screens/atistirmalik-c-113fb?reid=1778322987254000001&sayfa=5
20000007050258,Kahve Dünyası Gofrik Antep Fıstıklı Sütlü 33 G,49.5,49.5,True,https://images.migrosone.com/sanalmarket/product/07050258/07050258-ce8504-105x105.jpg,Kahve Dünyası,PIECE,Çikolatalı Gofret,,atistirmalik,https://www.migros.com.tr/rest/search/screens/atistirmalik-c-113fb?reid=1778322987254000001&sayfa=5
20000005080147,Lay's Baharatlı Süper Boy 125 G,59.0,59.0,True,https://images.migrosone.com/sanalmarket/product/05080147/05080147_1-bd8bce-105x105.jpg,Lay's,PIECE,Patates Cipsi,,atistirmalik,https://www.migros.com.tr/rest/search/screens/atistirmalik-c-113fb?reid=1778322987254000001&sayfa=5
20000007017800,Eti Bumbo Portakal Aromalı Kakaolu Bisküvi 42 G,14.95,14.95,True,https://images.migrosone.com/sanalmarket/product/07017800/07017800-90dbaf-105x105.jpg,Eti,PIECE,Bisküvi Tatlı,,atistirmalik,https://www.migros.com.tr/rest/search/screens/atistirmalik-c-113fb?reid=1778322987254000001&sayfa=5
20000007010107,Eti Kakaolu Bisküvi 125 G,24.95,24.95,True,https://images.migrosone.com/sanalmarket/product/07010107/07010107-c227fd-105x105.jpg,Eti,PIECE,Bisküvi Tatlı,,atistirmalik,https://www.migros.com.tr/rest/search/screens/atistirmalik-c-113fb?reid=1778322987254000001&sayfa=5
20000007019946,Ülker Olala Sufle Kek 70 G,34.95,34.95,True,https://images.migrosone.com/sanalmarket/product/07019946/07019946-d6a67c-105x105.jpg,Ülker,PIECE,Mini Kek,,atistirmalik,https://www.migros.com.tr/rest/search/screens/atistirmalik-c-113fb?reid=1778322987254000001&sayfa=5
20000008079833,Master Nut Kabuklu Antep Fıstığı 140 G,310.0,310.0,True,https://images.migrosone.com/sanalmarket/product/08079833/8079833_1-36aea7-105x105.jpg,Master Nut,PIECE,Antep Fıstığı,,atistirmalik,https://www.migros.com.tr/rest/search/screens/atistirmalik-c-113fb?reid=1778322987254000001&sayfa=5
20000005080305,Potamya Deniz Tuzlu Baklagil Cipsi 50 G,58.0,58.0,True,https://images.migrosone.com/sanalmarket/product/05080305/05080305_1-fc0911-105x105.jpg,Potamya,PIECE,"Pelet, Nohut ve Diğer Cips",3 Al 2 Öde,atistirmalik,https://www.migros.com.tr/rest/search/screens/atistirmalik-c-113fb?reid=1778322987254000001&sayfa=5
20000007010358,Eti Burçak Şekeri Meyvelerden 50 G,21.95,21.95,True,https://images.migrosone.com/sanalmarket/product/07010358/07010358_1-ff26f3-105x105.jpg,Eti,PIECE,Tahıllı Bisküvi,,atistirmalik,https://www.migros.com.tr/rest/search/screens/atistirmalik-c-113fb?reid=1778322987254000001&sayfa=5
20000007010602,Eti Pizza Kraker 38 G,8.0,8.0,True,https://images.migrosone.com/sanalmarket/product/7010602/7010602-ac4d77-105x105.jpg,Eti,PIECE,Kraker,,atistirmalik,https://www.migros.com.tr/rest/search/screens/atistirmalik-c-113fb?reid=1778322987254000001&sayfa=5
20000007020122,Fellas Yüksek Protein Bar - Çilek 45 G,74.95,99.95,True,https://images.migrosone.com/sanalmarket/product/07020122/7020122-107c50-105x105.jpg,Fellas,PIECE,Protein & Fonksiyonel Bar,"99,95 TL | MİGROSKOP",atistirmalik,https://www.migros.com.tr/rest/search/screens/atistirmalik-c-113fb?reid=1778322987254000001&sayfa=5
20000008079832,Master Farm Çiğ İç Badem 160 G,154.9,154.9,True,https://images.migrosone.com/sanalmarket/product/08079832/8079832_1-e5dc21-105x105.jpg,Master Farm,PIECE,Badem Çiğ,,atistirmalik,https://www.migros.com.tr/rest/search/screens/atistirmalik-c-113fb?reid=1778322987254000001&sayfa=5
20000007011976,Ülker Altınbaşak Light Yulaflı 5'li 230 G,71.5,71.5,True,https://images.migrosone.com/sanalmarket/product/07011976/ulker-altinbasak-yulafli-biskuvi-5x46-gr-1765d4-105x105.jpg,Altınbaşak,PIECE,Form Bisküvi,,atistirmalik,https://www.migros.com.tr/rest/search/screens/atistirmalik-c-113fb?reid=1778322987254000001&sayfa=5
20000005099121,"Nestle Nesfit Çikolatalı Tam Tahıllı Bar 23,5 G",39.95,39.95,True,https://images.migrosone.com/sanalmarket/product/05099121/5099121_1-e0b397-105x105.jpg,Nesfit,PIECE,Tahıllı Bar,2 Al 1 Öde,atistirmalik,https://www.migros.com.tr/rest/search/screens/atistirmalik-c-113fb?reid=1778322987254000001&sayfa=5
20000005096401,Eti Topkek Fındıklı Kakaolu Kek 35 G,13.25,13.25,True,https://images.migrosone.com/sanalmarket/product/5096401/5096401-0b0e7e-105x105.jpg,Eti,PIECE,Mini Kek,,atistirmalik,https://www.migros.com.tr/rest/search/screens/atistirmalik-c-113fb?reid=1778322987254000001&sayfa=5
20000008079774,Migros Yerli Siyah Ayçekirdeği Tuzlu 200 G,28.0,28.0,True,https://images.migrosone.com/sanalmarket/product/08079774/08079774-5db98f-105x105.jpg,Migros,PIECE,Ayçekirdeği,,atistirmalik,https://www.migros.com.tr/rest/search/screens/atistirmalik-c-113fb?reid=1778322987254000001&sayfa=5
20000027060004,M Life Organik Ceviz Kg,299.95,299.95,True,https://images.migrosone.com/sanalmarket/product/27060004/m-life-organik-ceviz-kg-7ea036-105x105.jpg,M Life,GRAM,Kabuklu Kuruyemiş,,atistirmalik,https://www.migros.com.tr/rest/search/screens/atistirmalik-c-113fb?reid=1778322987254000001&sayfa=5
20000007018221,Ülker Çokoprens 10'lu Paket 300 G,63.5,63.5,True,https://images.migrosone.com/sanalmarket/product/07018221/07018221_1-3182b7-105x105.jpg,Çokoprens,PIECE,Kremalı Bisküvi,,atistirmalik,https://www.migros.com.tr/rest/search/screens/atistirmalik-c-113fb?reid=1778322987254000001&sayfa=5
20000005120000,Sofra Ekmek Adet,20.0,20.0,True,https://images.migrosone.com/sanalmarket/product/05120000/05120000-a957e2-105x105.jpg,Reyondan,PIECE,Ekmek,,firin-pastane,https://www.migros.com.tr/rest/search/screens/firin-pastane-c-7e?reid=1778323020796000001&sayfa=1
20000005120101,Simit,19.95,19.95,True,https://images.migrosone.com/sanalmarket/product/05120101/05120101-b0b92d-105x105.jpg,Reyondan,PIECE,Simit,,firin-pastane,https://www.migros.com.tr/rest/search/screens/firin-pastane-c-7e?reid=1778323020796000001&sayfa=1
20000005052000,İstanbul Organik Halk Ekmek 500 G,60.0,60.0,True,https://images.migrosone.com/sanalmarket/product/05052000/05052000-2d95e7-105x105.jpg,İhe,PIECE,Ekmek,,firin-pastane,https://www.migros.com.tr/rest/search/screens/firin-pastane-c-7e?reid=1778323020796000001&sayfa=1
20000005052643,İhe Tam Buğday Ekmeği 400 G,55.0,55.0,True,https://images.migrosone.com/sanalmarket/product/05052643/05052643-e933ef-105x105.jpg,İhe,PIECE,Ekmek,,firin-pastane,https://www.migros.com.tr/rest/search/screens/firin-pastane-c-7e?reid=1778323020796000001&sayfa=1
20000005051108,Uno Büyük Tost Ekmeği 550 G,90.0,90.0,True,https://images.migrosone.com/sanalmarket/product/05051108/5051108_1-6606d7-105x105.jpg,Uno,PIECE,Ekmek,,firin-pastane,https://www.migros.com.tr/rest/search/screens/firin-pastane-c-7e?reid=1778323020796000001&sayfa=1
20000005120002,Papatya Ekmek Adet Küçük,59.9,59.9,True,https://images.migrosone.com/sanalmarket/product/05120002/05120002-53afd2-105x105.jpg,Reyondan,PIECE,Ekmek,,firin-pastane,https://www.migros.com.tr/rest/search/screens/firin-pastane-c-7e?reid=1778323020796000001&sayfa=1
20000005052653,İhe Tam Buğday Unlu Sandviç 400 G,50.0,50.0,True,https://images.migrosone.com/sanalmarket/product/05052653/05052653-c31ae7-105x105.jpg,İhe,PIECE,Ekmek,,firin-pastane,https://www.migros.com.tr/rest/search/screens/firin-pastane-c-7e?reid=1778323020796000001&sayfa=1
20000046051410,İhe Tost Ekmeği 670 G,60.0,60.0,True,https://images.migrosone.com/sanalmarket/product/46051410/46051410-5272e4-105x105.jpg,İhe,PIECE,Ekmek,,firin-pastane,https://www.migros.com.tr/rest/search/screens/firin-pastane-c-7e?reid=1778323020796000001&sayfa=1
20000005051045,İhe Tahıl Ambarı Çok Tahıllı Ekmek 500 G,55.0,55.0,True,https://images.migrosone.com/sanalmarket/product/05051045/5051045_1-644f2d-105x105.jpg,İhe,PIECE,Ekmek,,firin-pastane,https://www.migros.com.tr/rest/search/screens/firin-pastane-c-7e?reid=1778323020796000001&sayfa=1
20000005120024,Tam Buğday Unlu Ekmek Adet,59.9,59.9,True,https://images.migrosone.com/sanalmarket/product/05120024/05120024-bc1ed4-105x105.jpg,Reyondan,PIECE,Ekmek,,firin-pastane,https://www.migros.com.tr/rest/search/screens/firin-pastane-c-7e?reid=1778323020796000001&sayfa=1
20000005052647,İhe Tuz İlave Edilmemiş Tam Buğday Unlu Ekmek 400 G,35.0,35.0,True,https://images.migrosone.com/sanalmarket/product/05052647/05052647-bc1872-105x105.jpg,İhe,PIECE,Ekmek,,firin-pastane,https://www.migros.com.tr/rest/search/screens/firin-pastane-c-7e?reid=1778323020796000001&sayfa=1
20000005059285,Uno %100 Tam Buğday Tava Ekmeği 450 G,79.9,90.0,True,https://images.migrosone.com/sanalmarket/product/5059285/5059285-8bca99-105x105.jpg,Uno,PIECE,Ekmek,"90,00 TL | MİGROSKOP",firin-pastane,https://www.migros.com.tr/rest/search/screens/firin-pastane-c-7e?reid=1778323020796000001&sayfa=1
20000005054464,Ridada Glutensiz Karabuğday Ekmeği 500 G,179.95,229.95,True,https://images.migrosone.com/sanalmarket/product/05054464/05054464_1-5c9fd3-105x105.jpg,Ridada,PIECE,Ekmek,"229,95 TL",firin-pastane,https://www.migros.com.tr/rest/search/screens/firin-pastane-c-7e?reid=1778323020796000001&sayfa=1
20000005051041,Uno Premium Çok Tahıllı ve Siyez Buğdaylı 400 G,90.0,90.0,True,https://images.migrosone.com/sanalmarket/product/05051041/05051041_1-f32536-105x105.jpg,Uno,PIECE,Ekmek,,firin-pastane,https://www.migros.com.tr/rest/search/screens/firin-pastane-c-7e?reid=1778323020796000001&sayfa=1
20000003281016,Dr.Oetker Kakao 2 x 25 G,64.95,64.95,True,https://images.migrosone.com/sanalmarket/product/03281016/dr-oetker-kakao-2x25-gr-50d1c8-105x105.jpg,Dr.Oetker,PIECE,Kakao,,firin-pastane,https://www.migros.com.tr/rest/search/screens/firin-pastane-c-7e?reid=1778323020796000001&sayfa=1
20000005041920,Migros Kakao 50 G,28.95,28.95,True,https://images.migrosone.com/sanalmarket/product/05041920/05041920-85eccc-105x105.jpg,Migros,PIECE,Kakao,,firin-pastane,https://www.migros.com.tr/rest/search/screens/firin-pastane-c-7e?reid=1778323020796000001&sayfa=1
20000005120084,Minik Sandviç Ekmeği 6'lı,99.9,99.9,True,https://images.migrosone.com/sanalmarket/product/05120084/05120084-c3ab08-105x105.jpg,Reyondan,PIECE,Ekmek,,firin-pastane,https://www.migros.com.tr/rest/search/screens/firin-pastane-c-7e?reid=1778323020796000001&sayfa=1
20000007110327,Migros Pudra Şekeri 250 G,24.45,24.45,True,https://images.migrosone.com/sanalmarket/product/07110327/07110327-24339c-105x105.jpg,Migros,PIECE,Pudra Şekeri,MİGROSKOP,firin-pastane,https://www.migros.com.tr/rest/search/screens/firin-pastane-c-7e?reid=1778323020796000001&sayfa=1
20000005056238,Aly Tortilla Lavaş 25 Cm 6'lı 390 G,73.5,89.5,True,https://images.migrosone.com/sanalmarket/product/05056238/05056238_1-aa9f82-105x105.jpg,Aly,PIECE,Ekmek,"89,50 TL | MİGROSKOP",firin-pastane,https://www.migros.com.tr/rest/search/screens/firin-pastane-c-7e?reid=1778323020796000001&sayfa=1
20000005052645,İhe Altınçörek Fındıklı ve Üzümlü Ekmek 60 G,15.0,15.0,True,https://images.migrosone.com/sanalmarket/product/05052645/5052645_1-e6ada2-105x105.jpg,İhe,PIECE,Ekmek,,firin-pastane,https://www.migros.com.tr/rest/search/screens/firin-pastane-c-7e?reid=1778323020796000001&sayfa=1
20000006061420,Dr.Oetker Şekerli Vanilin 15'li Paket 75 G,30.95,30.95,True,https://images.migrosone.com/sanalmarket/product/06061420/06061420-0c4d9b-105x105.png,Dr.Oetker,PIECE,"Kabartma Tozu, Şekerli Vanilin",,firin-pastane,https://www.migros.com.tr/rest/search/screens/firin-pastane-c-7e?reid=1778323020796000001&sayfa=1
20000006061419,Dr.Oetker Hamur Kabartma Tozu 15'li Paket 150 G,41.95,41.95,True,https://images.migrosone.com/sanalmarket/product/06061419/06061419-5fa2eb-105x105.png,Dr.Oetker,PIECE,"Kabartma Tozu, Şekerli Vanilin",,firin-pastane,https://www.migros.com.tr/rest/search/screens/firin-pastane-c-7e?reid=1778323020796000001&sayfa=1
20000005120015,Baget Ekmek Sade,59.9,59.9,True,https://images.migrosone.com/sanalmarket/product/05120015/05120015-3d0314-105x105.jpg,Reyondan,PIECE,Ekmek,,firin-pastane,https://www.migros.com.tr/rest/search/screens/firin-pastane-c-7e?reid=1778323020796000001&sayfa=1
20000005056672,İyilik Tost Ekmeği 670 G,57.5,57.5,True,https://images.migrosone.com/sanalmarket/product/05056672/5056672_1-9eb163-105x105.jpg,İyilik,PIECE,Ekmek,,firin-pastane,https://www.migros.com.tr/rest/search/screens/firin-pastane-c-7e?reid=1778323020796000001&sayfa=1
20000005056673,İyilik Sandviç Ekmeği 7 x 65 G,67.5,67.5,True,https://images.migrosone.com/sanalmarket/product/05056673/5056673_1-534c20-105x105.jpg,İyilik,PIECE,Ekmek,,firin-pastane,https://www.migros.com.tr/rest/search/screens/firin-pastane-c-7e?reid=1778323020796000001&sayfa=1
20000005054473,Migros Zeytinyağlı Kepekli Grissini 125 G,47.9,47.9,True,https://images.migrosone.com/sanalmarket/product/05054473/05054473_1-f4cc28-105x105.jpg,Migros,PIECE,"Galeta, Grissini",MİGROSKOP,firin-pastane,https://www.migros.com.tr/rest/search/screens/firin-pastane-c-7e?reid=1778323020796000001&sayfa=1
20000005052657,İhe Zeytinli Kekikli Altın Çörek 50 G,15.0,15.0,True,https://images.migrosone.com/sanalmarket/product/05052657/05052657-0562fb-105x105.jpg,İhe,PIECE,Ekmek,,firin-pastane,https://www.migros.com.tr/rest/search/screens/firin-pastane-c-7e?reid=1778323020796000001&sayfa=1
20000005079090,El Açması Yufka Kg,199.0,199.0,True,https://images.migrosone.com/sanalmarket/product/05079090/05079090-793b48-105x105.jpg,Reyondan,GRAM,Yufka,,firin-pastane,https://www.migros.com.tr/rest/search/screens/firin-pastane-c-7e?reid=1778323020796000001&sayfa=1
20000005051029,Ekmek Dünyası Favori Kanepe Sandviç 200 G,42.95,42.95,True,https://images.migrosone.com/sanalmarket/product/05051029/05051029-9a8bba-105x105.jpeg,Reyondan,PIECE,Ekmek,,firin-pastane,https://www.migros.com.tr/rest/search/screens/firin-pastane-c-7e?reid=1778323020796000001&sayfa=1
20000046022170,Dr.Oetker Buğday Nişastası 150 G,28.4,36.45,True,https://images.migrosone.com/sanalmarket/product/46022170/46022170-29fd86-105x105.jpg,Dr.Oetker,PIECE,Nişasta,"36,45 TL | MİGROSKOP",firin-pastane,https://www.migros.com.tr/rest/search/screens/firin-pastane-c-7e?reid=1778323020796000001&sayfa=1
20000005120021,Çavdarlı Ekmek Adet,69.9,69.9,True,https://images.migrosone.com/sanalmarket/product/05120021/05120021-71c260-105x105.jpg,Reyondan,PIECE,Ekmek,,firin-pastane,https://www.migros.com.tr/rest/search/screens/firin-pastane-c-7e?reid=1778323020796000001&sayfa=2
20000005079070,Günlük Yufka 1000 G,99.95,99.95,True,https://images.migrosone.com/sanalmarket/product/05079070/05079070_1-37baaf-105x105.jpg,Myfresh,PIECE,Yufka,,firin-pastane,https://www.migros.com.tr/rest/search/screens/firin-pastane-c-7e?reid=1778323020796000001&sayfa=2
20000006061417,Dr.Oetker Hamur Kabartma Tozu 10'lu Paket 100 G,28.95,28.95,True,https://images.migrosone.com/sanalmarket/product/06061417/06061417-8ba714-105x105.png,Dr.Oetker,PIECE,"Kabartma Tozu, Şekerli Vanilin",,firin-pastane,https://www.migros.com.tr/rest/search/screens/firin-pastane-c-7e?reid=1778323020796000001&sayfa=2
20000005059288,Uno İki Kat Tahıllı Tava Ekmeği 470 G,79.9,90.0,True,https://images.migrosone.com/sanalmarket/product/5059288/5059288-46c9a0-105x105.jpg,Uno,PIECE,Ekmek,"90,00 TL | MİGROSKOP",firin-pastane,https://www.migros.com.tr/rest/search/screens/firin-pastane-c-7e?reid=1778323020796000001&sayfa=2
20000005050996,Eti Etimek Klasik Kızarmış Ekmek 143 G,56.0,56.0,True,https://images.migrosone.com/sanalmarket/product/05050996/05050996_1-c29d34-105x105.jpg,Etimek,PIECE,Gevrek Ekmek,,firin-pastane,https://www.migros.com.tr/rest/search/screens/firin-pastane-c-7e?reid=1778323020796000001&sayfa=2
20000005056305,Aly Tortilla  Lavaş Tam Buğdaylı 6'lı 25 Cm 390 G,89.9,89.9,True,https://images.migrosone.com/sanalmarket/product/05056305/05056305_1-55fb60-105x105.jpg,Aly,PIECE,Ekmek,,firin-pastane,https://www.migros.com.tr/rest/search/screens/firin-pastane-c-7e?reid=1778323020796000001&sayfa=2
20000005050995,Eti Etimek Tuzsuz Kızarmış Ekmek 148 G,56.0,56.0,True,https://images.migrosone.com/sanalmarket/product/05050995/05050995_1-406e77-105x105.jpg,Etimek,PIECE,Gevrek Ekmek,,firin-pastane,https://www.migros.com.tr/rest/search/screens/firin-pastane-c-7e?reid=1778323020796000001&sayfa=2
20000005055047,Uno Gurme Ekşi Mayalı Büyük Sandviç Ekmeği 4'lü 400 G,95.0,95.0,True,https://images.migrosone.com/sanalmarket/product/05055047/05055047_1-7d76fa-105x105.jpg,Uno,PIECE,Ekmek,,firin-pastane,https://www.migros.com.tr/rest/search/screens/firin-pastane-c-7e?reid=1778323020796000001&sayfa=2
20000005041265,Filiz İrmik 500 G,42.95,42.95,True,https://images.migrosone.com/sanalmarket/product/5041265/5041265-c571df-105x105.jpg,Filiz,PIECE,İrmik,,firin-pastane,https://www.migros.com.tr/rest/search/screens/firin-pastane-c-7e?reid=1778323020796000001&sayfa=2
20000005057936,Ekmek Dünyası Favori Mini Bazlama 150 G,33.95,33.95,True,https://images.migrosone.com/sanalmarket/product/05057936/05057936_1-ee892a-105x105.jpg,Ekmek Dünyası Favori,PIECE,Ekmek,,firin-pastane,https://www.migros.com.tr/rest/search/screens/firin-pastane-c-7e?reid=1778323020796000001&sayfa=2
20000005053847,Uno Sandviç Ekmeği 5'li 325 G,80.0,80.0,True,https://images.migrosone.com/sanalmarket/product/05053847/05053847-f247da-105x105.jpg,Uno,PIECE,Ekmek,,firin-pastane,https://www.migros.com.tr/rest/search/screens/firin-pastane-c-7e?reid=1778323020796000001&sayfa=2
20000005051007,Arı 5 Tohumlu Mini Grissini 30 G,17.9,17.9,True,https://images.migrosone.com/sanalmarket/product/05051007/05051007-442983-105x105.jpg,Arı Grissini,PIECE,"Galeta, Grissini",,firin-pastane,https://www.migros.com.tr/rest/search/screens/firin-pastane-c-7e?reid=1778323020796000001&sayfa=2
20000005054719,Ekmek Dünyası Favori Ekşi Maya Tam Buğday Unlu Ekmek 475 G,69.95,69.95,True,https://images.migrosone.com/sanalmarket/product/05054719/05054719_1-e98b8d-105x105.jpg,Ekmek Dünyası Favori,PIECE,Ekmek,,firin-pastane,https://www.migros.com.tr/rest/search/screens/firin-pastane-c-7e?reid=1778323020796000001&sayfa=2
20000007200033,Dr.Oetker Çikolatalı Tatlı Sos 123 G,57.45,57.45,True,https://images.migrosone.com/sanalmarket/product/07200033/07200033-bdb7e4-105x105.jpeg,Dr.Oetker,PIECE,Toz  Tatlılar,,firin-pastane,https://www.migros.com.tr/rest/search/screens/firin-pastane-c-7e?reid=1778323020796000001&sayfa=2
20000005046300,Wefood Glutensiz Grissini Çörek Otu & Chialı 40 G,69.95,69.95,True,https://images.migrosone.com/sanalmarket/product/05046300/05046300_1-ee8227-105x105.jpg,Wefood,PIECE,"Galeta, Grissini",,firin-pastane,https://www.migros.com.tr/rest/search/screens/firin-pastane-c-7e?reid=1778323020796000001&sayfa=2
20000005120486,Cafe Poğaça Peynirli,30.0,30.0,True,https://images.migrosone.com/sanalmarket/product/05120486/5120486-1bd766-105x105.jpg,Reyondan,PIECE,Poğaça,,firin-pastane,https://www.migros.com.tr/rest/search/screens/firin-pastane-c-7e?reid=1778323020796000001&sayfa=2
20000003281017,Dr.Oetker Kakao 100 G,124.95,124.95,True,https://images.migrosone.com/sanalmarket/product/03281017/dr-oetker-kakao-100-gr-34ecad-105x105.jpg,Dr.Oetker,PIECE,Kakao,,firin-pastane,https://www.migros.com.tr/rest/search/screens/firin-pastane-c-7e?reid=1778323020796000001&sayfa=2
20000005060185,Pesotti Kedidili 200 G,62.5,62.5,True,https://images.migrosone.com/sanalmarket/product/05060185/5060185_1-8abb60-105x105.jpg,Pesotti,PIECE,Pasta Tabanı,,firin-pastane,https://www.migros.com.tr/rest/search/screens/firin-pastane-c-7e?reid=1778323020796000001&sayfa=2
20000005041004,Mantı-Ye 100 Etli Bohça Mantısı Kg,638.0,638.0,True,https://images.migrosone.com/sanalmarket/product/05041004/manti-ye-100-etli-bohca-mantisi-kg-beb1d3-105x105.jpg,Mantı-ye,GRAM,Mantı,,firin-pastane,https://www.migros.com.tr/rest/search/screens/firin-pastane-c-7e?reid=1778323020796000001&sayfa=2
20000005060068,Arı Çok Tohumlu Ekşi Mayalı Grissini 100 G,75.9,75.9,True,https://images.migrosone.com/sanalmarket/product/05060068/05060068-8488d2-105x105.jpg,Arı,PIECE,"Galeta, Grissini",,firin-pastane,https://www.migros.com.tr/rest/search/screens/firin-pastane-c-7e?reid=1778323020796000001&sayfa=2
20000003331015,Dr.Oetker Pudra Şekeri 250 G,53.45,53.45,True,https://images.migrosone.com/sanalmarket/product/03331015/dr-oetker-pudra-sekeri-250-gr-5b7757-105x105.jpg,Dr.Oetker,PIECE,Pudra Şekeri,,firin-pastane,https://www.migros.com.tr/rest/search/screens/firin-pastane-c-7e?reid=1778323020796000001&sayfa=2
20000005030188,Migros  İrmik 500 G,18.5,18.5,True,https://images.migrosone.com/sanalmarket/product/05030188/05030188-a86a35-105x105.jpg,Migros,PIECE,İrmik,,firin-pastane,https://www.migros.com.tr/rest/search/screens/firin-pastane-c-7e?reid=1778323020796000001&sayfa=2
20000005052889,Uno Tam Buğday Lavaş 5'li 325 G,109.5,109.5,True,https://images.migrosone.com/sanalmarket/product/05052889/05052889-c7493d-105x105.jpg,Uno,PIECE,Ekmek,,firin-pastane,https://www.migros.com.tr/rest/search/screens/firin-pastane-c-7e?reid=1778323020796000001&sayfa=2
20000005120236,Tulumba Kg,349.9,349.9,True,https://images.migrosone.com/sanalmarket/product/05120236/05120236-206afa-105x105.jpg,Reyondan,GRAM,Pastane Tatlılar,,firin-pastane,https://www.migros.com.tr/rest/search/screens/firin-pastane-c-7e?reid=1778323020796000001&sayfa=2
20000005059847,Schar Pan Blanco Glutensiz Dilimli Ekmek 250 G,145.95,145.95,True,https://images.migrosone.com/sanalmarket/product/05059847/05059847-8cf39c-105x105.jpg,Schar,PIECE,Ekmek,,firin-pastane,https://www.migros.com.tr/rest/search/screens/firin-pastane-c-7e?reid=1778323020796000001&sayfa=2
20000019000553,Şahin Etli Kayseri Mantısı 500 G,359.0,421.9,True,https://images.migrosone.com/sanalmarket/product/19000553/sahin-kayseri-mantisi-500-gr-ba075f-105x105.jpg,Şahin,PIECE,Mantı,"421,90 TL | MİGROSKOP",firin-pastane,https://www.migros.com.tr/rest/search/screens/firin-pastane-c-7e?reid=1778323020796000001&sayfa=2
20000005059289,Uno Premium Susamlı Hamburger Ekmeği 4'lü 340 G,90.0,90.0,True,https://images.migrosone.com/sanalmarket/product/5059289/5059289-ce2d06-105x105.jpg,Uno,PIECE,Ekmek,,firin-pastane,https://www.migros.com.tr/rest/search/screens/firin-pastane-c-7e?reid=1778323020796000001&sayfa=2
20000005056669,İyilik Tam Buğday Ekmeği 350 G,41.5,41.5,True,https://images.migrosone.com/sanalmarket/product/05056669/5056669_1-fa0cf0-105x105.jpg,İyilik,PIECE,Ekmek,,firin-pastane,https://www.migros.com.tr/rest/search/screens/firin-pastane-c-7e?reid=1778323020796000001&sayfa=2
20000005041924,Migros Mısır Nişastası 250 G,18.45,18.45,True,https://images.migrosone.com/sanalmarket/product/05041924/05041924-ee7416-105x105.jpg,Migros,PIECE,Nişasta,,firin-pastane,https://www.migros.com.tr/rest/search/screens/firin-pastane-c-7e?reid=1778323020796000001&sayfa=2
20000046022182,Dr.Oetker Mısır Nişastası 150 G,20.0,26.45,True,https://images.migrosone.com/sanalmarket/product/46022182/46022182-2bf3cc-105x105.jpg,Dr.Oetker,PIECE,Nişasta,"26,45 TL | MİGROSKOP",firin-pastane,https://www.migros.com.tr/rest/search/screens/firin-pastane-c-7e?reid=1778323020796000001&sayfa=2
20000005120004,Susamlı Ekmek Adet,59.9,59.9,True,https://images.migrosone.com/sanalmarket/product/05120004/05120004-0ba1e4-105x105.jpg,Reyondan,PIECE,Ekmek,,firin-pastane,https://www.migros.com.tr/rest/search/screens/firin-pastane-c-7e?reid=1778323020796000001&sayfa=3
20000005850200,Migros Zeytinyağlı Ekşi Mayalı 5 Tohumlu Grissini 125 G,59.9,59.9,True,https://images.migrosone.com/sanalmarket/product/05850200/05850200_1-dad195-105x105.jpg,Migros,PIECE,"Galeta, Grissini",,firin-pastane,https://www.migros.com.tr/rest/search/screens/firin-pastane-c-7e?reid=1778323020796000001&sayfa=3
20000005040912,Migros Krem Şanti Sade Toz Karışım 150 G,33.45,33.45,True,https://images.migrosone.com/sanalmarket/product/05040912/05040912_1-107234-105x105.jpg,Migros,PIECE,Krem Şanti,,firin-pastane,https://www.migros.com.tr/rest/search/screens/firin-pastane-c-7e?reid=1778323020796000001&sayfa=3
20000005056351,Untad Çavdar Ekmeği 500 G,109.5,109.5,True,https://images.migrosone.com/sanalmarket/product/05056351/05056351-a9968e-105x105.jpg,Untad,PIECE,Ekmek,,firin-pastane,https://www.migros.com.tr/rest/search/screens/firin-pastane-c-7e?reid=1778323020796000001&sayfa=3
20000005040772,Untad Premium Tam Buğday Unlu Lavaş 8'li 560 G,129.0,129.0,True,https://images.migrosone.com/sanalmarket/product/05040772/5040772_1-440d74-105x105.jpg,Untad,PIECE,Ekmek,,firin-pastane,https://www.migros.com.tr/rest/search/screens/firin-pastane-c-7e?reid=1778323020796000001&sayfa=3
20000005041131,Dr.Oetker Instant Maya 30 G,28.95,28.95,True,https://images.migrosone.com/sanalmarket/product/05041131/5041131-deabd8-105x105.jpg,Dr.Oetker,PIECE,Instant Maya,,firin-pastane,https://www.migros.com.tr/rest/search/screens/firin-pastane-c-7e?reid=1778323020796000001&sayfa=3
20000006061411,Dr.Oetker Şekerli Vanilin 5'li Paket 25 G,11.45,11.45,True,https://images.migrosone.com/sanalmarket/product/06061411/06061411-e62683-105x105.png,Dr.Oetker,PIECE,"Kabartma Tozu, Şekerli Vanilin",,firin-pastane,https://www.migros.com.tr/rest/search/screens/firin-pastane-c-7e?reid=1778323020796000001&sayfa=3
20000005040581,Mutlu İrmik 500 G,31.95,31.95,True,https://images.migrosone.com/sanalmarket/product/05040581/5040581_1-46de0e-105x105.jpg,Mutlu,PIECE,İrmik,,firin-pastane,https://www.migros.com.tr/rest/search/screens/firin-pastane-c-7e?reid=1778323020796000001&sayfa=3
20000005057926,Ekmek Dünyası Favori Lavaş 200 G,61.95,61.95,True,https://images.migrosone.com/sanalmarket/product/05057926/05057926-9a76f5-105x105.jpeg,Ekmek Dünyası Favori,PIECE,Ekmek,,firin-pastane,https://www.migros.com.tr/rest/search/screens/firin-pastane-c-7e?reid=1778323020796000001&sayfa=3
20000005056674,İyilik Hamburger Ekmeği 8 x 54 G,69.5,69.5,True,https://images.migrosone.com/sanalmarket/product/05056674/5056674_1-f2b46c-105x105.jpg,İyilik,PIECE,Ekmek,,firin-pastane,https://www.migros.com.tr/rest/search/screens/firin-pastane-c-7e?reid=1778323020796000001&sayfa=3
20000005051043,Uno Premium Çavdarlı & Karabuğdaylı 400 G,90.0,90.0,True,https://images.migrosone.com/sanalmarket/product/05051043/05051043_1-3fac79-105x105.jpg,Uno,PIECE,Ekmek,,firin-pastane,https://www.migros.com.tr/rest/search/screens/firin-pastane-c-7e?reid=1778323020796000001&sayfa=3
20000005041103,Dr.Oetker Sade Kek Karışımı 450 G,56.45,56.45,True,https://images.migrosone.com/sanalmarket/product/05041103/05041103-5af104-105x105.jpg,Dr.Oetker,PIECE,Kek ve Pasta Un Karışımları,,firin-pastane,https://www.migros.com.tr/rest/search/screens/firin-pastane-c-7e?reid=1778323020796000001&sayfa=3
20000005059287,Uno Karadeniz Tava Ekmeği 470 G,79.9,90.0,True,https://images.migrosone.com/sanalmarket/product/5059287/5059287-9a64fd-105x105.jpg,Uno,PIECE,Ekmek,"90,00 TL | MİGROSKOP",firin-pastane,https://www.migros.com.tr/rest/search/screens/firin-pastane-c-7e?reid=1778323020796000001&sayfa=3
20000005046289,Pakmaya Şeker İlavesiz Bitter Pul Çikolata 70 G,139.95,139.95,True,https://images.migrosone.com/sanalmarket/product/05046289/05046289_1-2c5c12-105x105.jpg,Pakmaya,PIECE,Pasta Yardımcıları,,firin-pastane,https://www.migros.com.tr/rest/search/screens/firin-pastane-c-7e?reid=1778323020796000001&sayfa=3
20000019009805,Mantı-Ye Bohça Mantı 600 G,411.9,411.9,True,https://images.migrosone.com/sanalmarket/product/19009805/19009805-ee359a-105x105.jpg,Mantı-ye,PIECE,Mantı,,firin-pastane,https://www.migros.com.tr/rest/search/screens/firin-pastane-c-7e?reid=1778323020796000001&sayfa=3
20000005040573,Bağdat Karbonat 150 G,38.0,38.0,True,https://images.migrosone.com/sanalmarket/product/05040573/05040573-af7268-105x105.jpg,Bağdat,PIECE,"Kabartma Tozu, Şekerli Vanilin",,firin-pastane,https://www.migros.com.tr/rest/search/screens/firin-pastane-c-7e?reid=1778323020796000001&sayfa=3
20000005056347,Untad Tam Buğday Ekmeği 400 G,92.5,92.5,True,https://images.migrosone.com/sanalmarket/product/05056347/5056347_1-02c480-105x105.jpg,Untad,PIECE,Ekmek,,firin-pastane,https://www.migros.com.tr/rest/search/screens/firin-pastane-c-7e?reid=1778323020796000001&sayfa=3
20000007030335,Dr.Oetker Bitter Çikolata Parçaları 70 G,111.6,139.45,True,https://images.migrosone.com/sanalmarket/product/07030335/07030335-d12650-105x105.jpg,Dr.Oetker,PIECE,Pasta Yardımcıları,"139,45 TL | MİGROSKOP",firin-pastane,https://www.migros.com.tr/rest/search/screens/firin-pastane-c-7e?reid=1778323020796000001&sayfa=3
20000019000587,Mantı-ye Çıtır Mantı 300 G,185.0,185.0,True,https://images.migrosone.com/sanalmarket/product/19000587/19000587-c2535a-105x105.jpg,Mantı-ye,PIECE,Mantı,,firin-pastane,https://www.migros.com.tr/rest/search/screens/firin-pastane-c-7e?reid=1778323020796000001&sayfa=3
20000005040770,Untad Premium Dev Tost Ekmeği 1300 G,215.0,215.0,True,https://images.migrosone.com/sanalmarket/product/05040770/5040770_1-186213-105x105.jpg,Untad,PIECE,Ekmek,,firin-pastane,https://www.migros.com.tr/rest/search/screens/firin-pastane-c-7e?reid=1778323020796000001&sayfa=3
20000005051008,Arı Tahıllı Mini Grissini 30 G,17.9,17.9,True,https://images.migrosone.com/sanalmarket/product/05051008/05051008-8b5013-105x105.jpg,Arı Grissini,PIECE,"Galeta, Grissini",,firin-pastane,https://www.migros.com.tr/rest/search/screens/firin-pastane-c-7e?reid=1778323020796000001&sayfa=3
20000007108324,Şenocak Kıyılmış Fındık 100 G,118.45,118.45,True,https://images.migrosone.com/sanalmarket/product/07108324/07108324-9d8a19-105x105.jpg,Şenocak,PIECE,Pasta Yardımcıları,,firin-pastane,https://www.migros.com.tr/rest/search/screens/firin-pastane-c-7e?reid=1778323020796000001&sayfa=3
20000005060156,Tadolya Ayçekirdekli Mini Galeta 200 G,96.0,96.0,True,https://images.migrosone.com/sanalmarket/product/05060156/5060156-462684-105x105.jpg,Tadolya,PIECE,"Galeta, Grissini",,firin-pastane,https://www.migros.com.tr/rest/search/screens/firin-pastane-c-7e?reid=1778323020796000001&sayfa=3
20000005120039,Ekşi Mayalı Ekmek Adet 500 G,99.9,99.9,True,https://images.migrosone.com/sanalmarket/product/05120039/05120039-a1a4d7-105x105.jpg,Reyondan,PIECE,Ekmek,,firin-pastane,https://www.migros.com.tr/rest/search/screens/firin-pastane-c-7e?reid=1778323020796000001&sayfa=3
20000005062843,Alaçatı Tereyağlı Kurabiye 150 G,199.0,199.0,True,https://images.migrosone.com/sanalmarket/product/05062843/5062843_1-30d100-105x105.jpg,Alaçatı Ev Kurabiyecisi,PIECE,Tatlı Kuru Pasta,,firin-pastane,https://www.migros.com.tr/rest/search/screens/firin-pastane-c-7e?reid=1778323020796000001&sayfa=3
20000005050999,Eti Form Kızarmış Kepekli Ekmek Dilimleri 138 G,70.0,70.0,True,https://images.migrosone.com/sanalmarket/product/05050999/5050999_1-ae1e46-105x105.jpg,Eti,PIECE,Gevrek Ekmek,,firin-pastane,https://www.migros.com.tr/rest/search/screens/firin-pastane-c-7e?reid=1778323020796000001&sayfa=3
20000005054478,Migros Zeytinyağlı Sade Grissini 125 G,47.9,47.9,True,https://images.migrosone.com/sanalmarket/product/05054478/05054478_1-d21a78-105x105.jpg,Migros,PIECE,"Galeta, Grissini",MİGROSKOP,firin-pastane,https://www.migros.com.tr/rest/search/screens/firin-pastane-c-7e?reid=1778323020796000001&sayfa=3
20000005079068,Myfresh Üçgen Yufka 360 G,99.95,99.95,True,https://images.migrosone.com/sanalmarket/product/05079068/myfresh-ucgen-yufka-360-gr-f31272-105x105.jpg,Myfresh,PIECE,Yufka,,firin-pastane,https://www.migros.com.tr/rest/search/screens/firin-pastane-c-7e?reid=1778323020796000001&sayfa=3
20000005054471,Untad Gurme Hamburger 2'li  200 G,49.95,49.95,True,https://images.migrosone.com/sanalmarket/product/05054471/5054471_1-3cab7c-105x105.jpg,Untad,PIECE,Ekmek,,firin-pastane,https://www.migros.com.tr/rest/search/screens/firin-pastane-c-7e?reid=1778323020796000001&sayfa=3
20000005054766,Ekmek Dünyası Favori Sac Ekmek 350 G,49.95,49.95,True,https://images.migrosone.com/sanalmarket/product/05054766/05054766_1-05853b-105x105.jpg,Ekmek Dünyası Favori,PIECE,Ekmek,,firin-pastane,https://www.migros.com.tr/rest/search/screens/firin-pastane-c-7e?reid=1778323020796000001&sayfa=3
20000005050744,Untad Premium Tam Buğdaylı Sandviç Ekmeği 375 G,99.5,99.5,True,https://images.migrosone.com/sanalmarket/product/05050744/05050744-9edf7f-105x105.jpg,Untad,PIECE,Ekmek,,firin-pastane,https://www.migros.com.tr/rest/search/screens/firin-pastane-c-7e?reid=1778323020796000001&sayfa=4
20000005120167,Tahinli Çörek Adet,99.9,99.9,True,https://images.migrosone.com/sanalmarket/product/05120167/05120167-fea558-105x105.jpg,Reyondan,PIECE,Diğer Sabah Sıcakları,,firin-pastane,https://www.migros.com.tr/rest/search/screens/firin-pastane-c-7e?reid=1778323020796000001&sayfa=4
20000005120013,Kepekli Ekmek Adet,59.9,59.9,True,https://images.migrosone.com/sanalmarket/product/05120013/05120013-45a615-105x105.jpg,Reyondan,PIECE,Ekmek,,firin-pastane,https://www.migros.com.tr/rest/search/screens/firin-pastane-c-7e?reid=1778323020796000001&sayfa=4
20000005056340,Untad Lavaş 8'li 560 G,129.0,129.0,True,https://images.migrosone.com/sanalmarket/product/05056340/05056340-798c9c-105x105.jpg,Untad,PIECE,Ekmek,,firin-pastane,https://www.migros.com.tr/rest/search/screens/firin-pastane-c-7e?reid=1778323020796000001&sayfa=4
20000005052202,Wasa Lifli Gevrek Ekmek (Crispbread Fibre) 230 G,124.9,124.9,True,https://images.migrosone.com/sanalmarket/product/05052202/05052202-c021e0-105x105.jpg,Wasa,PIECE,Gevrek Ekmek,,firin-pastane,https://www.migros.com.tr/rest/search/screens/firin-pastane-c-7e?reid=1778323020796000001&sayfa=4
20000005040317,Pakmaya 9'lu İnstant Maya 90 G,87.95,87.95,True,https://images.migrosone.com/sanalmarket/product/05040317/05040317-248256-105x105.jpg,Pakmaya,PIECE,Instant Maya,,firin-pastane,https://www.migros.com.tr/rest/search/screens/firin-pastane-c-7e?reid=1778323020796000001&sayfa=4
20000005056253,Aly Tortilla Lavaş Grilled 25 Cm 8'li 520 G,89.9,114.5,True,https://images.migrosone.com/sanalmarket/product/05056253/05056253_1-e8e2d8-105x105.jpg,Aly,PIECE,Ekmek,"114,50 TL | MİGROSKOP",firin-pastane,https://www.migros.com.tr/rest/search/screens/firin-pastane-c-7e?reid=1778323020796000001&sayfa=4
20000005070002,Untad Baklavalık & Böreklik Yufka 800 G,179.0,179.0,True,https://images.migrosone.com/sanalmarket/product/05070002/05070002-b31692-105x105.jpg,Untad,PIECE,Yufka,,firin-pastane,https://www.migros.com.tr/rest/search/screens/firin-pastane-c-7e?reid=1778323020796000001&sayfa=4
20000005041922,Migros Pirinç Unu Sade 250 G,24.45,24.45,True,https://images.migrosone.com/sanalmarket/product/05041922/05041922-1b4c61-105x105.jpg,Migros,PIECE,Pirinç Unu,,firin-pastane,https://www.migros.com.tr/rest/search/screens/firin-pastane-c-7e?reid=1778323020796000001&sayfa=4
20000005070003,Unİstanbul 3 Yapraklı Yufka 500 G,189.95,189.95,True,https://images.migrosone.com/sanalmarket/product/05070003/05070003-1e76ac-105x105.jpg,Unİstanbul,PIECE,Yufka,,firin-pastane,https://www.migros.com.tr/rest/search/screens/firin-pastane-c-7e?reid=1778323020796000001&sayfa=4
20000005044802,Pakmaya Aktif Kuru Hamur Mayası 100 G,49.95,49.95,True,https://images.migrosone.com/sanalmarket/product/05044802/05044802-7853bf-105x105.jpg,Pakmaya,PIECE,Instant Maya,,firin-pastane,https://www.migros.com.tr/rest/search/screens/firin-pastane-c-7e?reid=1778323020796000001&sayfa=4
20000009024278,Tada Glutensiz Karabuğdaylı Grisini 75 G,154.95,154.95,True,https://images.migrosone.com/sanalmarket/product/09024278/09024278-485153-105x105.jpg,Tada,PIECE,"Galeta, Grissini",,firin-pastane,https://www.migros.com.tr/rest/search/screens/firin-pastane-c-7e?reid=1778323020796000001&sayfa=4
20000005041181,Dr.Oetker Vanilya Sıvı Aroma Verici 38 Ml,73.95,73.95,True,https://images.migrosone.com/sanalmarket/product/05041181/05041181-86f2dd-105x105.jpg,Dr.Oetker,PIECE,Pasta Yardımcıları,,firin-pastane,https://www.migros.com.tr/rest/search/screens/firin-pastane-c-7e?reid=1778323020796000001&sayfa=4
20000005054986,Uno Süper Sandviç Klasik 4'lü 400 G,95.0,95.0,True,https://images.migrosone.com/sanalmarket/product/05054986/05054986_1-abd7c1-105x105.jpg,Uno,PIECE,Ekmek,,firin-pastane,https://www.migros.com.tr/rest/search/screens/firin-pastane-c-7e?reid=1778323020796000001&sayfa=4
20000005056353,Untad Light Hafif Ekmek 500 G,108.5,108.5,True,https://images.migrosone.com/sanalmarket/product/05056353/05056353_1-210627-105x105.jpg,Untad,PIECE,Ekmek,,firin-pastane,https://www.migros.com.tr/rest/search/screens/firin-pastane-c-7e?reid=1778323020796000001&sayfa=4
20000005046343,Dr.Oetker Buğday Nişastası 400 G,77.95,77.95,True,https://images.migrosone.com/sanalmarket/product/05046343/05046343_1-a10b70-105x105.jpg,Dr.Oetker,PIECE,Nişasta,,firin-pastane,https://www.migros.com.tr/rest/search/screens/firin-pastane-c-7e?reid=1778323020796000001&sayfa=4
20000005046626,Pakmaya Hamur Kabartma Tozu 5'li 50 G,15.45,15.45,True,https://images.migrosone.com/sanalmarket/product/05046626/05046626-3b21f7-105x105.jpg,Pakmaya,PIECE,"Kabartma Tozu, Şekerli Vanilin",,firin-pastane,https://www.migros.com.tr/rest/search/screens/firin-pastane-c-7e?reid=1778323020796000001&sayfa=4
20000005056370,Untad Special Tahıl Ekmeği 480 G,109.5,109.5,True,https://images.migrosone.com/sanalmarket/product/05056370/05056370-f3e1b8-105x105.jpg,Untad,PIECE,Ekmek,,firin-pastane,https://www.migros.com.tr/rest/search/screens/firin-pastane-c-7e?reid=1778323020796000001&sayfa=4
20000005060502,Alaçatı Kurabiyecisi Çıtır Top Kurabiye 180 G,209.95,209.95,True,https://images.migrosone.com/sanalmarket/product/05060502/05060502-ab011b-105x105.jpg,Alaçatı Ev Kurabiyecisi,PIECE,Tatlı Kuru Pasta,,firin-pastane,https://www.migros.com.tr/rest/search/screens/firin-pastane-c-7e?reid=1778323020796000001&sayfa=4
20000005057923,Ekmek Dünyası Favori Bazlama 250 G,55.95,55.95,True,https://images.migrosone.com/sanalmarket/product/05057923/05057923-420ecb-105x105.jpeg,Ekmek Dünyası Favori,PIECE,Ekmek,,firin-pastane,https://www.migros.com.tr/rest/search/screens/firin-pastane-c-7e?reid=1778323020796000001&sayfa=4
20000005079074,Myfresh Baklavalık Yufka 800 G,152.95,152.95,True,https://images.migrosone.com/sanalmarket/product/05079074/05079074-ffde56-105x105.jpg,Myfresh,PIECE,Yufka,,firin-pastane,https://www.migros.com.tr/rest/search/screens/firin-pastane-c-7e?reid=1778323020796000001&sayfa=4
20000005040513,Dr.Oetker Pancake 134 G,26.95,26.95,True,https://images.migrosone.com/sanalmarket/product/05040513/05040513-da65f1-105x105.jpg,Dr.Oetker,PIECE,Kek ve Pasta Un Karışımları,,firin-pastane,https://www.migros.com.tr/rest/search/screens/firin-pastane-c-7e?reid=1778323020796000001&sayfa=4
20000005056350,Untad Kepek Ekmeği 500 G,92.5,92.5,True,https://images.migrosone.com/sanalmarket/product/05056350/05056350-6248d3-105x105.jpg,Untad,PIECE,Ekmek,,firin-pastane,https://www.migros.com.tr/rest/search/screens/firin-pastane-c-7e?reid=1778323020796000001&sayfa=4
20000005060118,Aly Taco Shells 135 G,94.5,114.5,True,https://images.migrosone.com/sanalmarket/product/05060118/5060118_1-66a588-105x105.jpg,Aly,PIECE,Ekmek,"114,50 TL | MİGROSKOP",firin-pastane,https://www.migros.com.tr/rest/search/screens/firin-pastane-c-7e?reid=1778323020796000001&sayfa=4
20000046054270,Lavalia Dürüm Ekmeği 25 Cm 6 Adet 420 G,101.5,101.5,True,https://images.migrosone.com/sanalmarket/product/46054270/46054270-597592-105x105.jpg,Lavalia,PIECE,Ekmek,,firin-pastane,https://www.migros.com.tr/rest/search/screens/firin-pastane-c-7e?reid=1778323020796000001&sayfa=4
20000007017010,Arı Grissini Sade 100 G,51.9,51.9,True,https://images.migrosone.com/sanalmarket/product/07017010/ari-grissini-sade-125-gr-a27115-105x105.jpg,Arı Grissini,PIECE,"Galeta, Grissini",,firin-pastane,https://www.migros.com.tr/rest/search/screens/firin-pastane-c-7e?reid=1778323020796000001&sayfa=4
20000005046337,Dr.Oetker Karbonat 250 G,33.45,33.45,True,https://images.migrosone.com/sanalmarket/product/05046337/05046337_1-c08876-105x105.jpg,Dr.Oetker,PIECE,Pasta Yardımcıları,,firin-pastane,https://www.migros.com.tr/rest/search/screens/firin-pastane-c-7e?reid=1778323020796000001&sayfa=4
20000005040910,Migros Hamur Kabartma Tozu Toz Karışım 10 x 10 G,12.95,12.95,True,https://images.migrosone.com/sanalmarket/product/05040910/05040910_1-098e99-105x105.jpg,Migros,PIECE,"Kabartma Tozu, Şekerli Vanilin",,firin-pastane,https://www.migros.com.tr/rest/search/screens/firin-pastane-c-7e?reid=1778323020796000001&sayfa=4
20000005054978,Uno Süper Tost Çavdar Ekmeği 500 G,100.0,100.0,True,https://images.migrosone.com/sanalmarket/product/05054978/5054978_1-95fb19-105x105.jpg,Uno,PIECE,Ekmek,,firin-pastane,https://www.migros.com.tr/rest/search/screens/firin-pastane-c-7e?reid=1778323020796000001&sayfa=5
20000005056671,İyilik Çavdarlı Ekmek 400 G,53.0,53.0,True,https://images.migrosone.com/sanalmarket/product/05056671/5056671_1-89b7d4-105x105.jpg,İyilik,PIECE,Ekmek,,firin-pastane,https://www.migros.com.tr/rest/search/screens/firin-pastane-c-7e?reid=1778323020796000001&sayfa=5
20000005120507,Cafe Rulo Börek Kıymalı,39.9,39.9,True,https://images.migrosone.com/sanalmarket/product/05120507/5120507-087433-105x105.jpg,Reyondan,PIECE,Börek,,firin-pastane,https://www.migros.com.tr/rest/search/screens/firin-pastane-c-7e?reid=1778323020796000001&sayfa=5
20000005051104,Ege Glutensiz Ekmek 285 G,98.5,98.5,True,https://images.migrosone.com/sanalmarket/product/05051104/05051104-f617fc-105x105.jpg,Ege Glutensiz,PIECE,Ekmek,,firin-pastane,https://www.migros.com.tr/rest/search/screens/firin-pastane-c-7e?reid=1778323020796000001&sayfa=5
20000007107004,Dr.Oetker Jel Çilek Aromalı 100 G,41.45,41.45,True,https://images.migrosone.com/sanalmarket/product/07107004/07107004-f01ac3-105x105.jpg,Dr.Oetker,PIECE,Toz  Tatlılar,,firin-pastane,https://www.migros.com.tr/rest/search/screens/firin-pastane-c-7e?reid=1778323020796000001&sayfa=5
20000007100169,Dr.Oetker Puding Bitter Çikolatalı 111 G,45.95,45.95,True,https://images.migrosone.com/sanalmarket/product/07100169/07100169-721dc3-105x105.jpg,Dr.Oetker,PIECE,Toz  Tatlılar,,firin-pastane,https://www.migros.com.tr/rest/search/screens/firin-pastane-c-7e?reid=1778323020796000001&sayfa=5
20000005040286,Migros Yaş Hamur Mayası 4'lü 168 G,13.45,13.45,True,https://images.migrosone.com/sanalmarket/product/05040286/05040286-641a25-105x105.jpg,Migros,PIECE,Yaş Maya,,firin-pastane,https://www.migros.com.tr/rest/search/screens/firin-pastane-c-7e?reid=1778323020796000001&sayfa=5
20000005046630,Pakmaya Karbonat 5'li 25 G,8.95,8.95,True,https://images.migrosone.com/sanalmarket/product/05046630/05046630-430efc-105x105.jpg,Pakmaya,PIECE,"Kabartma Tozu, Şekerli Vanilin",,firin-pastane,https://www.migros.com.tr/rest/search/screens/firin-pastane-c-7e?reid=1778323020796000001&sayfa=5
20000007100239,Dr.Oetker Vanilyalı Puding Toz Karışımı 120 G,32.95,32.95,True,https://images.migrosone.com/sanalmarket/product/07100239/07100239-2f8a7e-105x105.jpg,Dr.Oetker,PIECE,Toz  Tatlılar,,firin-pastane,https://www.migros.com.tr/rest/search/screens/firin-pastane-c-7e?reid=1778323020796000001&sayfa=5
20000005060180,Myfresh Pasta Altı Kakaolu 280 G,81.0,81.0,True,https://images.migrosone.com/sanalmarket/product/05060180/05060180_1-06669d-105x105.jpg,Myfresh,PIECE,Pasta Tabanı,,firin-pastane,https://www.migros.com.tr/rest/search/screens/firin-pastane-c-7e?reid=1778323020796000001&sayfa=5
20000005059291,Uno Tam Buğday Unlu Sandviç Ekmeği 280 G,85.0,85.0,True,https://images.migrosone.com/sanalmarket/product/5059291/5059291-51dd13-105x105.jpg,Uno,PIECE,Ekmek,,firin-pastane,https://www.migros.com.tr/rest/search/screens/firin-pastane-c-7e?reid=1778323020796000001&sayfa=5
20000005046313,İhe Çörek Otlu Mahlepli Kurabiye 230 G,70.0,70.0,True,https://images.migrosone.com/sanalmarket/product/05046313/5046313_1-6cfe93-105x105.jpg,İhe,PIECE,Tuzlu Kuru Pasta,,firin-pastane,https://www.migros.com.tr/rest/search/screens/firin-pastane-c-7e?reid=1778323020796000001&sayfa=5
20000005079096,Bereket Üçgen Yufka 25 Yaprak 360 G,84.95,84.95,True,https://images.migrosone.com/sanalmarket/product/05079096/05079096_1-b1a565-105x105.jpg,Bereket,PIECE,Yufka,,firin-pastane,https://www.migros.com.tr/rest/search/screens/firin-pastane-c-7e?reid=1778323020796000001&sayfa=5
20000005058586,Uno Gurme Hamburger Ekmeği 4 x 110 G,115.0,115.0,True,https://images.migrosone.com/sanalmarket/product/05058586/5058586_1-09dec5-105x105.jpg,Uno,PIECE,Ekmek,,firin-pastane,https://www.migros.com.tr/rest/search/screens/firin-pastane-c-7e?reid=1778323020796000001&sayfa=5
20000005056735,Mayaköy Karabuğday Ekmeği 400 G,288.95,288.95,True,https://images.migrosone.com/sanalmarket/product/05056735/05056735-243c06-105x105.jpg,Mayaköy,PIECE,Ekmek,,firin-pastane,https://www.migros.com.tr/rest/search/screens/firin-pastane-c-7e?reid=1778323020796000001&sayfa=5
20000006061416,Dr.Oetker Şekerli Vanilin 10'lu Paket 50 G,22.45,22.45,True,https://images.migrosone.com/sanalmarket/product/06061416/06061416-569c29-105x105.png,Dr.Oetker,PIECE,"Kabartma Tozu, Şekerli Vanilin",,firin-pastane,https://www.migros.com.tr/rest/search/screens/firin-pastane-c-7e?reid=1778323020796000001&sayfa=5
20000005046375,Migros Instant Kuru Hamur Mayası 5 x 11 G,20.95,20.95,True,https://images.migrosone.com/sanalmarket/product/05046375/05046375_1-bc7999-105x105.jpg,Migros,PIECE,Instant Maya,,firin-pastane,https://www.migros.com.tr/rest/search/screens/firin-pastane-c-7e?reid=1778323020796000001&sayfa=5
20000005058888,Untad Büyük Extra Susamlı Hamburger Ekmeği 6 x 85 G,135.0,135.0,True,https://images.migrosone.com/sanalmarket/product/05058888/05058888-4610b4-105x105.jpg,Untad,PIECE,Ekmek,,firin-pastane,https://www.migros.com.tr/rest/search/screens/firin-pastane-c-7e?reid=1778323020796000001&sayfa=5
20000007100392,Kenton Puding Çikolatalı 100 G,39.95,39.95,True,https://images.migrosone.com/sanalmarket/product/07100392/07100392_1-7897e9-105x105.jpg,Kenton,PIECE,Toz  Tatlılar,,firin-pastane,https://www.migros.com.tr/rest/search/screens/firin-pastane-c-7e?reid=1778323020796000001&sayfa=5
20000005010049,Sinangil Kek Unu Sade 340 G,39.95,39.95,True,https://images.migrosone.com/sanalmarket/product/05010049/5010049-e65da0-105x105.jpeg,Sinangil,PIECE,Kek ve Pasta Un Karışımları,,firin-pastane,https://www.migros.com.tr/rest/search/screens/firin-pastane-c-7e?reid=1778323020796000001&sayfa=5
20000007017030,Arı Grissini Sade Zeytinyağlı 100 G,49.9,49.9,True,https://images.migrosone.com/sanalmarket/product/07017030/07017030-45cff0-105x105.jpg,Arı Grissini,PIECE,"Galeta, Grissini",,firin-pastane,https://www.migros.com.tr/rest/search/screens/firin-pastane-c-7e?reid=1778323020796000001&sayfa=5
20000005046390,Dr.Oetker Pişmeli Pastacı Kreması Kakaolu 144 G,32.95,32.95,True,https://images.migrosone.com/sanalmarket/product/05046390/05046390_1-ae2ee4-105x105.jpg,Dr.Oetker,PIECE,Pasta Yardımcıları,,firin-pastane,https://www.migros.com.tr/rest/search/screens/firin-pastane-c-7e?reid=1778323020796000001&sayfa=5
20000005041122,Dr  Oetker Pirinç Unu 5'li 175 G,44.45,44.45,True,https://images.migrosone.com/sanalmarket/product/05041122/05041122-e9956f-105x105.jpg,Dr.Oetker,PIECE,Pirinç Unu,,firin-pastane,https://www.migros.com.tr/rest/search/screens/firin-pastane-c-7e?reid=1778323020796000001&sayfa=5
20000005041136,Dr.Oetker Çikolatalı Muffin 345 G,153.45,153.45,True,https://images.migrosone.com/sanalmarket/product/05041136/dr-oetker-cikolatali-muffin-345-gr-903c1f-105x105.jpg,Dr.Oetker,PIECE,Kek ve Pasta Un Karışımları,,firin-pastane,https://www.migros.com.tr/rest/search/screens/firin-pastane-c-7e?reid=1778323020796000001&sayfa=5
20000005010050,Sinangil Kek Unu Fındıklı 340 G,53.95,53.95,True,https://images.migrosone.com/sanalmarket/product/05010050/5010050-c771e3-105x105.jpeg,Sinangil,PIECE,Kek ve Pasta Un Karışımları,,firin-pastane,https://www.migros.com.tr/rest/search/screens/firin-pastane-c-7e?reid=1778323020796000001&sayfa=5
20000017556244,Pide Mi-Go Dondurulmuş Kıymalı Pide 155 G,99.95,99.95,True,https://images.migrosone.com/sanalmarket/product/17556244/17556244_1-7c4983-105x105.jpg,Pide Mi-Go,PIECE,Hazır Pizza,2 Al 1 Öde,meze-hazir-yemek-donuk,https://www.migros.com.tr/rest/search/screens/meze-hazir-yemek-donuk-c-7d?reid=1778323061038000001&sayfa=1
20000017011015,SuperFresh Ispanak 450 G,69.97,99.95,True,https://images.migrosone.com/sanalmarket/product/17011015/17011015_1-a9c52d-105x105.jpg,Superfresh,PIECE,Dondurulmuş Sebze,"99,95 TL | MİGROSKOP",meze-hazir-yemek-donuk,https://www.migros.com.tr/rest/search/screens/meze-hazir-yemek-donuk-c-7d?reid=1778323061038000001&sayfa=1
20000017010069,Tukaş Dondurulmuş Parmak Patates 1 Kg,69.95,69.95,True,https://images.migrosone.com/sanalmarket/product/17010069/17010069_1-7e3363-105x105.jpg,Tukaş,PIECE,Dondurulmuş Patates,,meze-hazir-yemek-donuk,https://www.migros.com.tr/rest/search/screens/meze-hazir-yemek-donuk-c-7d?reid=1778323061038000001&sayfa=1
20000017014683,Torpat Parmak Patates 1 Kg,79.95,79.95,True,https://images.migrosone.com/sanalmarket/product/17014683/torpat-parmak-patates-1-kg-909096-105x105.jpg,Torpat,PIECE,Dondurulmuş Patates,,meze-hazir-yemek-donuk,https://www.migros.com.tr/rest/search/screens/meze-hazir-yemek-donuk-c-7d?reid=1778323061038000001&sayfa=1
20000017011005,Superfresh Bezelye 450 G,80.47,114.95,True,https://images.migrosone.com/sanalmarket/product/17011005/17011005_1-41ce61-105x105.jpg,Superfresh,PIECE,Dondurulmuş Sebze,"114,95 TL | MİGROSKOP",meze-hazir-yemek-donuk,https://www.migros.com.tr/rest/search/screens/meze-hazir-yemek-donuk-c-7d?reid=1778323061038000001&sayfa=1
20000017551010,SuperFresh Milföy Hamuru 1 Kg,132.97,189.95,True,https://images.migrosone.com/sanalmarket/product/17551010/17551010_1-56bdb2-105x105.jpg,Superfresh,PIECE,Milföy,"189,95 TL | MİGROSKOP",meze-hazir-yemek-donuk,https://www.migros.com.tr/rest/search/screens/meze-hazir-yemek-donuk-c-7d?reid=1778323061038000001&sayfa=1
20000017011060,SuperFresh Tatlı Beyaz Soğan 450 G,55.97,79.95,True,https://images.migrosone.com/sanalmarket/product/17011060/17011060_1-ea0811-105x105.jpg,Superfresh,PIECE,Dondurulmuş Sebze,"79,95 TL | MİGROSKOP",meze-hazir-yemek-donuk,https://www.migros.com.tr/rest/search/screens/meze-hazir-yemek-donuk-c-7d?reid=1778323061038000001&sayfa=1
20000017011040,SuperFresh Parmak Patates 1 Kg,229.95,229.95,True,https://images.migrosone.com/sanalmarket/product/17011040/17011040_1-d8a76b-105x105.jpg,Superfresh,PIECE,Dondurulmuş Patates,,meze-hazir-yemek-donuk,https://www.migros.com.tr/rest/search/screens/meze-hazir-yemek-donuk-c-7d?reid=1778323061038000001&sayfa=1
20000017010019,Superfresh Taze Fasulye 450 G,87.47,124.95,True,https://images.migrosone.com/sanalmarket/product/17010019/17010019_1-3315be-105x105.jpg,Superfresh,PIECE,Dondurulmuş Sebze,"124,95 TL | MİGROSKOP",meze-hazir-yemek-donuk,https://www.migros.com.tr/rest/search/screens/meze-hazir-yemek-donuk-c-7d?reid=1778323061038000001&sayfa=1
20000017550113,Migros Hızlı Dondurulmuş Milföy Hamuru 1 Kg,87.5,87.5,True,https://images.migrosone.com/sanalmarket/product/17550113/17550113_1-f9717b-105x105.jpg,Migros,PIECE,Milföy,,meze-hazir-yemek-donuk,https://www.migros.com.tr/rest/search/screens/meze-hazir-yemek-donuk-c-7d?reid=1778323061038000001&sayfa=1
20000017555941,SuperFresh Mantı 400 G,149.95,149.95,True,https://images.migrosone.com/sanalmarket/product/17555941/17555941_1-02bdb5-105x105.jpg,Superfresh,PIECE,Mantı,,meze-hazir-yemek-donuk,https://www.migros.com.tr/rest/search/screens/meze-hazir-yemek-donuk-c-7d?reid=1778323061038000001&sayfa=1
20000025030308,Migros Dana Döner 250 G,179.95,179.95,True,https://images.migrosone.com/sanalmarket/product/25030308/25030308_1-a9a91b-105x105.jpg,Migros,PIECE,Dana Eti,,meze-hazir-yemek-donuk,https://www.migros.com.tr/rest/search/screens/meze-hazir-yemek-donuk-c-7d?reid=1778323061038000001&sayfa=1
20000017990281,Superfresh 7/24 Fırından Simit 400 G,112.46,149.95,True,https://images.migrosone.com/sanalmarket/product/17990281/17990281_1-66acfa-105x105.jpg,Superfresh,PIECE,Diğer Dondurulmuş Gıda,"149,95 TL | MİGROSKOP",meze-hazir-yemek-donuk,https://www.migros.com.tr/rest/search/screens/meze-hazir-yemek-donuk-c-7d?reid=1778323061038000001&sayfa=1
20000017550114,Migros Hızlı Dondurulmuş Mantı 450 G,39.95,39.95,True,https://images.migrosone.com/sanalmarket/product/17550114/17550114_1-644df2-105x105.jpg,Migros,PIECE,Mantı,,meze-hazir-yemek-donuk,https://www.migros.com.tr/rest/search/screens/meze-hazir-yemek-donuk-c-7d?reid=1778323061038000001&sayfa=1
20000017010052,Migros Hızlı Dondurulmuş Patates 1 Kg,79.95,79.95,True,https://images.migrosone.com/sanalmarket/product/17010052/17010052_1-fe23eb-105x105.jpg,Migros,PIECE,Dondurulmuş Patates,,meze-hazir-yemek-donuk,https://www.migros.com.tr/rest/search/screens/meze-hazir-yemek-donuk-c-7d?reid=1778323061038000001&sayfa=1
20000017010021,Superfresh Sivri Bamya 450 G,132.97,189.95,True,https://images.migrosone.com/sanalmarket/product/17010021/17010021_1-a8049a-105x105.jpg,Superfresh,PIECE,Dondurulmuş Sebze,"189,95 TL | MİGROSKOP",meze-hazir-yemek-donuk,https://www.migros.com.tr/rest/search/screens/meze-hazir-yemek-donuk-c-7d?reid=1778323061038000001&sayfa=1
20000017010068,Tukaş Dondurulmuş Parmak Patates 2.5 Kg,169.95,169.95,True,https://images.migrosone.com/sanalmarket/product/17010068/17010068_1-8ed27b-105x105.jpg,Tukaş,PIECE,Dondurulmuş Patates,,meze-hazir-yemek-donuk,https://www.migros.com.tr/rest/search/screens/meze-hazir-yemek-donuk-c-7d?reid=1778323061038000001&sayfa=1
20000017011050,SuperFresh Garnitür 450 G,55.97,79.95,True,https://images.migrosone.com/sanalmarket/product/17011050/17011050_1-ebfd29-105x105.jpg,Superfresh,PIECE,Dondurulmuş Sebze,"79,95 TL | MİGROSKOP",meze-hazir-yemek-donuk,https://www.migros.com.tr/rest/search/screens/meze-hazir-yemek-donuk-c-7d?reid=1778323061038000001&sayfa=1
20000005060619,Pizza Mi-Go Karışık Dondurulmuş Pizza 545 G,199.95,199.95,True,https://images.migrosone.com/sanalmarket/product/5060619/5060619-89c102-105x105.jpg,Pizza Mi Go,PIECE,Hazır Pizza,,meze-hazir-yemek-donuk,https://www.migros.com.tr/rest/search/screens/meze-hazir-yemek-donuk-c-7d?reid=1778323061038000001&sayfa=1
20000017555466,Superfresh Kıymalı Pelmeni Mantı 400 G,314.95,314.95,True,https://images.migrosone.com/sanalmarket/product/17555466/17555466_1-292692-105x105.jpg,Superfresh,PIECE,Mantı,,meze-hazir-yemek-donuk,https://www.migros.com.tr/rest/search/screens/meze-hazir-yemek-donuk-c-7d?reid=1778323061038000001&sayfa=1
20000017555939,Superfresh Peynirli Rulo Börek 500 G,139.97,199.95,True,https://images.migrosone.com/sanalmarket/product/17555939/17555939_1-fddae2-105x105.jpg,Superfresh,PIECE,Börek,"199,95 TL | MİGROSKOP",meze-hazir-yemek-donuk,https://www.migros.com.tr/rest/search/screens/meze-hazir-yemek-donuk-c-7d?reid=1778323061038000001&sayfa=1
20000017011080,SuperFresh Süt Mısır 450 G,83.97,119.95,True,https://images.migrosone.com/sanalmarket/product/17011080/17011080_1-d312ab-105x105.jpg,Superfresh,PIECE,Dondurulmuş Sebze,"119,95 TL | MİGROSKOP",meze-hazir-yemek-donuk,https://www.migros.com.tr/rest/search/screens/meze-hazir-yemek-donuk-c-7d?reid=1778323061038000001&sayfa=1
20000017300004,Lavi 4'lü Karışık Orman Meyveleri 400 G,295.75,295.75,True,https://images.migrosone.com/sanalmarket/product/17300004/17300004_1-adb25b-105x105.jpg,Lavi,PIECE,Dondurulmuş Meyve,,meze-hazir-yemek-donuk,https://www.migros.com.tr/rest/search/screens/meze-hazir-yemek-donuk-c-7d?reid=1778323061038000001&sayfa=1
20000009060489,Migros Barbunya Pilaki 400 G,41.95,41.95,True,https://images.migrosone.com/sanalmarket/product/09060489/09060489_1-48f3ab-105x105.jpg,Migros,PIECE,Pratik Yemek,,meze-hazir-yemek-donuk,https://www.migros.com.tr/rest/search/screens/meze-hazir-yemek-donuk-c-7d?reid=1778323061038000001&sayfa=1
20000017555938,Superfresh Ispanaklı Rulo Börek 500 G,139.97,199.95,True,https://images.migrosone.com/sanalmarket/product/17555938/17555938_1-0a3442-105x105.jpg,Superfresh,PIECE,Börek,"199,95 TL | MİGROSKOP",meze-hazir-yemek-donuk,https://www.migros.com.tr/rest/search/screens/meze-hazir-yemek-donuk-c-7d?reid=1778323061038000001&sayfa=1
20000025509055,Namet Pişmiş Döner 250 G,279.95,279.95,True,https://images.migrosone.com/sanalmarket/product/25509055/25509055_1-370d5a-105x105.jpg,Namet,PIECE,Pişmeye Hazır Kırmızı Et,,meze-hazir-yemek-donuk,https://www.migros.com.tr/rest/search/screens/meze-hazir-yemek-donuk-c-7d?reid=1778323061038000001&sayfa=1
20000017555464,SuperFresh Peynirli Kat Kat Börek 400 G,142.95,142.95,True,https://images.migrosone.com/sanalmarket/product/17555464/17555464_1-7e9261-105x105.jpg,Superfresh,PIECE,Börek,,meze-hazir-yemek-donuk,https://www.migros.com.tr/rest/search/screens/meze-hazir-yemek-donuk-c-7d?reid=1778323061038000001&sayfa=1
20000017014774,SuperFresh Soğan Halkası Gurme 450 G,97.97,139.95,True,https://images.migrosone.com/sanalmarket/product/17014774/17014774_1-caae91-105x105.jpg,Superfresh,PIECE,Diğer Dondurulmuş Gıda,"139,95 TL | MİGROSKOP",meze-hazir-yemek-donuk,https://www.migros.com.tr/rest/search/screens/meze-hazir-yemek-donuk-c-7d?reid=1778323061038000001&sayfa=1
20000019008771,Dardanel Sushida Philadelphia Roll 205 G,296.25,395.0,True,https://images.migrosone.com/sanalmarket/product/19008771/19008771_1-91fbec-105x105.jpg,Sushida,PIECE,Pratik Yemek,"395,00 TL | MİGROSKOP",meze-hazir-yemek-donuk,https://www.migros.com.tr/rest/search/screens/meze-hazir-yemek-donuk-c-7d?reid=1778323061038000001&sayfa=1
20000017555940,Superfresh Patatesli Rulo Börek 500 G,139.97,199.95,True,https://images.migrosone.com/sanalmarket/product/17555940/17555940_1-db7382-105x105.jpg,Superfresh,PIECE,Börek,"199,95 TL | MİGROSKOP",meze-hazir-yemek-donuk,https://www.migros.com.tr/rest/search/screens/meze-hazir-yemek-donuk-c-7d?reid=1778323061038000001&sayfa=1
20000017011048,SuperFresh İnce Çıtır Patates 1 Kg,239.95,239.95,True,https://images.migrosone.com/sanalmarket/product/17011048/17011048_1-995790-105x105.jpg,Superfresh,PIECE,Dondurulmuş Patates,,meze-hazir-yemek-donuk,https://www.migros.com.tr/rest/search/screens/meze-hazir-yemek-donuk-c-7d?reid=1778323061038000001&sayfa=2
20000019005809,Dardanel Sushida Somon Special Mix 200 G,296.25,395.0,True,https://images.migrosone.com/sanalmarket/product/19005809/19005809_1-fbfd5e-105x105.jpg,Sushida,PIECE,Pratik Yemek,"395,00 TL | MİGROSKOP",meze-hazir-yemek-donuk,https://www.migros.com.tr/rest/search/screens/meze-hazir-yemek-donuk-c-7d?reid=1778323061038000001&sayfa=2
20000009060005,Tat Barbunya Pilaki 400 G,62.97,89.95,True,https://images.migrosone.com/sanalmarket/product/9060005/9060005-94b2b8-105x105.jpg,Tat,PIECE,Pratik Yemek,"89,95 TL | MİGROSKOP",meze-hazir-yemek-donuk,https://www.migros.com.tr/rest/search/screens/meze-hazir-yemek-donuk-c-7d?reid=1778323061038000001&sayfa=2
20000017550093,Simit Sarayı Simit 400 G,114.95,114.95,True,https://images.migrosone.com/sanalmarket/product/17550093/17550093-c3cb28-105x105.jpg,Simit Sarayı,PIECE,Diğer Dondurulmuş Gıda,,meze-hazir-yemek-donuk,https://www.migros.com.tr/rest/search/screens/meze-hazir-yemek-donuk-c-7d?reid=1778323061038000001&sayfa=2
20000019000896,Atom Meze Kg,880.0,880.0,True,https://images.migrosone.com/sanalmarket/product/19000896/19000896-871261-105x105.jpg,Reyondan,GRAM,Soğuk Meze,,meze-hazir-yemek-donuk,https://www.migros.com.tr/rest/search/screens/meze-hazir-yemek-donuk-c-7d?reid=1778323061038000001&sayfa=2
20000017300003,Lavi 3'lü Karışık Orman Meyveleri 400 G,295.75,295.75,True,https://images.migrosone.com/sanalmarket/product/17300003/17300003_1-315ff4-105x105.jpg,Lavi,PIECE,Dondurulmuş Meyve,,meze-hazir-yemek-donuk,https://www.migros.com.tr/rest/search/screens/meze-hazir-yemek-donuk-c-7d?reid=1778323061038000001&sayfa=2
20000009060484,Tat Vişneli Zeytinyağlı Yaprak Sarma 200 G,94.47,134.95,True,https://images.migrosone.com/sanalmarket/product/09060484/09060484_1-a5b176-105x105.jpg,Tat,PIECE,Pratik Yemek,"134,95 TL | MİGROSKOP",meze-hazir-yemek-donuk,https://www.migros.com.tr/rest/search/screens/meze-hazir-yemek-donuk-c-7d?reid=1778323061038000001&sayfa=2
20000017550094,Simit Sarayı Kaşarlı Dopdolu Simit 360 G,174.95,174.95,True,https://images.migrosone.com/sanalmarket/product/17550094/17550094-a79427-105x105.jpg,Simit Sarayı,PIECE,Diğer Dondurulmuş Gıda,,meze-hazir-yemek-donuk,https://www.migros.com.tr/rest/search/screens/meze-hazir-yemek-donuk-c-7d?reid=1778323061038000001&sayfa=2
20000019000710,Beypazarı Yaprak Sarma Kg ,920.0,920.0,True,https://images.migrosone.com/sanalmarket/product/19000710/19000710-53f492-105x105.jpg,Reyondan,GRAM,Soğuk Meze,,meze-hazir-yemek-donuk,https://www.migros.com.tr/rest/search/screens/meze-hazir-yemek-donuk-c-7d?reid=1778323061038000001&sayfa=2
20000019000785,İçli Köfte Adet,69.0,69.0,True,https://images.migrosone.com/sanalmarket/product/19000785/19000785-1d4aff-105x105.jpg,Reyondan,PIECE,Soğuk Meze,,meze-hazir-yemek-donuk,https://www.migros.com.tr/rest/search/screens/meze-hazir-yemek-donuk-c-7d?reid=1778323061038000001&sayfa=2
20000017300015,Lavi Sason Çileği 400 G,193.75,193.75,True,https://images.migrosone.com/sanalmarket/product/17300015/17300015_1-7e12a9-105x105.jpg,Lavi,PIECE,Dondurulmuş Meyve,,meze-hazir-yemek-donuk,https://www.migros.com.tr/rest/search/screens/meze-hazir-yemek-donuk-c-7d?reid=1778323061038000001&sayfa=2
20000017300021,Lavi Canlandıran Meyveler 400 G,295.75,295.75,True,https://images.migrosone.com/sanalmarket/product/17300021/17300021_1-0a2e10-105x105.jpg,Lavi,PIECE,Dondurulmuş Meyve,,meze-hazir-yemek-donuk,https://www.migros.com.tr/rest/search/screens/meze-hazir-yemek-donuk-c-7d?reid=1778323061038000001&sayfa=2
20000005020104,Knorr Hazır Çorba Şehriyeli Tavuk 4 Kişilik  51 G,48.95,48.95,True,https://images.migrosone.com/sanalmarket/product/05020104/5020104_1-c17e14-105x105.jpg,Knorr,PIECE,Pratik Yemek,,meze-hazir-yemek-donuk,https://www.migros.com.tr/rest/search/screens/meze-hazir-yemek-donuk-c-7d?reid=1778323061038000001&sayfa=2
20000017014578,Feast Gurme Soğan Halka 450 G,139.95,139.95,True,https://images.migrosone.com/sanalmarket/product/17014578/17014578_1-a2db3a-105x105.jpg,Feast,PIECE,Diğer Dondurulmuş Gıda,,meze-hazir-yemek-donuk,https://www.migros.com.tr/rest/search/screens/meze-hazir-yemek-donuk-c-7d?reid=1778323061038000001&sayfa=2
20000019009857,Gurumen Cevizli Çiğ Köfte 350 G,141.25,141.25,True,https://images.migrosone.com/sanalmarket/product/19009857/19009857-05937c-105x105.jpg,Gurumen,PIECE,Paketli Meze,,meze-hazir-yemek-donuk,https://www.migros.com.tr/rest/search/screens/meze-hazir-yemek-donuk-c-7d?reid=1778323061038000001&sayfa=2
20000017014751,Superfresh Brüksel Lahanası 450 G,87.47,124.95,True,https://images.migrosone.com/sanalmarket/product/17014751/17014751-79a101-105x105.jpg,Superfresh,PIECE,Dondurulmuş Sebze,"124,95 TL | MİGROSKOP",meze-hazir-yemek-donuk,https://www.migros.com.tr/rest/search/screens/meze-hazir-yemek-donuk-c-7d?reid=1778323061038000001&sayfa=2
20000017010058,Migros Hızlı Dondurulmuş Bezelye 450 G,45.0,45.0,True,https://images.migrosone.com/sanalmarket/product/17010058/17010058_1-4e4fbc-105x105.jpg,Migros,PIECE,Dondurulmuş Sebze,,meze-hazir-yemek-donuk,https://www.migros.com.tr/rest/search/screens/meze-hazir-yemek-donuk-c-7d?reid=1778323061038000001&sayfa=2
20000009062109,Tat Zeytinyağlı Fasulye 380 G,69.97,99.95,True,https://images.migrosone.com/sanalmarket/product/09062109/09062109-179d99-105x105.jpg,Tat,PIECE,Pratik Yemek,"99,95 TL | MİGROSKOP",meze-hazir-yemek-donuk,https://www.migros.com.tr/rest/search/screens/meze-hazir-yemek-donuk-c-7d?reid=1778323061038000001&sayfa=2
20000005020118,Knorr Çabuk Çorba Kıtırlı Kremalı Mantar 19 G,20.95,20.95,True,https://images.migrosone.com/sanalmarket/product/05020118/05020118_1-82fd3f-105x105.jpg,Knorr,PIECE,Pratik Yemek,,meze-hazir-yemek-donuk,https://www.migros.com.tr/rest/search/screens/meze-hazir-yemek-donuk-c-7d?reid=1778323061038000001&sayfa=2
20000017555682,Nelipide Lahmacun 5 Adet 500 G,264.95,264.95,True,https://images.migrosone.com/sanalmarket/product/17555682/17555682_1-e2c235-105x105.jpg,Nelipide,PIECE,Pide & Lahmacun,,meze-hazir-yemek-donuk,https://www.migros.com.tr/rest/search/screens/meze-hazir-yemek-donuk-c-7d?reid=1778323061038000001&sayfa=2
20000017010059,Migros Hızlı Dondurulmuş Mısır 450 G,55.0,55.0,True,https://images.migrosone.com/sanalmarket/product/17010059/17010059_1-3e051e-105x105.jpg,Migros,PIECE,Dondurulmuş Sebze,,meze-hazir-yemek-donuk,https://www.migros.com.tr/rest/search/screens/meze-hazir-yemek-donuk-c-7d?reid=1778323061038000001&sayfa=2
20000019009130,Mr. No Etsiz Çiğ Köfte Dürüm 180 G,99.0,99.0,True,https://images.migrosone.com/sanalmarket/product/19009130/19009130-3babb6-105x105.jpg,Mr. No,PIECE,Paketli Meze,,meze-hazir-yemek-donuk,https://www.migros.com.tr/rest/search/screens/meze-hazir-yemek-donuk-c-7d?reid=1778323061038000001&sayfa=2
20000009060486,Migros Ekstra Zeytinyağlı Sumaklı Kuru Patlıcan Dolması 200 G,89.95,89.95,True,https://images.migrosone.com/sanalmarket/product/09060486/09060486_1-a7d44b-105x105.jpg,Migros Ekstra,PIECE,Pratik Yemek,,meze-hazir-yemek-donuk,https://www.migros.com.tr/rest/search/screens/meze-hazir-yemek-donuk-c-7d?reid=1778323061038000001&sayfa=2
20000019005794,Gurumen Peynir Dolgulu Makedon Biber 290 G,159.95,159.95,True,https://images.migrosone.com/sanalmarket/product/19005794/19005794_1-3b3f43-105x105.jpg,Gurumen,PIECE,Paketli Meze,,meze-hazir-yemek-donuk,https://www.migros.com.tr/rest/search/screens/meze-hazir-yemek-donuk-c-7d?reid=1778323061038000001&sayfa=2
20000046021206,Burcu Yaprak Sarma 400 G,149.95,149.95,True,https://images.migrosone.com/sanalmarket/product/46021206/46021206_1-8c278f-105x105.jpg,Burcu,PIECE,Pratik Yemek,,meze-hazir-yemek-donuk,https://www.migros.com.tr/rest/search/screens/meze-hazir-yemek-donuk-c-7d?reid=1778323061038000001&sayfa=2
20000009112209,Yayla Salata Hazır Ekşi Miks 120 G,76.95,76.95,True,https://images.migrosone.com/sanalmarket/product/09112209/09112209-1a1e1b-105x105.jpg,Yayla,PIECE,Pratik Yemek,,meze-hazir-yemek-donuk,https://www.migros.com.tr/rest/search/screens/meze-hazir-yemek-donuk-c-7d?reid=1778323061038000001&sayfa=2
20000017555643,Superfresh Pizza King 4'lü 780 G,349.95,349.95,True,https://images.migrosone.com/sanalmarket/product/17555643/17555643_1-191af4-105x105.jpg,Superfresh,PIECE,Hazır Pizza,,meze-hazir-yemek-donuk,https://www.migros.com.tr/rest/search/screens/meze-hazir-yemek-donuk-c-7d?reid=1778323061038000001&sayfa=2
20000019000727,Havuc Tarator Kg ,880.0,880.0,True,https://images.migrosone.com/sanalmarket/product/19000727/19000727-f79032-105x105.jpg,Reyondan,GRAM,Soğuk Meze,,meze-hazir-yemek-donuk,https://www.migros.com.tr/rest/search/screens/meze-hazir-yemek-donuk-c-7d?reid=1778323061038000001&sayfa=2
20000019000705,Arnavut Ciğeri Kg,1719.0,1719.0,True,https://images.migrosone.com/sanalmarket/product/19000705/19000705-bf61b6-105x105.jpg,Reyondan,GRAM,Soğuk Meze,,meze-hazir-yemek-donuk,https://www.migros.com.tr/rest/search/screens/meze-hazir-yemek-donuk-c-7d?reid=1778323061038000001&sayfa=2
20000019000786,Lavaş 5'li Adet,78.0,78.0,True,https://images.migrosone.com/sanalmarket/product/19000786/19000786-6c5734-105x105.jpg,Reyondan,PIECE,Soğuk Meze,,meze-hazir-yemek-donuk,https://www.migros.com.tr/rest/search/screens/meze-hazir-yemek-donuk-c-7d?reid=1778323061038000001&sayfa=2
20000005025370,Knorr Hazır Çorba Kremalı Domates 4 Kişilik 69 G,48.95,48.95,True,https://images.migrosone.com/sanalmarket/product/05025370/5025370_1-55dfeb-105x105.jpg,Knorr,PIECE,Pratik Yemek,,meze-hazir-yemek-donuk,https://www.migros.com.tr/rest/search/screens/meze-hazir-yemek-donuk-c-7d?reid=1778323061038000001&sayfa=3
20000005020052,Knorr Hazır Çorba Ezogelin 74 G,48.95,48.95,True,https://images.migrosone.com/sanalmarket/product/05020052/5020052-69862e-105x105.jpg,Knorr,PIECE,Pratik Yemek,,meze-hazir-yemek-donuk,https://www.migros.com.tr/rest/search/screens/meze-hazir-yemek-donuk-c-7d?reid=1778323061038000001&sayfa=3
20000025030177,Erşan Pişmiş Dana Döner 250 G,279.95,279.95,True,https://images.migrosone.com/sanalmarket/product/25030177/25030177_1-161d5f-105x105.jpg,Erşan,PIECE,Pişmeye Hazır Kırmızı Et,,meze-hazir-yemek-donuk,https://www.migros.com.tr/rest/search/screens/meze-hazir-yemek-donuk-c-7d?reid=1778323061038000001&sayfa=3
20000009060496,Yayla Keten Tohumlu Salata Toping 150 G,65.95,65.95,True,https://images.migrosone.com/sanalmarket/product/09060496/09060496_1-a126b9-105x105.jpeg,Yayla,PIECE,Pratik Yemek,,meze-hazir-yemek-donuk,https://www.migros.com.tr/rest/search/screens/meze-hazir-yemek-donuk-c-7d?reid=1778323061038000001&sayfa=3
20000017550072,Pek Food Üçgen Gurme Mantı 350 G,199.95,199.95,True,https://images.migrosone.com/sanalmarket/product/17550072/17550072-67bbd1-105x105.jpg,Pek Food,PIECE,Mantı,,meze-hazir-yemek-donuk,https://www.migros.com.tr/rest/search/screens/meze-hazir-yemek-donuk-c-7d?reid=1778323061038000001&sayfa=3
20000017011046,SuperFresh Elma Dilim Patates 1 Kg,239.95,239.95,True,https://images.migrosone.com/sanalmarket/product/17011046/17011046_1-a78c13-105x105.jpg,Superfresh,PIECE,Dondurulmuş Patates,,meze-hazir-yemek-donuk,https://www.migros.com.tr/rest/search/screens/meze-hazir-yemek-donuk-c-7d?reid=1778323061038000001&sayfa=3
20000017555474,Çengelköy Börekçisi Peynirli Kol Böreği 500 G,269.95,269.95,True,https://images.migrosone.com/sanalmarket/product/17555474/17555474_1-c584b0-105x105.jpg,Çengelköy Börekçisi,PIECE,Börek,,meze-hazir-yemek-donuk,https://www.migros.com.tr/rest/search/screens/meze-hazir-yemek-donuk-c-7d?reid=1778323061038000001&sayfa=3
20000005020100,Knorr Hazır Çorba Kremalı Mantar 4 Kişilik 63 G,48.95,48.95,True,https://images.migrosone.com/sanalmarket/product/05020100/5020100_1-d6b0e9-105x105.jpg,Knorr,PIECE,Pratik Yemek,,meze-hazir-yemek-donuk,https://www.migros.com.tr/rest/search/screens/meze-hazir-yemek-donuk-c-7d?reid=1778323061038000001&sayfa=3
20000019000767,Yaprak Sarma Kg ,861.0,861.0,True,https://images.migrosone.com/sanalmarket/product/19000767/19000767-8bacf9-105x105.jpg,Reyondan,GRAM,Soğuk Meze,,meze-hazir-yemek-donuk,https://www.migros.com.tr/rest/search/screens/meze-hazir-yemek-donuk-c-7d?reid=1778323061038000001&sayfa=3
20000005020315,Fide Kemik Sulu Kelle Paça Çorbası 480 Ml,149.95,149.95,True,https://images.migrosone.com/sanalmarket/product/05020315/05020315-48fffe-105x105.jpg,Fide,PIECE,Pratik Yemek,2 Al 1 Öde,meze-hazir-yemek-donuk,https://www.migros.com.tr/rest/search/screens/meze-hazir-yemek-donuk-c-7d?reid=1778323061038000001&sayfa=3
20000005020051,Knorr Yayla Çorbası 72 G,48.95,48.95,True,https://images.migrosone.com/sanalmarket/product/05020051/5020051_1-cb7fb9-105x105.jpg,Knorr,PIECE,Pratik Yemek,,meze-hazir-yemek-donuk,https://www.migros.com.tr/rest/search/screens/meze-hazir-yemek-donuk-c-7d?reid=1778323061038000001&sayfa=3
20000017014581,Feast Patates İnce Çubuk 1 Kg,254.95,254.95,True,https://images.migrosone.com/sanalmarket/product/17014581/17014581_1-f73f9e-105x105.jpg,Feast,PIECE,Dondurulmuş Patates,,meze-hazir-yemek-donuk,https://www.migros.com.tr/rest/search/screens/meze-hazir-yemek-donuk-c-7d?reid=1778323061038000001&sayfa=3
20000019000701,Acılı Ezme Kg ,730.0,730.0,True,https://images.migrosone.com/sanalmarket/product/19000701/19000701-4d83ea-105x105.jpg,Reyondan,GRAM,Soğuk Meze,,meze-hazir-yemek-donuk,https://www.migros.com.tr/rest/search/screens/meze-hazir-yemek-donuk-c-7d?reid=1778323061038000001&sayfa=3
20000019000728,Haydari Kg ,880.0,880.0,True,https://images.migrosone.com/sanalmarket/product/19000728/19000728-bb1922-105x105.jpg,Reyondan,GRAM,Soğuk Meze,,meze-hazir-yemek-donuk,https://www.migros.com.tr/rest/search/screens/meze-hazir-yemek-donuk-c-7d?reid=1778323061038000001&sayfa=3
20000017300001,Lavi Böğürtlen 400 G,244.75,244.75,True,https://images.migrosone.com/sanalmarket/product/17300001/17300001_1-7001d1-105x105.jpg,Lavi,PIECE,Dondurulmuş Meyve,,meze-hazir-yemek-donuk,https://www.migros.com.tr/rest/search/screens/meze-hazir-yemek-donuk-c-7d?reid=1778323061038000001&sayfa=3
20000017011030,SuperFresh Barbunya 450 G,219.95,219.95,True,https://images.migrosone.com/sanalmarket/product/17011030/17011030_1-ed9367-105x105.jpg,Superfresh,PIECE,Dondurulmuş Sebze,,meze-hazir-yemek-donuk,https://www.migros.com.tr/rest/search/screens/meze-hazir-yemek-donuk-c-7d?reid=1778323061038000001&sayfa=3
20000019008773,Dardanel Sushida California Roll 205 G,296.25,395.0,True,https://images.migrosone.com/sanalmarket/product/19008773/19008773_1-36bbb0-105x105.jpg,Sushida,PIECE,Pratik Yemek,"395,00 TL | MİGROSKOP",meze-hazir-yemek-donuk,https://www.migros.com.tr/rest/search/screens/meze-hazir-yemek-donuk-c-7d?reid=1778323061038000001&sayfa=3
20000005030088,Pastavilla Mac & Cheese Makarna 210G,93.95,93.95,True,https://images.migrosone.com/sanalmarket/product/05030088/05030088-807779-105x105.jpg,Pastavilla,PIECE,Makarna,2 Al 1 Öde,meze-hazir-yemek-donuk,https://www.migros.com.tr/rest/search/screens/meze-hazir-yemek-donuk-c-7d?reid=1778323061038000001&sayfa=3
20000009110037,Yayla Kinoalı Salata Toping 150 G,65.95,65.95,True,https://images.migrosone.com/sanalmarket/product/09110037/09110037_1-6f3ae2-105x105.jpg,Yayla,PIECE,Pratik Yemek,,meze-hazir-yemek-donuk,https://www.migros.com.tr/rest/search/screens/meze-hazir-yemek-donuk-c-7d?reid=1778323061038000001&sayfa=3
20000019000716,Çerkez Tavuğu Kg ,1096.0,1096.0,True,https://images.migrosone.com/sanalmarket/product/19000716/19000716-390608-105x105.jpg,Reyondan,GRAM,Soğuk Meze,,meze-hazir-yemek-donuk,https://www.migros.com.tr/rest/search/screens/meze-hazir-yemek-donuk-c-7d?reid=1778323061038000001&sayfa=3
20000017556264,Pek Food Cevizli Nar Ekşili Lahmacun 400 G,209.95,249.95,True,https://images.migrosone.com/sanalmarket/product/17556264/17556264_1-1dade4-105x105.jpg,Pek Food,PIECE,Pide & Lahmacun,"249,95 TL | MİGROSKOP",meze-hazir-yemek-donuk,https://www.migros.com.tr/rest/search/screens/meze-hazir-yemek-donuk-c-7d?reid=1778323061038000001&sayfa=3
20000025030163,Tire Süt Kooperatifi  Dana Döner 200 G,450.0,450.0,True,https://images.migrosone.com/sanalmarket/product/25030163/25030163_1-8382c2-105x105.jpg,Tire Süt Kooperatifi,PIECE,Pişmeye Hazır Kırmızı Et,,meze-hazir-yemek-donuk,https://www.migros.com.tr/rest/search/screens/meze-hazir-yemek-donuk-c-7d?reid=1778323061038000001&sayfa=3
20000019005761,Dardenia Sushi Daily Premium Somon Mix Adet,695.0,695.0,True,https://images.migrosone.com/sanalmarket/product/19005761/19005761_1-707210-105x105.jpg,Dardenia,PIECE,Pratik Yemek,,meze-hazir-yemek-donuk,https://www.migros.com.tr/rest/search/screens/meze-hazir-yemek-donuk-c-7d?reid=1778323061038000001&sayfa=3
20000005020119,Knorr Çabuk Çorba Kıtırlı Kremalı Tavuk 18 G,20.95,20.95,True,https://images.migrosone.com/sanalmarket/product/05020119/05020119-1c5cdc-105x105.jpg,Knorr,PIECE,Pratik Yemek,,meze-hazir-yemek-donuk,https://www.migros.com.tr/rest/search/screens/meze-hazir-yemek-donuk-c-7d?reid=1778323061038000001&sayfa=3
20000009110040,Knorr Çabuk Çorba Twist Chilli Lime 18 G,20.95,20.95,True,https://images.migrosone.com/sanalmarket/product/09110040/9110040_1-c59506-105x105.jpg,Knorr,PIECE,Pratik Yemek,,meze-hazir-yemek-donuk,https://www.migros.com.tr/rest/search/screens/meze-hazir-yemek-donuk-c-7d?reid=1778323061038000001&sayfa=3
20000009060510,Dardanel Kolajenli Somon Çorba 340 Ml,219.95,219.95,True,https://images.migrosone.com/sanalmarket/product/09060510/09060510_1-c67fbc-105x105.jpg,Dardanel,PIECE,Pratik Yemek,,meze-hazir-yemek-donuk,https://www.migros.com.tr/rest/search/screens/meze-hazir-yemek-donuk-c-7d?reid=1778323061038000001&sayfa=3
20000046021147,Burcu Fasulye Pilaki 400G,59.95,59.95,True,https://images.migrosone.com/sanalmarket/product/46021147/46021147_1-76141a-105x105.jpg,Burcu,PIECE,Pratik Yemek,,meze-hazir-yemek-donuk,https://www.migros.com.tr/rest/search/screens/meze-hazir-yemek-donuk-c-7d?reid=1778323061038000001&sayfa=3
20000009020019,Yurt Kuru Fasulye 400 G,71.95,71.95,True,https://images.migrosone.com/sanalmarket/product/09020019/09020019-3900ee-105x105.jpg,Yurt Konserve,PIECE,Pratik Yemek,,meze-hazir-yemek-donuk,https://www.migros.com.tr/rest/search/screens/meze-hazir-yemek-donuk-c-7d?reid=1778323061038000001&sayfa=3
20000025030290,Gurvita Kuzu İlikli Kemik Suyu 320 Ml,229.95,229.95,True,https://images.migrosone.com/sanalmarket/product/25030290/25030290-d34245-105x105.jpg,Gurvita,PIECE,Sakatat,,meze-hazir-yemek-donuk,https://www.migros.com.tr/rest/search/screens/meze-hazir-yemek-donuk-c-7d?reid=1778323061038000001&sayfa=3
20000005025362,Zel Kemik Sulu İşkembe Çorbası 480 Ml,174.95,174.95,True,https://images.migrosone.com/sanalmarket/product/05025362/05025362-4ce41b-105x105.jpg,Zel,PIECE,Pratik Yemek,,meze-hazir-yemek-donuk,https://www.migros.com.tr/rest/search/screens/meze-hazir-yemek-donuk-c-7d?reid=1778323061038000001&sayfa=3
20000017556018,Embi Boşnak Mantısı 600G,414.95,414.95,True,https://images.migrosone.com/sanalmarket/product/17556018/17556018_1-8c47aa-105x105.jpeg,Embi,PIECE,Mantı,,meze-hazir-yemek-donuk,https://www.migros.com.tr/rest/search/screens/meze-hazir-yemek-donuk-c-7d?reid=1778323061038000001&sayfa=4
20000009112218,Zel Kolajenli Anadolu Çorbası 480 Ml,99.95,99.95,True,https://images.migrosone.com/sanalmarket/product/09112218/9112218-7e5207-105x105.jpg,Zel,PIECE,Pratik Yemek,,meze-hazir-yemek-donuk,https://www.migros.com.tr/rest/search/screens/meze-hazir-yemek-donuk-c-7d?reid=1778323061038000001&sayfa=4
20000017570044,Queen's Harvest Belçika Waffle 2x115 G,189.95,189.95,True,https://images.migrosone.com/sanalmarket/product/17570044/17570044-41bd35-105x105.jpg,Queen's Harvest,PIECE,Diğer Dondurulmuş Gıda,,meze-hazir-yemek-donuk,https://www.migros.com.tr/rest/search/screens/meze-hazir-yemek-donuk-c-7d?reid=1778323061038000001&sayfa=4
20000009060006,Yurt Barbunya Pilaki  400 G,84.95,84.95,True,https://images.migrosone.com/sanalmarket/product/09060006/09060006-2d9872-105x105.jpg,Yurt Konserve,PIECE,Pratik Yemek,,meze-hazir-yemek-donuk,https://www.migros.com.tr/rest/search/screens/meze-hazir-yemek-donuk-c-7d?reid=1778323061038000001&sayfa=4
20000017550002,SuperFresh 7/24 Fırından Gurme Kruvasan 360 G,131.21,174.95,True,https://images.migrosone.com/sanalmarket/product/17550002/17550002_1-783e53-105x105.jpg,Superfresh,PIECE,Diğer Dondurulmuş Gıda,"174,95 TL | MİGROSKOP",meze-hazir-yemek-donuk,https://www.migros.com.tr/rest/search/screens/meze-hazir-yemek-donuk-c-7d?reid=1778323061038000001&sayfa=4
20000017014768,Muti Dondurulmuş Biber Şerit Mix 450G,89.95,89.95,True,https://images.migrosone.com/sanalmarket/product/17014768/17014768-f0b3e2-105x105.jpg,Muti Gıda,PIECE,Dondurulmuş Sebze,,meze-hazir-yemek-donuk,https://www.migros.com.tr/rest/search/screens/meze-hazir-yemek-donuk-c-7d?reid=1778323061038000001&sayfa=4
20000019000741,Mantar Salatası Kg ,1030.0,1030.0,True,https://images.migrosone.com/sanalmarket/product/19000741/19000741-68d931-105x105.jpg,Reyondan,GRAM,Soğuk Meze,,meze-hazir-yemek-donuk,https://www.migros.com.tr/rest/search/screens/meze-hazir-yemek-donuk-c-7d?reid=1778323061038000001&sayfa=4
20000017555634,Pınar Rulo Börek Kıymalı Patatesli 500 G,264.95,264.95,True,https://images.migrosone.com/sanalmarket/product/17555634/17555634-c5de8d-105x105.jpg,Pınar,PIECE,Börek,,meze-hazir-yemek-donuk,https://www.migros.com.tr/rest/search/screens/meze-hazir-yemek-donuk-c-7d?reid=1778323061038000001&sayfa=4
20000017550017,Galez Dondurulmuş Antep Fıstıklı Katmer 270 G,249.95,249.95,True,https://images.migrosone.com/sanalmarket/product/17550017/17550017-50846d-105x105.jpg,Galez,PIECE,"Dondurulmuş Pasta, Tatlı",,meze-hazir-yemek-donuk,https://www.migros.com.tr/rest/search/screens/meze-hazir-yemek-donuk-c-7d?reid=1778323061038000001&sayfa=4
20000009060033,Knorr Kemik İlik Suyuna Kelle Paça Çorbası 480 Ml,194.95,194.95,True,https://images.migrosone.com/sanalmarket/product/09060033/09060033_1-73a005-105x105.jpg,Knorr,PIECE,Pratik Yemek,,meze-hazir-yemek-donuk,https://www.migros.com.tr/rest/search/screens/meze-hazir-yemek-donuk-c-7d?reid=1778323061038000001&sayfa=4
20000019000732,İtalyan Salata Kg ,999.0,999.0,True,https://images.migrosone.com/sanalmarket/product/19000732/19000732-2e0e2b-105x105.jpg,Reyondan,GRAM,Soğuk Meze,,meze-hazir-yemek-donuk,https://www.migros.com.tr/rest/search/screens/meze-hazir-yemek-donuk-c-7d?reid=1778323061038000001&sayfa=4
20000005020096,Knorr Çabuk Çorba Crazy Corn 18 G,20.95,20.95,True,https://images.migrosone.com/sanalmarket/product/05020096/5020096-d9f397-105x105.jpg,Knorr,PIECE,Pratik Yemek,,meze-hazir-yemek-donuk,https://www.migros.com.tr/rest/search/screens/meze-hazir-yemek-donuk-c-7d?reid=1778323061038000001&sayfa=4
20000019005741,Yeşil Şef Klasik Humus 200 G,115.5,115.5,True,https://images.migrosone.com/sanalmarket/product/19005741/19005741_1-99b136-105x105.jpg,Yeşil Şef,PIECE,Paketli Meze,,meze-hazir-yemek-donuk,https://www.migros.com.tr/rest/search/screens/meze-hazir-yemek-donuk-c-7d?reid=1778323061038000001&sayfa=4
20000009112131,Yayla Yemek Hazır Kinoalı Bulgur Pilavı 250 G,79.95,79.95,True,https://images.migrosone.com/sanalmarket/product/09112131/9112131-0ceabf-105x105.jpg,Yayla,PIECE,Pratik Yemek,,meze-hazir-yemek-donuk,https://www.migros.com.tr/rest/search/screens/meze-hazir-yemek-donuk-c-7d?reid=1778323061038000001&sayfa=4
20000017572190,Pizza Mi-Go Artizan Füme Kaburga Etli Pizza 525 G,249.95,249.95,True,https://images.migrosone.com/sanalmarket/product/17572190/17572190_1-c04dd8-105x105.jpg,Pizza Mi Go,PIECE,Hazır Pizza,,meze-hazir-yemek-donuk,https://www.migros.com.tr/rest/search/screens/meze-hazir-yemek-donuk-c-7d?reid=1778323061038000001&sayfa=4
20000009060225,Tamek Yaprak Sarma 400 G,111.95,111.95,True,https://images.migrosone.com/sanalmarket/product/09060225/9060225_1-726cad-105x105.jpg,Tamek,PIECE,Pratik Yemek,,meze-hazir-yemek-donuk,https://www.migros.com.tr/rest/search/screens/meze-hazir-yemek-donuk-c-7d?reid=1778323061038000001&sayfa=4
20000019009859,Gurumen Amerikan Salata 200 G,115.25,115.25,True,https://images.migrosone.com/sanalmarket/product/19009859/19009859-382471-105x105.jpg,Gurumen,PIECE,Paketli Meze,,meze-hazir-yemek-donuk,https://www.migros.com.tr/rest/search/screens/meze-hazir-yemek-donuk-c-7d?reid=1778323061038000001&sayfa=4
20000017550083,Tazedo Pelmeni Mantı Dana Kıymalı 500 G,299.95,299.95,True,https://images.migrosone.com/sanalmarket/product/17550083/17550083-4659a9-105x105.jpeg,Tazedo,PIECE,Mantı,,meze-hazir-yemek-donuk,https://www.migros.com.tr/rest/search/screens/meze-hazir-yemek-donuk-c-7d?reid=1778323061038000001&sayfa=4
20000005025393,Knorr Şehriyeli Tavuklu Domates Çorbası 67 G,48.95,48.95,True,https://images.migrosone.com/sanalmarket/product/05025393/5025393_1-90c62d-105x105.jpg,Knorr,PIECE,Pratik Yemek,,meze-hazir-yemek-donuk,https://www.migros.com.tr/rest/search/screens/meze-hazir-yemek-donuk-c-7d?reid=1778323061038000001&sayfa=4
20000019007961,Mr. No Gurme Mozarella Jambon 145 G,265.0,265.0,True,https://images.migrosone.com/sanalmarket/product/19007961/19007961-b274d1-105x105.jpg,Mr. No,PIECE,Paketli Sandviç,,meze-hazir-yemek-donuk,https://www.migros.com.tr/rest/search/screens/meze-hazir-yemek-donuk-c-7d?reid=1778323061038000001&sayfa=4
20000009110041,Knorr Çabuk Çorba Twist Cheese Kimchi 18 G,20.95,20.95,True,https://images.migrosone.com/sanalmarket/product/09110041/9110041_1-1e5148-105x105.jpg,Knorr,PIECE,Pratik Yemek,,meze-hazir-yemek-donuk,https://www.migros.com.tr/rest/search/screens/meze-hazir-yemek-donuk-c-7d?reid=1778323061038000001&sayfa=4
20000009062261,Yayla Sebzeli Tavuk Sote 200 G,136.95,136.95,True,https://images.migrosone.com/sanalmarket/product/09062261/09062261-5f1f11-105x105.jpg,Yayla,PIECE,Pratik Yemek,,meze-hazir-yemek-donuk,https://www.migros.com.tr/rest/search/screens/meze-hazir-yemek-donuk-c-7d?reid=1778323061038000001&sayfa=4
20000019005751,Yeşil Şef Fava 200 G,115.5,115.5,True,https://images.migrosone.com/sanalmarket/product/19005751/19005751_1-080197-105x105.jpg,Yeşil Şef,PIECE,Paketli Meze,,meze-hazir-yemek-donuk,https://www.migros.com.tr/rest/search/screens/meze-hazir-yemek-donuk-c-7d?reid=1778323061038000001&sayfa=4
20000017600799,Superfresh Frulove Çikolata Kaplı Frambuaz 130 G,349.95,349.95,True,https://images.migrosone.com/sanalmarket/product/17600799/17600799_1-ba5d85-105x105.jpg,Superfresh,PIECE,"Dondurulmuş Pasta, Tatlı",,meze-hazir-yemek-donuk,https://www.migros.com.tr/rest/search/screens/meze-hazir-yemek-donuk-c-7d?reid=1778323061038000001&sayfa=4
20000019000717,Deniz Börülcesi Kg ,1030.0,1030.0,True,https://images.migrosone.com/sanalmarket/product/19000717/19000717-3b216e-105x105.jpg,Reyondan,GRAM,Soğuk Meze,,meze-hazir-yemek-donuk,https://www.migros.com.tr/rest/search/screens/meze-hazir-yemek-donuk-c-7d?reid=1778323061038000001&sayfa=4
20000009060490,Yayla Salsa Soslu Tavuk 200 G,110.95,110.95,True,https://images.migrosone.com/sanalmarket/product/09060490/09060490_1-60ccd4-105x105.jpg,Yayla,PIECE,Pratik Yemek,,meze-hazir-yemek-donuk,https://www.migros.com.tr/rest/search/screens/meze-hazir-yemek-donuk-c-7d?reid=1778323061038000001&sayfa=4
20000019005762,Dardenia Sushi Daily Trio Mix Adet,625.0,625.0,True,https://images.migrosone.com/sanalmarket/product/19005762/19005762_1-c3a63f-105x105.jpg,Dardenia,PIECE,Pratik Yemek,,meze-hazir-yemek-donuk,https://www.migros.com.tr/rest/search/screens/meze-hazir-yemek-donuk-c-7d?reid=1778323061038000001&sayfa=4
20000017300231,Lavi Nar 400 G,239.95,239.95,True,https://images.migrosone.com/sanalmarket/product/17300231/17300231_1-ec9cf5-105x105.jpeg,Lavi,PIECE,Dondurulmuş Meyve,,meze-hazir-yemek-donuk,https://www.migros.com.tr/rest/search/screens/meze-hazir-yemek-donuk-c-7d?reid=1778323061038000001&sayfa=4
20000009112210,Yayla Salata Hazır Acı Miks 120 G,76.95,76.95,True,https://images.migrosone.com/sanalmarket/product/09112210/09112210-02e594-105x105.jpg,Yayla,PIECE,Pratik Yemek,,meze-hazir-yemek-donuk,https://www.migros.com.tr/rest/search/screens/meze-hazir-yemek-donuk-c-7d?reid=1778323061038000001&sayfa=4
20000009110154,Yayla Köri Soslu Tavuk 200 G,120.95,120.95,True,https://images.migrosone.com/sanalmarket/product/09110154/09110154_1-d17d77-105x105.jpg,Yayla,PIECE,Pratik Yemek,,meze-hazir-yemek-donuk,https://www.migros.com.tr/rest/search/screens/meze-hazir-yemek-donuk-c-7d?reid=1778323061038000001&sayfa=4
20000025500050,Kemsan İlikli Kemik Suyu 105 Ml,37.95,37.95,True,https://images.migrosone.com/sanalmarket/product/25500050/25500050_1-a9e09d-105x105.jpg,Kemsan,PIECE,Sakatat,,meze-hazir-yemek-donuk,https://www.migros.com.tr/rest/search/screens/meze-hazir-yemek-donuk-c-7d?reid=1778323061038000001&sayfa=5
20000019000735,Kadınbudu Köfte Kg ,1310.0,1310.0,True,https://images.migrosone.com/sanalmarket/product/19000735/19000735-747420-105x105.jpg,Reyondan,GRAM,Soğuk Meze,,meze-hazir-yemek-donuk,https://www.migros.com.tr/rest/search/screens/meze-hazir-yemek-donuk-c-7d?reid=1778323061038000001&sayfa=5
20000009024296,Yayla Etli Kuru Fasulye 250 G,152.95,152.95,True,https://images.migrosone.com/sanalmarket/product/09024296/9024296-bf5189-105x105.jpg,Yayla,PIECE,Pratik Yemek,,meze-hazir-yemek-donuk,https://www.migros.com.tr/rest/search/screens/meze-hazir-yemek-donuk-c-7d?reid=1778323061038000001&sayfa=5
20000017552510,Dr.Oetker Ristorante Mini Pizza Mozzarella 560 G,329.95,329.95,True,https://images.migrosone.com/sanalmarket/product/17552510/17552510-a3f77f-105x105.jpg,Dr.Oetker,PIECE,Hazır Pizza,,meze-hazir-yemek-donuk,https://www.migros.com.tr/rest/search/screens/meze-hazir-yemek-donuk-c-7d?reid=1778323061038000001&sayfa=5
20000019000789,Salamura Yaprak  Kg,475.0,475.0,True,https://images.migrosone.com/sanalmarket/product/19000789/19000789-09d097-105x105.jpg,Reyondan,GRAM,Soğuk Meze,,meze-hazir-yemek-donuk,https://www.migros.com.tr/rest/search/screens/meze-hazir-yemek-donuk-c-7d?reid=1778323061038000001&sayfa=5
20000005025018,Bizim Mutfak Ezogelin Çorbası 80 G,41.95,41.95,True,https://images.migrosone.com/sanalmarket/product/05025018/05025018-4305dc-105x105.jpg,Bizim,PIECE,Pratik Yemek,,meze-hazir-yemek-donuk,https://www.migros.com.tr/rest/search/screens/meze-hazir-yemek-donuk-c-7d?reid=1778323061038000001&sayfa=5
20000017011078,SuperFresh Patates Kroket 450 G,114.95,114.95,True,https://images.migrosone.com/sanalmarket/product/17011078/17011078_1-ede3d0-105x105.jpg,Superfresh,PIECE,Diğer Dondurulmuş Gıda,,meze-hazir-yemek-donuk,https://www.migros.com.tr/rest/search/screens/meze-hazir-yemek-donuk-c-7d?reid=1778323061038000001&sayfa=5
20000025030087,Tire Süt Kooperatifi Kooperatifi Tire Şiş Köfte 250 G,450.0,450.0,True,https://images.migrosone.com/sanalmarket/product/25030087/25030087_1-487082-105x105.jpeg,Tire Süt Kooperatifi,PIECE,Pişmeye Hazır Kırmızı Et,,meze-hazir-yemek-donuk,https://www.migros.com.tr/rest/search/screens/meze-hazir-yemek-donuk-c-7d?reid=1778323061038000001&sayfa=5
20000019004261,Dardanel Sushida California Onigiri 125 G,195.0,195.0,True,https://images.migrosone.com/sanalmarket/product/19004261/19004261_1-f2d993-105x105.jpg,Sushida,PIECE,Pratik Yemek,,meze-hazir-yemek-donuk,https://www.migros.com.tr/rest/search/screens/meze-hazir-yemek-donuk-c-7d?reid=1778323061038000001&sayfa=5
20000019000488,Dardanel Sushida Karidesli Onigiri 125 G,195.0,195.0,True,https://images.migrosone.com/sanalmarket/product/19000488/19000488_1-1aa4f8-105x105.jpg,Sushida,PIECE,Pratik Yemek,,meze-hazir-yemek-donuk,https://www.migros.com.tr/rest/search/screens/meze-hazir-yemek-donuk-c-7d?reid=1778323061038000001&sayfa=5
20000005020110,Knorr Hazır Çorba Mercimek 76 G,48.95,48.95,True,https://images.migrosone.com/sanalmarket/product/05020110/5020110_1-a7200d-105x105.jpg,Knorr,PIECE,Pratik Yemek,,meze-hazir-yemek-donuk,https://www.migros.com.tr/rest/search/screens/meze-hazir-yemek-donuk-c-7d?reid=1778323061038000001&sayfa=5
20000017555956,Superfresh 7/24 Fırından Sade Poğaça 420 G,134.96,179.95,True,https://images.migrosone.com/sanalmarket/product/17555956/17555956_1-822ca8-105x105.jpg,Superfresh,PIECE,Diğer Dondurulmuş Gıda,"179,95 TL | MİGROSKOP",meze-hazir-yemek-donuk,https://www.migros.com.tr/rest/search/screens/meze-hazir-yemek-donuk-c-7d?reid=1778323061038000001&sayfa=5
20000019005792,Gurumen Peynir Dolgulu Kiraz Biber 290 G,159.95,159.95,True,https://images.migrosone.com/sanalmarket/product/19005792/19005792_1-6b06b3-105x105.jpg,Gurumen,PIECE,Paketli Meze,,meze-hazir-yemek-donuk,https://www.migros.com.tr/rest/search/screens/meze-hazir-yemek-donuk-c-7d?reid=1778323061038000001&sayfa=5
20000019000703,Amerikan Salatası Kg ,779.0,779.0,True,https://images.migrosone.com/sanalmarket/product/19000703/19000703-473043-105x105.jpg,Reyondan,GRAM,Soğuk Meze,,meze-hazir-yemek-donuk,https://www.migros.com.tr/rest/search/screens/meze-hazir-yemek-donuk-c-7d?reid=1778323061038000001&sayfa=5
20000019000698,Yoğurtlu Cevizli Kabak Salatası Kg ,880.0,880.0,True,https://images.migrosone.com/sanalmarket/product/19000698/19000698-01531d-105x105.jpg,Reyondan,GRAM,Soğuk Meze,,meze-hazir-yemek-donuk,https://www.migros.com.tr/rest/search/screens/meze-hazir-yemek-donuk-c-7d?reid=1778323061038000001&sayfa=5
20000009112133,Yayla Yemek Hazır Nohutlu Bulgur Pilavı 250 G,72.95,72.95,True,https://images.migrosone.com/sanalmarket/product/09112133/9112133-2a3c3e-105x105.jpg,Yayla,PIECE,Pratik Yemek,,meze-hazir-yemek-donuk,https://www.migros.com.tr/rest/search/screens/meze-hazir-yemek-donuk-c-7d?reid=1778323061038000001&sayfa=5
20000017552500,Dr.Oetker Ristorante Mini Pizza Mista 600 G,329.95,329.95,True,https://images.migrosone.com/sanalmarket/product/17552500/17552500-c07708-105x105.jpg,Dr.Oetker,PIECE,Hazır Pizza,,meze-hazir-yemek-donuk,https://www.migros.com.tr/rest/search/screens/meze-hazir-yemek-donuk-c-7d?reid=1778323061038000001&sayfa=5
20000019001041,Gurmepack Tatlı Ekşi Soslu Tavuk & Basmati Pirinç Pilavı 380 G,229.0,229.0,True,https://images.migrosone.com/sanalmarket/product/19001041/19001041_1-7cb175-105x105.jpg,Gurmepack,PIECE,Pratik Yemek,,meze-hazir-yemek-donuk,https://www.migros.com.tr/rest/search/screens/meze-hazir-yemek-donuk-c-7d?reid=1778323061038000001&sayfa=5
20000009062172,Tada Tereyağlı Çayeli Fasulyesi 250 G,102.95,102.95,True,https://images.migrosone.com/sanalmarket/product/9062172/9062172-38caa8-105x105.jpg,Tada,PIECE,Pratik Yemek,,meze-hazir-yemek-donuk,https://www.migros.com.tr/rest/search/screens/meze-hazir-yemek-donuk-c-7d?reid=1778323061038000001&sayfa=5
20000019000883,Çiğ Köfte Seti Orta Boy,320.0,320.0,True,https://images.migrosone.com/sanalmarket/product/19000883/19000883-153efd-105x105.jpg,Gurumen,PIECE,Soğuk Meze,,meze-hazir-yemek-donuk,https://www.migros.com.tr/rest/search/screens/meze-hazir-yemek-donuk-c-7d?reid=1778323061038000001&sayfa=5
20000009024292,Yayla Garnitürlü Pilav 250 G,81.95,81.95,True,https://images.migrosone.com/sanalmarket/product/09024292/9024292-b402a7-105x105.jpg,Yayla,PIECE,Pratik Yemek,,meze-hazir-yemek-donuk,https://www.migros.com.tr/rest/search/screens/meze-hazir-yemek-donuk-c-7d?reid=1778323061038000001&sayfa=5
20000019008770,Dardanel Sushida Tokyo Mix 190 G,296.25,395.0,True,https://images.migrosone.com/sanalmarket/product/19008770/19008770_1-039ea2-105x105.jpg,Sushida,PIECE,Pratik Yemek,"395,00 TL | MİGROSKOP",meze-hazir-yemek-donuk,https://www.migros.com.tr/rest/search/screens/meze-hazir-yemek-donuk-c-7d?reid=1778323061038000001&sayfa=5
20000019000762,Şakşuka Kg ,785.0,785.0,True,https://images.migrosone.com/sanalmarket/product/19000762/19000762-adb14c-105x105.jpg,Reyondan,GRAM,Soğuk Meze,,meze-hazir-yemek-donuk,https://www.migros.com.tr/rest/search/screens/meze-hazir-yemek-donuk-c-7d?reid=1778323061038000001&sayfa=5
20000005020102,Knorr Hazır Çorba Kremalı Tavuk 65 G,48.95,48.95,True,https://images.migrosone.com/sanalmarket/product/05020102/5020102_1-f09160-105x105.jpg,Knorr,PIECE,Pratik Yemek,,meze-hazir-yemek-donuk,https://www.migros.com.tr/rest/search/screens/meze-hazir-yemek-donuk-c-7d?reid=1778323061038000001&sayfa=5
20000017550065,Superfresh Pizza Tost Klasik 200G,114.95,114.95,True,https://images.migrosone.com/sanalmarket/product/17550065/17550065_1-1ef40b-105x105.jpg,Superfresh,PIECE,Hazır Pizza,,meze-hazir-yemek-donuk,https://www.migros.com.tr/rest/search/screens/meze-hazir-yemek-donuk-c-7d?reid=1778323061038000001&sayfa=5
20000009060491,Knorr Ekşili Köfte Çorbası 480 Ml,209.95,209.95,True,https://images.migrosone.com/sanalmarket/product/09060491/09060491_1-25605f-105x105.jpg,Knorr,PIECE,Pratik Yemek,,meze-hazir-yemek-donuk,https://www.migros.com.tr/rest/search/screens/meze-hazir-yemek-donuk-c-7d?reid=1778323061038000001&sayfa=5
20000019000704,Antep Dolma Kg ,999.0,999.0,True,https://images.migrosone.com/sanalmarket/product/19000704/19000704-c473cb-105x105.jpg,Reyondan,GRAM,Soğuk Meze,,meze-hazir-yemek-donuk,https://www.migros.com.tr/rest/search/screens/meze-hazir-yemek-donuk-c-7d?reid=1778323061038000001&sayfa=5
20000017550108,Nelipide Mini Kıymalı Pide 10x40 G,239.95,239.95,True,https://images.migrosone.com/sanalmarket/product/17550108/17550108_1-3a7221-105x105.jpg,Nelipide,PIECE,Pide & Lahmacun,,meze-hazir-yemek-donuk,https://www.migros.com.tr/rest/search/screens/meze-hazir-yemek-donuk-c-7d?reid=1778323061038000001&sayfa=5
20000046021481,Burcu Barbunya Pilaki 400 G,69.95,69.95,True,https://images.migrosone.com/sanalmarket/product/46021481/46021481_1-840002-105x105.jpg,Burcu,PIECE,Pratik Yemek,,meze-hazir-yemek-donuk,https://www.migros.com.tr/rest/search/screens/meze-hazir-yemek-donuk-c-7d?reid=1778323061038000001&sayfa=5
20000017600016,Sweet Heaven Dondurulmuş Glutensiz Çikolatalı Pasta 600 G,419.95,419.95,True,https://images.migrosone.com/sanalmarket/product/17600016/17600016_1-319b39-105x105.jpg,Sweet Heaven,PIECE,"Dondurulmuş Pasta, Tatlı",,meze-hazir-yemek-donuk,https://www.migros.com.tr/rest/search/screens/meze-hazir-yemek-donuk-c-7d?reid=1778323061038000001&sayfa=5
